-1.740983306177727411e-18,0.000000000000000000e+00,0.000000000000000000e+00
1.571208180309666427e-17,-9.367263822765418915e-20,6.898269912750036886e-18
4.989698346927755621e-18,0.000000000000000000e+00,0.000000000000000000e+00
7.778574619527021539e-18,-0.000000000000000000e+00,0.000000000000000000e+00
-1.675558590424564853e-17,0.000000000000000000e+00,0.000000000000000000e+00
-2.059033684314015756e-18,0.000000000000000000e+00,0.000000000000000000e+00
1.147400332969280047e-18,-1.752737687324698695e-18,2.111417701330650436e-17
-6.538845083105216591e-19,0.000000000000000000e+00,0.000000000000000000e+00
-1.655675195369928936e-18,-1.337881198586368224e-17,0.000000000000000000e+00
2.288737084079538384e-17,-5.905870072119406066e-18,-2.450627144714112510e-17
-6.913141605020591230e-18,0.000000000000000000e+00,0.000000000000000000e+00
-1.158407012204721351e-17,-5.067624698855004160e-18,1.015274320082765815e-17
8.856622580762616625e-18,0.000000000000000000e+00,0.000000000000000000e+00
-5.277105332126931767e-18,-2.448341185205055217e-17,0.000000000000000000e+00
-1.972179770460708079e-18,0.000000000000000000e+00,0.000000000000000000e+00
5.260155340665594816e-18,6.951479908545460997e-18,-8.012126213160840338e-18
-5.752672409441031204e-18,0.000000000000000000e+00,0.000000000000000000e+00
-1.417789310476263048e-19,-3.891669294101643319e-17,-1.998718558762128406e-17
-9.511956760798565020e-18,4.206650798390099083e-18,-2.121801762428400544e-17
-1.812131837017520740e-17,-1.534567200608698530e-18,-2.358133979708714104e-17
-1.426185423393302955e-18,-3.260057051935243842e-18,-3.454386565665591346e-18
3.330614356777760225e-19,0.000000000000000000e+00,0.000000000000000000e+00
5.549902214079826589e-18,0.000000000000000000e+00,0.000000000000000000e+00
8.001880993150267404e-18,0.000000000000000000e+00,-0.000000000000000000e+00
7.357625886714084211e-19,0.000000000000000000e+00,0.000000000000000000e+00
-8.652908592415610912e-20,9.264680567069024246e-18,4.629764890106047828e-17
-1.944546061384576991e-17,1.249148692514685139e-18,-1.331318361619525522e-17
1.888119076709756519e-18,-1.242612604848600597e-17,-2.582859656042932223e-17
7.728941802216171436e-18,0.000000000000000000e+00,0.000000000000000000e+00
1.205068844909284632e-18,0.000000000000000000e+00,0.000000000000000000e+00
1.632432791835339211e-18,0.000000000000000000e+00,0.000000000000000000e+00
-1.692654207740891259e-17,1.109885019925575262e-18,2.218003862416888309e-17
-7.453420819185453171e-19,-2.466602125685579019e-17,0.000000000000000000e+00
-1.187194877992640262e-17,0.000000000000000000e+00,0.000000000000000000e+00
-8.724874317778538725e-18,6.413353511984171948e-18,0.000000000000000000e+00
-3.703881485289609735e-18,0.000000000000000000e+00,0.000000000000000000e+00
1.053375073906230249e-17,1.342064102490844263e-17,3.459133638071501373e-18
1.832675397127799769e-17,0.000000000000000000e+00,0.000000000000000000e+00
-5.745577175402790998e-18,0.000000000000000000e+00,0.000000000000000000e+00
2.589607698481047875e-19,6.938893903907228378e-18,-0.000000000000000000e+00
-1.145196526858546819e-18,1.272667207324454409e-17,2.526997544208978642e-17
1.030410502044702775e-17,-1.758655211237254456e-18,2.714700587820280040e-18
-2.402204196869749705e-19,0.000000000000000000e+00,0.000000000000000000e+00
1.105588799721299711e-17,1.733687721447792249e-18,0.000000000000000000e+00
-4.008249969511669468e-18,2.706341320009172690e-18,0.000000000000000000e+00
-1.135456525113240526e-17,3.163538745124536575e-18,-2.212915607867961619e-17
-1.034496221488201598e-17,0.000000000000000000e+00,0.000000000000000000e+00
3.448350989534546008e-19,0.000000000000000000e+00,0.000000000000000000e+00
-1.982601772131619867e-18,2.113416817862586372e-17,-9.549516843488849411e-18
4.207451365468196573e-18,0.000000000000000000e+00,0.000000000000000000e+00
-1.627916301579738950e-17,-1.023771403233920465e-19,-6.897478839845209357e-18
-7.336327118522743286e-18,0.000000000000000000e+00,0.000000000000000000e+00
-1.251464842692473425e-18,-0.000000000000000000e+00,0.000000000000000000e+00
3.222863081091899269e-18,-2.775557561562891351e-17,-0.000000000000000000e+00
-1.077988808238382622e-17,0.000000000000000000e+00,0.000000000000000000e+00
1.975072325486895640e-17,-0.000000000000000000e+00,0.000000000000000000e+00
-3.575100732777666880e-19,0.000000000000000000e+00,0.000000000000000000e+00
6.752475618768213633e-18,-3.953638522144743074e-18,-2.459362765315189620e-17
8.098744981662869213e-18,0.000000000000000000e+00,0.000000000000000000e+00
1.908957333051424865e-18,0.000000000000000000e+00,-0.000000000000000000e+00
5.536980906747395688e-18,0.000000000000000000e+00,0.000000000000000000e+00
-1.311931676668269627e-17,1.734723475976807094e-18,0.000000000000000000e+00
-1.890422602873272498e-17,1.311316429015549739e-17,0.000000000000000000e+00
2.094345727623267961e-18,7.032752684600709623e-18,1.133926866074209616e-17
-4.449950408477054679e-18,-1.370590495042312070e-17,6.877727595077306202e-18
4.372769403462497889e-19,-6.871549339429694365e-18,0.000000000000000000e+00
8.965941615190202730e-18,-5.356296891719296308e-18,0.000000000000000000e+00
-7.671546676992780848e-18,4.916222206367271068e-20,6.037863451879140576e-18
3.184111870019347611e-18,0.000000000000000000e+00,0.000000000000000000e+00
-8.601068760720136543e-18,0.000000000000000000e+00,0.000000000000000000e+00
4.925512300978428367e-18,0.000000000000000000e+00,-0.000000000000000000e+00
9.058695255774067974e-19,0.000000000000000000e+00,0.000000000000000000e+00
-4.205028742110369232e-18,-4.445672568664429988e-17,-1.362713027049580035e-17
9.355016524637471469e-18,-4.426120602035027254e-18,1.860549630040051969e-17
-9.733471890785258009e-18,8.915243104602737965e-19,3.073891658176111897e-18
1.412390242852819602e-19,-1.073384075960093544e-19,3.461111651952376076e-18
4.744152586631961042e-18,4.130044438438329584e-19,2.501953357363294543e-17
-6.921457787216058506e-19,0.000000000000000000e+00,-0.000000000000000000e+00
9.737352222185866978e-19,0.000000000000000000e+00,0.000000000000000000e+00
3.609636397836296964e-18,-1.734723475976807094e-18,0.000000000000000000e+00
-7.196523641545614480e-18,0.000000000000000000e+00,-0.000000000000000000e+00
-1.938301503565779521e-19,-2.488481343404551278e-17,0.000000000000000000e+00
1.882210785367103228e-17,-6.876350390319540129e-18,0.000000000000000000e+00
-7.938754104611332099e-18,-0.000000000000000000e+00,0.000000000000000000e+00
-1.306300833996730089e-18,-3.579270225989879139e-18,-5.760185904122115476e-18
1.063841715434772635e-17,0.000000000000000000e+00,-0.000000000000000000e+00
-5.785312168829977019e-18,0.000000000000000000e+00,0.000000000000000000e+00
1.485303933045073368e-17,0.000000000000000000e+00,0.000000000000000000e+00
2.006012579523404640e-18,0.000000000000000000e+00,0.000000000000000000e+00
-1.481532723617416284e-17,-2.775557561562891351e-17,0.000000000000000000e+00
-1.680637413503792521e-19,0.000000000000000000e+00,0.000000000000000000e+00
3.646958666027182251e-18,0.000000000000000000e+00,0.000000000000000000e+00
-1.619679763669016228e-18,0.000000000000000000e+00,0.000000000000000000e+00
7.872118077280098188e-20,0.000000000000000000e+00,0.000000000000000000e+00
-1.762964096647639497e-17,0.000000000000000000e+00,0.000000000000000000e+00
1.129490272301052128e-19,0.000000000000000000e+00,0.000000000000000000e+00
7.462303749658443312e-19,1.162966040947472813e-17,-1.316362326501973562e-17
-1.181055564549288498e-18,1.654280453244716138e-17,-1.842983814643780627e-17
2.505348555713493370e-17,0.000000000000000000e+00,-0.000000000000000000e+00
2.000542503090119313e-17,-0.000000000000000000e+00,0.000000000000000000e+00
4.297574058402313841e-18,0.000000000000000000e+00,0.000000000000000000e+00
-1.715398829926861418e-17,-2.370425985396123030e-17,0.000000000000000000e+00
2.054128423081703886e-17,-2.506498198322864750e-17,0.000000000000000000e+00
-1.402609087134974036e-18,-6.290941700735075069e-18,-2.275376758353087840e-17
1.875961007376568265e-18,0.000000000000000000e+00,0.000000000000000000e+00
-9.907371543095973101e-20,1.364771268051303591e-17,0.000000000000000000e+00
-1.857920714197337727e-19,1.023056825306818107e-17,4.333857599067391154e-17
-9.932412366638801192e-19,0.000000000000000000e+00,-0.000000000000000000e+00
-3.140800709776131872e-17,-3.833596690907337058e-17,1.370973693779108458e-17
-2.200888996464072309e-18,0.000000000000000000e+00,0.000000000000000000e+00
8.521596070284565186e-19,0.000000000000000000e+00,-0.000000000000000000e+00
-1.383359576753517639e-17,0.000000000000000000e+00,0.000000000000000000e+00
4.631624325702003101e-18,0.000000000000000000e+00,0.000000000000000000e+00
7.587417517490747345e-18,8.421476836675499268e-20,6.886164313314412785e-18
1.680226370606721060e-17,1.734723475976807094e-18,0.000000000000000000e+00
5.382514821697312585e-18,0.000000000000000000e+00,0.000000000000000000e+00
7.009713558201446640e-18,0.000000000000000000e+00,0.000000000000000000e+00
-1.426324795939034134e-18,2.775557561562891351e-17,0.000000000000000000e+00
-3.708711081005086930e-19,-2.473922271289428425e-17,0.000000000000000000e+00
1.153080924572972261e-17,-0.000000000000000000e+00,0.000000000000000000e+00
-1.901513301000436857e-17,0.000000000000000000e+00,0.000000000000000000e+00
3.760652203710518144e-18,0.000000000000000000e+00,0.000000000000000000e+00
6.602536200644160708e-18,0.000000000000000000e+00,0.000000000000000000e+00
-5.940345551491736198e-18,-1.480359794896751006e-18,4.050769411782239628e-17
1.003136983012551365e-17,-1.480017921891148837e-17,1.989332419784914628e-17
1.677571212234803653e-17,0.000000000000000000e+00,0.000000000000000000e+00
1.948670125104359620e-18,2.451689206571304417e-17,0.000000000000000000e+00
4.686848758048659281e-18,-2.244438428045219197e-17,1.249278514667085419e-17
7.404471092758207679e-18,0.000000000000000000e+00,0.000000000000000000e+00
-9.140444733155219304e-18,0.000000000000000000e+00,0.000000000000000000e+00
7.138924032847153168e-18,2.775557561562891351e-17,-0.000000000000000000e+00
-3.875835445550119608e-18,0.000000000000000000e+00,0.000000000000000000e+00
-5.948687054509901793e-19,0.000000000000000000e+00,0.000000000000000000e+00
1.349493295362372846e-17,7.955438807413825939e-18,0.000000000000000000e+00
-2.708776155717893985e-18,0.000000000000000000e+00,0.000000000000000000e+00
-2.073481711537470166e-18,0.000000000000000000e+00,-0.000000000000000000e+00
5.880264553479288001e-18,0.000000000000000000e+00,0.000000000000000000e+00
1.268152358635094643e-18,2.775557561562891351e-17,-0.000000000000000000e+00
7.467732699353367024e-18,-3.055668017543880485e-17,4.003958816750701160e-17
3.192904228069069429e-18,0.000000000000000000e+00,0.000000000000000000e+00
2.477373700052913288e-18,2.379407489522527592e-17,0.000000000000000000e+00
-1.125141843939561719e-17,4.542259968697793179e-18,-2.363093175468616413e-17
4.108569294152473057e-19,0.000000000000000000e+00,0.000000000000000000e+00
9.886555839695037095e-18,0.000000000000000000e+00,0.000000000000000000e+00
1.010249437313924991e-18,-8.372307028308046498e-18,2.527441294448526033e-17
-6.782397551492195210e-18,-0.000000000000000000e+00,0.000000000000000000e+00
-1.508899933732787669e-18,6.820735708149624849e-18,-6.907443286278882572e-18
-4.511092826937792724e-18,0.000000000000000000e+00,0.000000000000000000e+00
-3.665660164531706686e-19,0.000000000000000000e+00,-0.000000000000000000e+00
-1.142148537367216959e-17,0.000000000000000000e+00,0.000000000000000000e+00
-2.665638915914625978e-18,0.000000000000000000e+00,-0.000000000000000000e+00
3.500814571377006993e-19,0.000000000000000000e+00,0.000000000000000000e+00
-1.693119727569266956e-18,0.000000000000000000e+00,0.000000000000000000e+00
-9.458389059326302527e-18,4.023202800652403836e-17,1.336776736640664020e-17
4.671868076638013341e-18,0.000000000000000000e+00,-0.000000000000000000e+00
-1.806311644662664745e-18,-2.168404344971008868e-19,0.000000000000000000e+00
7.259403608363216274e-18,2.530398421480861989e-17,0.000000000000000000e+00
1.895342893861127201e-17,0.000000000000000000e+00,0.000000000000000000e+00
1.119111879906539051e-18,-8.673617379884035472e-19,0.000000000000000000e+00
-1.552024490171891174e-18,1.045893079240268563e-17,-2.167675372802891179e-17
2.591703617623455477e-18,2.775557561562891351e-17,0.000000000000000000e+00
-1.854336783753331666e-18,0.000000000000000000e+00,-0.000000000000000000e+00
-1.512509299798983303e-17,-2.514637935410181541e-17,0.000000000000000000e+00
-1.774124058085205389e-17,1.981064643500164662e-17,3.465062540708725560e-18
-2.643378553327976556e-18,-3.168280446101019535e-18,2.483566905242751011e-17
3.951258205328966275e-19,0.000000000000000000e+00,0.000000000000000000e+00
-9.328818245100919509e-18,1.456397624617072369e-18,1.349165019493693300e-17
-1.432876110202451423e-18,0.000000000000000000e+00,0.000000000000000000e+00
2.950076786387128374e-17,-1.871232261735501966e-17,-2.523954578858635081e-17
5.310579253637257173e-18,0.000000000000000000e+00,-0.000000000000000000e+00
7.608023885739790771e-18,-8.041888884640421235e-18,-2.168891368779449893e-17
1.084735023538322381e-17,0.000000000000000000e+00,0.000000000000000000e+00
6.293162383871957516e-18,0.000000000000000000e+00,0.000000000000000000e+00
3.565352379951441336e-18,9.762565508840594538e-19,-4.448739260638666537e-18
-7.640207307963693867e-19,0.000000000000000000e+00,-0.000000000000000000e+00
2.185088519956803342e-18,0.000000000000000000e+00,0.000000000000000000e+00
-9.210865673666168984e-18,0.000000000000000000e+00,0.000000000000000000e+00
7.853105137812927106e-18,-2.402886547753403410e-17,1.307976644107313703e-17
-1.377568464013996159e-17,2.582882111924255947e-17,6.883001000894806099e-18
-1.027193751764672389e-18,0.000000000000000000e+00,0.000000000000000000e+00
4.763712226224719274e-19,0.000000000000000000e+00,-0.000000000000000000e+00
1.835101660356006273e-17,-1.387778780781445676e-17,-0.000000000000000000e+00
-1.001101199353564637e-19,1.094169914378113105e-18,3.286426635473724726e-18
-4.024258344896531232e-18,0.000000000000000000e+00,-0.000000000000000000e+00
-1.437554836577151490e-17,-2.775557561562891351e-17,0.000000000000000000e+00
1.969364971073862357e-17,-2.090423662924396776e-17,7.638240054693119818e-18
-8.167292657522918971e-18,0.000000000000000000e+00,0.000000000000000000e+00
-8.389556331132173777e-18,0.000000000000000000e+00,0.000000000000000000e+00
2.185277942423250597e-18,0.000000000000000000e+00,-0.000000000000000000e+00
1.848909512532081830e-18,0.000000000000000000e+00,0.000000000000000000e+00
-9.344704409059678209e-19,0.000000000000000000e+00,-0.000000000000000000e+00
7.387486938054266365e-18,-0.000000000000000000e+00,0.000000000000000000e+00
6.865468328712005598e-18,1.135623696774212341e-17,-1.233746188440007575e-17
1.497669228709772880e-18,0.000000000000000000e+00,0.000000000000000000e+00
-3.116248889526111759e-17,3.271622459070078292e-17,-2.355603307609422025e-17
-5.672332688674534132e-18,0.000000000000000000e+00,0.000000000000000000e+00
1.553088226622096095e-18,0.000000000000000000e+00,0.000000000000000000e+00
-1.852654567426037787e-17,-0.000000000000000000e+00,0.000000000000000000e+00
5.869690288389621090e-18,1.785778032064406547e-17,1.778096386195242947e-17
-6.944145793579636462e-18,2.480988013099899972e-17,0.000000000000000000e+00
-4.482079927542643368e-19,-5.598610267643471965e-19,-1.358782914557555553e-17
1.267952763641614081e-17,-0.000000000000000000e+00,0.000000000000000000e+00
4.262014774961757155e-18,-6.256378165247665786e-21,-3.467160527020314823e-18
-2.477335124395196422e-17,4.698306053149901029e-18,2.164489467083778366e-17
7.818727036198473219e-18,3.598160233586589840e-18,0.000000000000000000e+00
-4.564009583319614115e-18,2.775557561562891351e-17,-0.000000000000000000e+00
-1.290603114615029162e-17,0.000000000000000000e+00,0.000000000000000000e+00
-3.272450851958363678e-18,7.527938551868768070e-18,2.251972793789054411e-17
-1.235488595669738451e-17,0.000000000000000000e+00,0.000000000000000000e+00
-5.535116454314212632e-18,0.000000000000000000e+00,0.000000000000000000e+00
-1.828711825770087044e-17,3.220668368291653477e-17,-4.172138677483797935e-17
2.868274291974306289e-19,0.000000000000000000e+00,0.000000000000000000e+00
1.491269663827317129e-17,0.000000000000000000e+00,0.000000000000000000e+00
-9.369610497013220163e-18,0.000000000000000000e+00,-0.000000000000000000e+00
-5.571299836382406416e-18,0.000000000000000000e+00,0.000000000000000000e+00
1.726177234089702335e-17,2.407273966074529742e-17,-1.354101743595473018e-17
1.466871638975379346e-18,-1.603946896240142841e-17,-2.255619936301468867e-17
-3.435330047170453130e-19,2.775557561562891351e-17,0.000000000000000000e+00
-4.012741001849222706e-18,0.000000000000000000e+00,0.000000000000000000e+00
7.545524608509016217e-18,0.000000000000000000e+00,0.000000000000000000e+00
-6.331681861177627916e-18,-2.143826032312423884e-17,-1.052172852334654724e-17
-3.116830086457079291e-18,0.000000000000000000e+00,-0.000000000000000000e+00
-2.406932328878994555e-18,2.775557561562891351e-17,0.000000000000000000e+00
-1.221186926374592216e-18,4.750127540636393974e-17,6.889820921417434376e-18
-7.375749157602137541e-18,-2.215261677246787505e-17,0.000000000000000000e+00
2.798132675567749932e-18,0.000000000000000000e+00,-0.000000000000000000e+00
8.904685271243743725e-18,-1.733631145298035301e-18,0.000000000000000000e+00
6.800189086701917342e-18,0.000000000000000000e+00,0.000000000000000000e+00
4.925252183262940675e-18,0.000000000000000000e+00,-0.000000000000000000e+00
1.205270323462519587e-17,0.000000000000000000e+00,0.000000000000000000e+00
-5.244467232125372834e-18,-1.221465026296949287e-17,6.670040604298442060e-18
9.409676647199130723e-18,-2.168404344971008868e-19,0.000000000000000000e+00
-2.640231161450866381e-17,1.350068913720650647e-17,0.000000000000000000e+00
-6.660639072776517702e-19,0.000000000000000000e+00,-0.000000000000000000e+00
-2.108122879313260259e-17,0.000000000000000000e+00,0.000000000000000000e+00
-1.478760507321361868e-17,-0.000000000000000000e+00,0.000000000000000000e+00
7.625617658727626045e-18,-1.411095520451148737e-17,0.000000000000000000e+00
-2.730173651478398522e-18,3.862936425418252169e-17,-1.989332197850674542e-17
-1.845633504167977949e-17,0.000000000000000000e+00,0.000000000000000000e+00
3.112744222799886067e-18,0.000000000000000000e+00,0.000000000000000000e+00
1.829758332795107435e-18,0.000000000000000000e+00,0.000000000000000000e+00
1.659965645396602497e-17,5.912214001663229365e-18,1.307020984335007193e-17
-1.238447286928674480e-17,-1.554189948940302341e-18,-2.303172132607517240e-17
5.577313721678814407e-18,-1.134244398208772400e-19,1.357171966868564689e-17
2.850944154500780028e-17,1.460033185107080546e-17,-4.225148568643405290e-17
-5.266186107784303840e-18,0.000000000000000000e+00,0.000000000000000000e+00
1.585922818982949580e-17,0.000000000000000000e+00,0.000000000000000000e+00
1.698316586532317519e-17,0.000000000000000000e+00,0.000000000000000000e+00
-4.602072060794888533e-20,0.000000000000000000e+00,0.000000000000000000e+00
3.146344518013511088e-18,0.000000000000000000e+00,0.000000000000000000e+00
-1.587404243682640911e-17,-2.459242299323747809e-18,-1.055542221492812277e-17
5.157895435084673854e-19,0.000000000000000000e+00,0.000000000000000000e+00
-5.484393742444599399e-18,-5.334351908102282510e-19,2.312939236143573398e-18
-2.913006559438501890e-18,-2.173067980301051887e-17,-2.367822299887716169e-17
2.681509414325539451e-18,0.000000000000000000e+00,-0.000000000000000000e+00
7.653076384625188028e-19,0.000000000000000000e+00,-0.000000000000000000e+00
8.755848018128024099e-18,0.000000000000000000e+00,0.000000000000000000e+00
6.497731758264304836e-18,-1.162463188062109751e-18,-2.488581184074710319e-17
9.480428720240050033e-18,0.000000000000000000e+00,0.000000000000000000e+00
8.159787333087978902e-18,0.000000000000000000e+00,0.000000000000000000e+00
-6.686574699362546176e-18,-1.812831855455192897e-17,2.133621929566663009e-17
9.370652334919974684e-18,8.480631610817818134e-18,0.000000000000000000e+00
5.044869554967026190e-18,0.000000000000000000e+00,0.000000000000000000e+00
6.046668734670269213e-20,-1.209286030464328744e-18,-1.346313379533279221e-17
-1.137002603679643772e-18,1.359360655670986438e-17,0.000000000000000000e+00
-6.128210466074324699e-18,-1.798209594632994196e-17,-2.336245684329813036e-17
-2.276597514566316183e-18,0.000000000000000000e+00,0.000000000000000000e+00
-1.300943544573683127e-17,7.603576592531603123e-18,2.313783647288608509e-17
1.951932253747883207e-18,7.878399628875784554e-18,-2.376978988614520307e-17
-9.298562246530264161e-19,-0.000000000000000000e+00,0.000000000000000000e+00
4.218547048266206140e-18,-2.143778863840226108e-17,-1.216817480590879959e-17
-3.004093709190276363e-19,-4.956804791811542422e-18,1.271126201147333127e-17
3.328059461119363806e-18,0.000000000000000000e+00,0.000000000000000000e+00
3.613721039198857406e-19,0.000000000000000000e+00,-0.000000000000000000e+00
-1.053291191330804524e-17,0.000000000000000000e+00,-0.000000000000000000e+00
9.530893250331345937e-19,0.000000000000000000e+00,0.000000000000000000e+00
1.303123476432358938e-17,2.575590414875119123e-17,-3.464291250979775418e-18
3.169825628588303199e-18,2.545862419146582478e-17,0.000000000000000000e+00
-1.663609686304991612e-18,-1.486628161535839788e-17,0.000000000000000000e+00
-2.402506370932162372e-18,-0.000000000000000000e+00,0.000000000000000000e+00
-1.234085536225008528e-17,0.000000000000000000e+00,0.000000000000000000e+00
2.424658794378063945e-18,0.000000000000000000e+00,0.000000000000000000e+00
-3.690254689831332798e-18,-1.753682874470577111e-17,2.515558896187732570e-17
4.388794119444075832e-20,-1.387778780781445676e-17,-0.000000000000000000e+00
1.278661240449379530e-17,-0.000000000000000000e+00,0.000000000000000000e+00
5.735973492508117089e-19,0.000000000000000000e+00,-0.000000000000000000e+00
1.452403308278009744e-17,1.049993296515180407e-18,-2.511904314703692347e-17
3.565625693322645703e-19,0.000000000000000000e+00,0.000000000000000000e+00
-3.306309274093482590e-18,2.471725761067447807e-17,0.000000000000000000e+00
3.910908679311916566e-18,0.000000000000000000e+00,-0.000000000000000000e+00
-3.525783372318269257e-18,0.000000000000000000e+00,0.000000000000000000e+00
-6.325403858585359654e-18,-1.873701689361176616e-17,-2.204668829047430515e-17
2.110936479396248890e-17,0.000000000000000000e+00,-0.000000000000000000e+00
2.576440367018005909e-17,1.265756023074310346e-17,0.000000000000000000e+00
-1.676959361071454478e-17,0.000000000000000000e+00,0.000000000000000000e+00
1.566187134672090064e-19,7.838324840061526402e-20,-3.465311081138484839e-18
2.484678229416470593e-18,0.000000000000000000e+00,0.000000000000000000e+00
1.064452129692518900e-17,0.000000000000000000e+00,0.000000000000000000e+00
-1.383043658736654082e-17,1.863295898320788706e-17,2.305663131139158541e-17
6.169870615282871935e-18,-1.734136177180842548e-18,4.336699089988222802e-19
-7.381957487535786264e-18,-3.979864549814971015e-18,2.451927999634796143e-17
-4.729295172880402032e-18,0.000000000000000000e+00,0.000000000000000000e+00
-6.906830864007097190e-18,0.000000000000000000e+00,0.000000000000000000e+00
1.136500831585509928e-17,0.000000000000000000e+00,0.000000000000000000e+00
7.018292625193655905e-18,0.000000000000000000e+00,-0.000000000000000000e+00
-3.408476740036701975e-18,0.000000000000000000e+00,0.000000000000000000e+00
4.135659726237393593e-18,6.938893903907228378e-18,-0.000000000000000000e+00
-9.486104720600104238e-18,-3.453045164985556772e-18,-4.430597612942864983e-18
2.318874054455128014e-18,0.000000000000000000e+00,0.000000000000000000e+00
4.071003909163234255e-18,-0.000000000000000000e+00,0.000000000000000000e+00
1.202293412549833272e-17,0.000000000000000000e+00,0.000000000000000000e+00
2.236957007240370999e-18,-1.387778780781445676e-17,-0.000000000000000000e+00
-8.804784892525356796e-19,2.242615539231846006e-19,-6.919173056533257075e-18
-7.921071265110081316e-18,3.469446951953614189e-18,0.000000000000000000e+00
-4.501183282343181238e-18,0.000000000000000000e+00,0.000000000000000000e+00
-1.556156308377832547e-17,-1.815139308254391750e-17,0.000000000000000000e+00
5.267602188344621188e-18,-1.734723475976807094e-18,-0.000000000000000000e+00
-8.617078982952757067e-18,-6.620455248458215487e-18,0.000000000000000000e+00
2.207415809791304701e-18,0.000000000000000000e+00,-0.000000000000000000e+00
1.891481115801913119e-18,0.000000000000000000e+00,0.000000000000000000e+00
1.685858531969057821e-17,-3.786967420136745617e-19,1.358958114921480950e-17
8.956081619497697854e-18,0.000000000000000000e+00,0.000000000000000000e+00
-5.080604152627172560e-18,-6.369702724397687163e-18,-2.576749169488810332e-17
-1.982616943820612285e-18,-6.353460963196088420e-19,1.328633258363111531e-17
-3.349722845745846158e-18,0.000000000000000000e+00,0.000000000000000000e+00
-2.593722203395844765e-18,2.775557561562891351e-17,-0.000000000000000000e+00
-3.230031716403503406e-18,0.000000000000000000e+00,0.000000000000000000e+00
2.245827284384850848e-18,-7.196412567408879790e-18,-2.279562915798769603e-17
-1.611131388406080233e-17,0.000000000000000000e+00,0.000000000000000000e+00
-1.617594901497719519e-18,0.000000000000000000e+00,0.000000000000000000e+00
1.744371467098683891e-17,0.000000000000000000e+00,-0.000000000000000000e+00
-2.181192328161141144e-19,0.000000000000000000e+00,0.000000000000000000e+00
7.003618422220243434e-18,2.631349368962963415e-18,2.184777585860891582e-18
-7.961961736511357973e-20,0.000000000000000000e+00,0.000000000000000000e+00
-4.522543845023929601e-19,0.000000000000000000e+00,0.000000000000000000e+00
-1.250281650733768356e-18,-0.000000000000000000e+00,0.000000000000000000e+00
7.122720204119171424e-18,1.780589130621398638e-18,2.445289587017507074e-17
1.598675207647571742e-21,7.661636240274830846e-18,2.318701536632552829e-17
8.685769948186703139e-20,-1.387778780781445676e-17,-0.000000000000000000e+00
-1.777596523944082295e-17,0.000000000000000000e+00,-0.000000000000000000e+00
6.751684464508442905e-18,0.000000000000000000e+00,0.000000000000000000e+00
1.354530584773562887e-17,2.328828840392399227e-18,6.147081377096733602e-18
-1.684332869826513499e-17,-1.119387168875977009e-18,-5.823364251936035185e-18
4.441981159546156625e-18,0.000000000000000000e+00,0.000000000000000000e+00
-1.838561970009024908e-18,-2.316177869269017931e-23,5.421006272308350329e-20
7.053841862881864233e-19,3.959909876390385920e-17,-2.095053943443641848e-17
-2.777289071108067426e-18,0.000000000000000000e+00,0.000000000000000000e+00
3.777891282400995449e-18,0.000000000000000000e+00,0.000000000000000000e+00
-1.044788100263996897e-17,-0.000000000000000000e+00,0.000000000000000000e+00
6.500031469219442611e-18,0.000000000000000000e+00,0.000000000000000000e+00
-1.900547305076417646e-18,3.903586983574927378e-17,2.189957218764658847e-17
9.624155527124939998e-18,0.000000000000000000e+00,0.000000000000000000e+00
-1.961741657686544848e-18,0.000000000000000000e+00,-0.000000000000000000e+00
2.411261978068729921e-17,4.631279052829907363e-18,2.427465929724082843e-17
1.732089796236205592e-17,7.946650337472129149e-18,-2.153934036251684700e-17
-8.254230434661299851e-18,0.000000000000000000e+00,0.000000000000000000e+00
-1.532206432368923246e-17,-6.607128942187564904e-18,0.000000000000000000e+00
-1.881849759330017482e-17,0.000000000000000000e+00,0.000000000000000000e+00
-5.541813811247686729e-18,1.318647474006021036e-17,3.377752051612417050e-18
6.884133585920034305e-18,0.000000000000000000e+00,0.000000000000000000e+00
9.182360019438595082e-18,2.665093185451581615e-18,2.034022124535786311e-17
-1.567716378681112067e-17,9.125613315624970738e-18,3.458216213148639743e-18
1.831818603433137682e-18,0.000000000000000000e+00,0.000000000000000000e+00
4.414083206258864937e-18,-6.720790859911354352e-18,3.373498769773256222e-18
-6.738689827600946945e-18,-5.668976444273488566e-18,0.000000000000000000e+00
-3.529517133699932363e-18,0.000000000000000000e+00,-0.000000000000000000e+00
5.010797199223433002e-18,3.572594558351750875e-18,4.489524303824484136e-18
-1.715986736193657224e-17,0.000000000000000000e+00,0.000000000000000000e+00
1.026447944628757064e-18,0.000000000000000000e+00,-0.000000000000000000e+00
6.300881325118450418e-18,1.328494593951381273e-17,0.000000000000000000e+00
2.586236551689790102e-19,-8.695732764189864454e-21,-1.734261782650177758e-18
-3.032631850820258070e-18,-3.466268645549518725e-18,0.000000000000000000e+00
-6.532174627456849567e-18,-1.340593384878603799e-17,0.000000000000000000e+00
3.623964507614810890e-18,-3.469446951953614189e-18,0.000000000000000000e+00
1.961492812715509389e-17,2.079155775096276534e-19,-6.899796643254675429e-18
-1.296157442965769656e-17,2.019710643824055667e-17,0.000000000000000000e+00
3.998869184500146751e-19,-1.227483772934424730e-17,0.000000000000000000e+00
-3.558457950330815691e-18,0.000000000000000000e+00,0.000000000000000000e+00
-2.000275876317977734e-17,0.000000000000000000e+00,-0.000000000000000000e+00
-1.555113169642740968e-17,0.000000000000000000e+00,0.000000000000000000e+00
4.031876738921441869e-18,0.000000000000000000e+00,0.000000000000000000e+00
1.574365201646008429e-19,0.000000000000000000e+00,-0.000000000000000000e+00
6.010748583516300098e-19,0.000000000000000000e+00,0.000000000000000000e+00
2.700267301520973561e-17,1.340140877691811132e-17,0.000000000000000000e+00
2.739404895522231055e-18,0.000000000000000000e+00,0.000000000000000000e+00
6.943194737447607551e-18,-1.674959557917478329e-17,1.847350112784813915e-17
6.725475375700844020e-18,-0.000000000000000000e+00,0.000000000000000000e+00
1.330406514205582858e-17,6.854607604579750796e-18,0.000000000000000000e+00
5.928418203468739951e-19,6.437088111746974277e-18,1.195074957055524057e-17
-8.323552523725799297e-18,-0.000000000000000000e+00,0.000000000000000000e+00
2.076345577012486180e-18,-4.542659404816408254e-17,0.000000000000000000e+00
-9.859811120601754431e-18,0.000000000000000000e+00,0.000000000000000000e+00
-4.206177107783392510e-18,-1.981817125638845483e-17,2.601011032585247043e-17
6.653751919968018446e-18,-4.510780196303577010e-17,0.000000000000000000e+00
-2.829479881198727098e-18,0.000000000000000000e+00,-0.000000000000000000e+00
3.119595133532076323e-18,0.000000000000000000e+00,-0.000000000000000000e+00
-1.328781502264718729e-18,-6.862440882490589874e-18,0.000000000000000000e+00
-9.586074878953284667e-18,7.553415636565243672e-18,0.000000000000000000e+00
-1.411177624513176095e-17,-5.965092268088774759e-19,-2.391375018722551046e-17
-9.261347142419103895e-18,0.000000000000000000e+00,0.000000000000000000e+00
1.908852747131287233e-17,1.302245074831343234e-18,2.523967235097897823e-17
-3.674170852436868107e-18,2.254296092643507512e-17,1.093622762647432500e-17
7.695639278747947022e-18,5.451404386573438540e-18,1.343201810924783639e-17
2.356358956747099710e-17,0.000000000000000000e+00,0.000000000000000000e+00
-5.162254807349558422e-18,7.321860760605717003e-18,2.354613874781104406e-17
-4.381620468677232999e-18,0.000000000000000000e+00,0.000000000000000000e+00
-1.537196978933920381e-17,-1.061632841300102843e-17,-2.220907005349377267e-17
-2.402254724321964375e-18,0.000000000000000000e+00,0.000000000000000000e+00
-4.827629353940340990e-18,-2.621076187469795248e-17,-3.466855080450099357e-18
9.728680544654137889e-18,-2.943269225204418349e-19,6.892065272572667892e-18
-1.384000900002402536e-17,0.000000000000000000e+00,0.000000000000000000e+00
-2.014075143365093585e-18,0.000000000000000000e+00,0.000000000000000000e+00
-5.707638683155564897e-19,-3.458727131494814307e-18,0.000000000000000000e+00
2.193813064927550057e-18,0.000000000000000000e+00,0.000000000000000000e+00
1.413370086646738068e-17,2.391491733968745773e-17,-1.291394355954976606e-17
1.174980052867013831e-17,-6.795165108297351507e-19,2.584960157202554286e-17
-2.434180532811180997e-18,-7.445557690047679673e-19,-3.329257068279223055e-18
-1.675972579637820770e-18,1.089668595545606366e-17,0.000000000000000000e+00
1.587348132790922634e-17,2.470496420638553532e-17,0.000000000000000000e+00
1.634744114685216729e-17,-4.410730056496682629e-18,1.664032831711636251e-17
-2.209713535586329943e-18,2.520534448220398830e-17,0.000000000000000000e+00
-2.371082482288836726e-18,0.000000000000000000e+00,0.000000000000000000e+00
-3.241199848602575252e-17,-2.666946674681296975e-17,1.357389705015284410e-17
-1.692712177799324963e-17,-2.775557561562891351e-17,-0.000000000000000000e+00
-9.415846507240621476e-18,4.829907190677654469e-18,8.899364585097556828e-18
-1.565780551201792265e-17,1.954507366400642777e-17,-1.719714137599781389e-17
-6.944130154127243727e-18,-1.387778780781445676e-17,-0.000000000000000000e+00
2.744492077500185528e-18,-2.376747833724412987e-17,-2.496364020792550523e-17
-3.214800574354478450e-18,0.000000000000000000e+00,0.000000000000000000e+00
-1.704134935423323894e-18,-3.964505809253716741e-18,2.458099064824305989e-17
9.332430325003952696e-18,-2.434667857377966652e-17,0.000000000000000000e+00
-1.984646082860274597e-19,-2.547032926741105761e-17,0.000000000000000000e+00
-8.565927136940369734e-18,0.000000000000000000e+00,0.000000000000000000e+00
-5.632758907769106778e-19,0.000000000000000000e+00,0.000000000000000000e+00
5.741475526636096711e-20,-0.000000000000000000e+00,0.000000000000000000e+00
-2.020974792910859806e-17,0.000000000000000000e+00,0.000000000000000000e+00
-1.208867677210892045e-17,9.849131991181642121e-18,0.000000000000000000e+00
1.020041500259884914e-18,0.000000000000000000e+00,0.000000000000000000e+00
-2.308129906513796703e-18,0.000000000000000000e+00,0.000000000000000000e+00
-6.544173397096229790e-19,0.000000000000000000e+00,0.000000000000000000e+00
1.037034692531259775e-18,2.535875546584056673e-17,6.312500803141309947e-18
-3.724557937300403002e-19,0.000000000000000000e+00,0.000000000000000000e+00
3.078539036922373568e-18,2.436185354226616903e-17,0.000000000000000000e+00
-1.026354082809180530e-17,0.000000000000000000e+00,0.000000000000000000e+00
4.027420175429723941e-18,0.000000000000000000e+00,0.000000000000000000e+00
6.520767354971795694e-18,0.000000000000000000e+00,0.000000000000000000e+00
-2.816098966481984699e-18,0.000000000000000000e+00,0.000000000000000000e+00
2.616626152086555071e-18,-6.894282004932375056e-18,0.000000000000000000e+00
3.069199254555252442e-18,-2.775557561562891351e-17,-0.000000000000000000e+00
6.432980406605196521e-19,0.000000000000000000e+00,0.000000000000000000e+00
1.523093885959135526e-17,-5.490316357314629318e-18,-2.222796675991742020e-17
-1.430414472771590907e-17,-6.379479583084555229e-18,-6.339649627339408995e-18
-1.704356674601413065e-19,3.459214270691554638e-18,0.000000000000000000e+00
5.268524844174215232e-19,1.818419437442896961e-17,1.839276599892312871e-17
-1.270976674062805243e-17,0.000000000000000000e+00,0.000000000000000000e+00
-1.569329667444262513e-18,0.000000000000000000e+00,-0.000000000000000000e+00
-1.131262049135284514e-17,0.000000000000000000e+00,0.000000000000000000e+00
-4.423706359905570641e-18,0.000000000000000000e+00,0.000000000000000000e+00
2.884673837124781114e-17,-2.321227388249379839e-17,0.000000000000000000e+00
1.657361060593154267e-18,0.000000000000000000e+00,0.000000000000000000e+00
2.017657640858463595e-18,0.000000000000000000e+00,-0.000000000000000000e+00
5.225214305137920723e-18,0.000000000000000000e+00,0.000000000000000000e+00
-2.073008942904986721e-17,0.000000000000000000e+00,0.000000000000000000e+00
1.251568385069023542e-17,1.169466303569931115e-17,0.000000000000000000e+00
1.228538927537195802e-17,-1.027377433897263923e-17,8.672241191530440190e-19
-1.471535594898591930e-17,-6.211981916001583214e-18,-4.125104854771562823e-17
-3.710535320788562123e-19,4.641012676427534528e-18,-4.897716932862448765e-18
-7.397593202254261937e-18,1.749258931360406896e-17,2.588205941790128817e-17
6.518676782951722472e-19,-2.586563959565271014e-17,0.000000000000000000e+00
5.987225281559857705e-18,-1.356855356897463482e-17,0.000000000000000000e+00
8.563844592845595599e-18,-1.059602306788631963e-17,1.872220926142596549e-17
-7.768050603867131958e-19,0.000000000000000000e+00,-0.000000000000000000e+00
-2.855929982501722312e-18,0.000000000000000000e+00,0.000000000000000000e+00
-7.366286110035010381e-19,-0.000000000000000000e+00,0.000000000000000000e+00
2.867222255267137949e-18,-0.000000000000000000e+00,0.000000000000000000e+00
-1.234343997096505365e-17,9.027946320597846850e-18,9.875383135735755010e-18
2.848686046758856251e-17,2.299494433744861135e-17,0.000000000000000000e+00
-4.137673380384033882e-19,-0.000000000000000000e+00,0.000000000000000000e+00
1.964360519826203997e-19,0.000000000000000000e+00,-0.000000000000000000e+00
3.351232108281774493e-19,0.000000000000000000e+00,0.000000000000000000e+00
6.204627529853969257e-18,-2.013619726981890167e-17,-2.372208740166228844e-17
-2.178804378647969827e-17,2.228091684463686380e-17,0.000000000000000000e+00
6.815379471733988203e-18,-1.345580420869844652e-17,0.000000000000000000e+00
-9.628648513826158579e-19,-3.967036290370850631e-17,-2.644972982265465102e-17
-2.769271554472296673e-17,2.775557561562891351e-17,-0.000000000000000000e+00
-1.703218105775143047e-18,0.000000000000000000e+00,0.000000000000000000e+00
-4.567799534935691962e-19,5.767354675599629280e-19,-1.265345847181638412e-17
-1.804615740273991561e-17,0.000000000000000000e+00,0.000000000000000000e+00
5.452305838030892724e-19,1.004245098961077540e-17,4.725986736123623793e-17
2.058734608626605118e-17,-1.166046476948700480e-17,0.000000000000000000e+00
-1.917666542352290415e-19,0.000000000000000000e+00,0.000000000000000000e+00
5.528041184215934297e-18,3.991559787208691900e-18,2.410896643486232094e-17
-1.192053584447897530e-17,-5.349461975765041271e-18,-2.481301955697088219e-17
7.337691627108722563e-18,7.095052533353174061e-18,8.957949504084005728e-18
-1.610013452887036669e-17,-3.355819863104228318e-18,1.346562247150791644e-17
-1.645365512831502490e-18,0.000000000000000000e+00,0.000000000000000000e+00
-2.390250227721098480e-17,0.000000000000000000e+00,-0.000000000000000000e+00
-2.185197317320210296e-17,0.000000000000000000e+00,0.000000000000000000e+00
6.159041665034755675e-18,2.790837759221335580e-17,-4.250558409066681435e-17
-6.987809753767490441e-18,-1.427313182185522543e-17,-2.061156555234227659e-17
-3.862615722477783337e-18,-2.624704361929253389e-17,0.000000000000000000e+00
-4.407326677973578206e-18,0.000000000000000000e+00,0.000000000000000000e+00
2.220471741625213210e-17,-9.979395907989042730e-21,3.527634322972700052e-17
3.216983658136175514e-18,1.315472784100646660e-17,0.000000000000000000e+00
2.709579233532023173e-19,0.000000000000000000e+00,-0.000000000000000000e+00
-1.195809129591548912e-18,0.000000000000000000e+00,-0.000000000000000000e+00
2.355154159832012302e-17,0.000000000000000000e+00,0.000000000000000000e+00
4.086297618409851545e-19,6.322233634786740226e-18,6.845390361729490334e-18
3.768876218734690240e-18,0.000000000000000000e+00,0.000000000000000000e+00
-4.120903375851155354e-18,-0.000000000000000000e+00,0.000000000000000000e+00
-6.801236347430569597e-18,-2.364342652380455445e-17,-1.733890391467586716e-18
-3.184956177468607563e-18,0.000000000000000000e+00,0.000000000000000000e+00
-1.216267656755991907e-17,2.137513922543679050e-17,1.116558694621801988e-17
-1.325084150495248203e-17,-1.267971405925524195e-18,-2.457282429198228840e-17
-7.462163287404705801e-18,-2.775557561562891351e-17,0.000000000000000000e+00
-2.097281467444748693e-18,0.000000000000000000e+00,0.000000000000000000e+00
-3.653777089675591708e-18,-2.435175033140107320e-17,0.000000000000000000e+00
-1.728243251332552173e-17,1.267146776834664158e-18,-2.546300290615255930e-17
-7.393301228998222705e-18,0.000000000000000000e+00,0.000000000000000000e+00
1.198892506334679981e-17,-1.169389959844310647e-17,0.000000000000000000e+00
-6.290326102990124493e-18,-0.000000000000000000e+00,0.000000000000000000e+00
-5.887328057879876770e-18,0.000000000000000000e+00,0.000000000000000000e+00
8.677692686106925630e-18,2.776238100080016488e-18,2.481693023456004950e-17
1.301685913186472284e-17,-6.938893903907228378e-18,0.000000000000000000e+00
3.563122824106490922e-18,-5.588443083837427994e-21,-8.673010069761400301e-19
2.532973477317790870e-18,8.326544914273740419e-18,1.061189102344162224e-17
1.827920917636113130e-17,-3.527987713775009028e-18,-1.313697050912029676e-17
-3.546823395392095445e-18,0.000000000000000000e+00,-0.000000000000000000e+00
4.776689321093560359e-18,1.004684941229255952e-17,-2.183001085287936499e-17
4.933697188730024348e-18,1.673599273822961081e-17,-2.342958369685834232e-17
5.669242195567678893e-18,0.000000000000000000e+00,0.000000000000000000e+00
-5.212968863317599670e-18,0.000000000000000000e+00,0.000000000000000000e+00
5.185095657068021126e-18,0.000000000000000000e+00,0.000000000000000000e+00
-5.624524022918613556e-18,0.000000000000000000e+00,0.000000000000000000e+00
-1.461041430723006685e-17,0.000000000000000000e+00,0.000000000000000000e+00
-1.001415818201904347e-18,0.000000000000000000e+00,0.000000000000000000e+00
-1.156576701877736981e-17,-1.061433244942159387e-17,-1.230052431941715528e-17
6.200819118864609535e-19,3.292254687230344262e-18,-2.522660229313899913e-17
3.509229560156594397e-18,-1.053139421237810579e-17,2.131767167958866812e-17
-1.406625015108539867e-17,0.000000000000000000e+00,0.000000000000000000e+00
1.319260932429542303e-17,-1.598645341322956289e-17,2.219317352494951005e-17
-4.546220113540273216e-18,0.000000000000000000e+00,0.000000000000000000e+00
4.115716004231192856e-18,-1.387778780781445676e-17,0.000000000000000000e+00
4.509246503771669826e-18,0.000000000000000000e+00,0.000000000000000000e+00
-8.150716803607720740e-20,-9.323689491537666096e-18,-2.263652853140018042e-17
-1.234863253315967362e-17,0.000000000000000000e+00,0.000000000000000000e+00
-9.659086414794100688e-19,0.000000000000000000e+00,-0.000000000000000000e+00
-4.450160024685346384e-19,0.000000000000000000e+00,0.000000000000000000e+00
7.916848366880559964e-18,2.024724454092426898e-18,-2.421047267229978905e-17
5.555796274418740226e-18,0.000000000000000000e+00,0.000000000000000000e+00
-3.267730579920495279e-20,0.000000000000000000e+00,0.000000000000000000e+00
1.403319697046753457e-18,-0.000000000000000000e+00,0.000000000000000000e+00
-1.695161063170952971e-17,6.738979073103927642e-18,-1.351120871680482185e-17
1.564940243678291385e-18,3.469446951953614189e-18,-0.000000000000000000e+00
2.574335721352754390e-18,0.000000000000000000e+00,0.000000000000000000e+00
2.534212714254475899e-18,0.000000000000000000e+00,0.000000000000000000e+00
-4.170524259321023667e-19,-0.000000000000000000e+00,0.000000000000000000e+00
4.755652676022458832e-20,0.000000000000000000e+00,0.000000000000000000e+00
1.405077957748932214e-17,-2.904887112715234437e-19,-1.347475187723811503e-17
6.401934125142777180e-18,-1.626784840502858036e-17,-2.305705072272631686e-17
2.942219074068595165e-18,0.000000000000000000e+00,0.000000000000000000e+00
7.723669839619651419e-18,0.000000000000000000e+00,0.000000000000000000e+00
-3.050678006034224539e-18,0.000000000000000000e+00,0.000000000000000000e+00
-1.800947192897238250e-17,2.444555316527114074e-17,0.000000000000000000e+00
5.455093907195905759e-18,4.163505961546827795e-17,0.000000000000000000e+00
1.636963673661280982e-20,1.293729133923326985e-18,1.356249431199463583e-17
-1.871275290777221404e-17,-2.526945643477502352e-17,0.000000000000000000e+00
-4.860608771690301560e-18,0.000000000000000000e+00,0.000000000000000000e+00
2.982105336761652404e-17,-1.387778780781445676e-17,0.000000000000000000e+00
-1.809435639241982614e-17,2.176799685818674620e-17,-3.427888039402329328e-17
1.107874790923437982e-18,0.000000000000000000e+00,-0.000000000000000000e+00
-1.003873509063552374e-17,1.785968525069865851e-18,-1.075918804549598905e-17
7.821872918465003192e-18,0.000000000000000000e+00,-0.000000000000000000e+00
3.522504440352662865e-19,0.000000000000000000e+00,0.000000000000000000e+00
1.568601168175440087e-17,0.000000000000000000e+00,0.000000000000000000e+00
-8.979713799554689668e-18,0.000000000000000000e+00,0.000000000000000000e+00
1.486357549123686471e-18,-1.350111707634646447e-17,0.000000000000000000e+00
-7.057298743858413199e-18,-1.625439926371117275e-19,-6.890036917674333384e-18
-2.337492897667336766e-18,0.000000000000000000e+00,0.000000000000000000e+00
7.423367940418585699e-18,1.248046900458222690e-17,-2.619377210798014488e-17
-1.454797232876447036e-18,0.000000000000000000e+00,0.000000000000000000e+00
-9.175270802780528477e-18,0.000000000000000000e+00,0.000000000000000000e+00
-2.396501907867646147e-18,0.000000000000000000e+00,0.000000000000000000e+00
-2.916577848194088287e-18,0.000000000000000000e+00,0.000000000000000000e+00
-1.098902772826420788e-18,6.938893903907228378e-18,0.000000000000000000e+00
-1.435686827344810457e-17,2.709509789656236428e-18,1.069200816031538901e-17
1.239994160143107916e-17,3.032450782944192275e-18,-5.460906693162528772e-18
-7.262032023457005631e-18,6.904733186819638101e-18,0.000000000000000000e+00
1.813204036254462781e-17,2.337279631628808670e-17,-1.274009221642636649e-17
6.254068318577088466e-18,-4.559076502665859696e-18,2.492492686460008648e-17
2.267451759853687501e-18,0.000000000000000000e+00,-0.000000000000000000e+00
-2.039856021082802551e-17,3.861737618467627304e-18,-2.023142693521476039e-17
4.533189332732394805e-19,0.000000000000000000e+00,0.000000000000000000e+00
-8.660057399921807406e-18,4.168165028014090904e-18,2.500380274415323799e-17
7.279472981377380393e-18,2.451528149665781804e-17,2.513524511203094707e-17
-1.065672580865368091e-17,1.091847919463101808e-18,-2.409226072923834536e-17
-1.505175108374811409e-18,-5.926019894264340006e-18,1.007090083482145851e-17
-1.836632321443266426e-17,0.000000000000000000e+00,0.000000000000000000e+00
-5.192095057459225131e-19,-0.000000000000000000e+00,0.000000000000000000e+00
-1.470061707557554904e-17,0.000000000000000000e+00,0.000000000000000000e+00
7.330625230578787353e-18,4.324860810350085139e-18,-1.824234884270181607e-17
1.550589258725015299e-18,0.000000000000000000e+00,0.000000000000000000e+00
-3.179784312476288600e-18,1.748390696573497098e-18,-4.269116405288606901e-17
-5.331487762673491009e-18,-2.706556049310251792e-17,0.000000000000000000e+00
3.206398399077950706e-18,0.000000000000000000e+00,0.000000000000000000e+00
-7.509110312670934028e-18,-2.775557561562891351e-17,-0.000000000000000000e+00
3.538446267953343428e-19,-2.483282930825538496e-17,0.000000000000000000e+00
1.792818745102424458e-17,-6.938893903907228378e-18,-0.000000000000000000e+00
6.905457114598013369e-19,0.000000000000000000e+00,-0.000000000000000000e+00
-1.907624396799072186e-18,0.000000000000000000e+00,0.000000000000000000e+00
1.278669115325204472e-17,0.000000000000000000e+00,0.000000000000000000e+00
-2.440359621028858410e-18,0.000000000000000000e+00,0.000000000000000000e+00
-2.375098388832802241e-17,0.000000000000000000e+00,0.000000000000000000e+00
3.287423548716767738e-18,0.000000000000000000e+00,0.000000000000000000e+00
-2.109624918658655458e-18,-1.426438737300961992e-17,1.950863042885756773e-17
1.175937594547909819e-18,0.000000000000000000e+00,0.000000000000000000e+00
-3.963983779487104194e-18,1.514381634369308794e-20,1.733833435311117563e-18
-8.475866265695530567e-18,0.000000000000000000e+00,0.000000000000000000e+00
-3.347428965782907034e-17,1.108316611123699518e-17,-1.124888058523285840e-17
-2.327235938631158273e-18,0.000000000000000000e+00,0.000000000000000000e+00
-1.640968050655899382e-19,0.000000000000000000e+00,0.000000000000000000e+00
5.516571614171789922e-18,1.604545853913639956e-17,2.139213923767052475e-17
-1.797076444825214781e-17,-1.068304308000352075e-18,-1.900805692234679198e-17
4.066302845472593912e-18,0.000000000000000000e+00,0.000000000000000000e+00
1.023305490029367645e-18,0.000000000000000000e+00,-0.000000000000000000e+00
2.120281811589717605e-18,0.000000000000000000e+00,0.000000000000000000e+00
2.690441362154900895e-17,3.525021890951634357e-17,0.000000000000000000e+00
1.658253102129912239e-17,-0.000000000000000000e+00,0.000000000000000000e+00
-6.494072757191740378e-18,0.000000000000000000e+00,0.000000000000000000e+00
9.727966963736535747e-19,0.000000000000000000e+00,0.000000000000000000e+00
-5.005926832512066671e-18,-1.341811080632330202e-17,0.000000000000000000e+00
-8.385889328338270196e-18,-2.202562180649632358e-17,1.190869876159120848e-17
1.763592386420117058e-17,0.000000000000000000e+00,0.000000000000000000e+00
-3.844540296578457616e-18,0.000000000000000000e+00,0.000000000000000000e+00
1.682452850689957244e-17,-3.244889051088608171e-18,9.761940615839541517e-18
1.008897021663403437e-17,-6.332666357644394736e-18,2.202356350728742824e-17
-1.537627918002759253e-17,-1.899648915863353373e-17,2.394187998339642335e-17
-3.760858413473886360e-18,-0.000000000000000000e+00,0.000000000000000000e+00
1.662167650615622258e-17,-1.542856044595723760e-17,2.568091760845539231e-17
-5.149399475091842465e-18,0.000000000000000000e+00,0.000000000000000000e+00
9.845558002066892525e-19,2.331887449799130527e-17,2.385376452907534042e-17
1.403392314402807016e-18,0.000000000000000000e+00,-0.000000000000000000e+00
3.616347378852820881e-18,6.938893903907228378e-18,0.000000000000000000e+00
2.911532232507332061e-17,-4.023090487691121927e-18,-1.170730282870927697e-17
4.388134471118719007e-18,6.938893903907228378e-18,0.000000000000000000e+00
-9.004524776909858910e-19,0.000000000000000000e+00,0.000000000000000000e+00
7.905192667924235343e-19,2.638930976717285606e-17,0.000000000000000000e+00
1.825505089905383188e-17,4.570298730174882071e-18,-2.429483549816133620e-17
1.061063862483958488e-17,0.000000000000000000e+00,-0.000000000000000000e+00
-8.089848497444133906e-18,0.000000000000000000e+00,0.000000000000000000e+00
1.742421379516209338e-17,0.000000000000000000e+00,0.000000000000000000e+00
-7.375834688212649922e-18,2.924833103648231518e-17,-2.465095345613902822e-17
2.379198121408954910e-18,-2.775557561562891351e-17,0.000000000000000000e+00
-5.963718042112732920e-18,1.016204597548220712e-17,-4.281039603489805116e-17
-3.550779182115015580e-19,-6.663734315278840665e-19,-1.345066077531687211e-17
5.063664289330533581e-18,-3.303412351992723668e-22,2.168396573551072877e-19
9.093481857394950330e-19,0.000000000000000000e+00,0.000000000000000000e+00
7.565654053530111006e-19,-0.000000000000000000e+00,0.000000000000000000e+00
8.473912501871649626e-18,0.000000000000000000e+00,0.000000000000000000e+00
2.963607762366577055e-17,0.000000000000000000e+00,0.000000000000000000e+00
1.393574102053912047e-17,-4.968157185043009009e-18,2.418512514999236179e-17
-3.967268240044625610e-18,6.938893903907228378e-18,0.000000000000000000e+00
1.934313652779040627e-18,0.000000000000000000e+00,0.000000000000000000e+00
-1.548376431915287056e-17,-9.545138103856154785e-20,6.892030591732004477e-18
5.422430237144452286e-18,0.000000000000000000e+00,0.000000000000000000e+00
-5.832756908605548850e-18,0.000000000000000000e+00,-0.000000000000000000e+00
-3.662730382577263381e-18,0.000000000000000000e+00,0.000000000000000000e+00
-2.185654870241974788e-18,0.000000000000000000e+00,-0.000000000000000000e+00
2.892659305371642887e-18,-7.104451304762015430e-19,2.529750414162399877e-17
-1.669089696035241272e-17,-2.775557561562891351e-17,0.000000000000000000e+00
-2.496762832852596013e-17,1.706902582684406166e-18,-3.933648752718304914e-17
-2.230190145704731718e-17,8.611835592364219826e-19,6.883678417158633613e-18
-2.064354323434896001e-20,1.452388495890932919e-17,0.000000000000000000e+00
1.753160871993740295e-17,0.000000000000000000e+00,0.000000000000000000e+00
2.617317824381301219e-18,-9.645603157999221033e-18,-1.799534470421989429e-17
-1.070822823245218844e-17,0.000000000000000000e+00,0.000000000000000000e+00
-2.356500613375907708e-18,3.889545909960935324e-18,2.467281719399941283e-17
-5.322670107283876905e-18,0.000000000000000000e+00,0.000000000000000000e+00
-3.813163340251081402e-18,2.468072937294910576e-17,0.000000000000000000e+00
-2.023059103493873866e-18,0.000000000000000000e+00,0.000000000000000000e+00
7.860094798499848819e-18,-4.094920487927760810e-18,-1.796770497189299937e-17
3.716852765239345344e-18,0.000000000000000000e+00,0.000000000000000000e+00
6.605514690872685893e-18,0.000000000000000000e+00,0.000000000000000000e+00
-2.187890305644358791e-18,-7.383793809281935141e-19,-2.422670948071000112e-17
6.169096531696585968e-18,0.000000000000000000e+00,0.000000000000000000e+00
1.665603666086090554e-18,5.727285041847889222e-18,0.000000000000000000e+00
-7.587176213222352808e-18,-6.901528895284567658e-19,-1.349934513611341620e-17
-2.981948028417554281e-18,-2.060499307202543434e-19,-6.898752480005064566e-18
-6.172585184428949094e-18,0.000000000000000000e+00,0.000000000000000000e+00
9.502031729776272145e-18,-5.375155354941977088e-18,-2.413296359000754812e-17
-3.865406824005901558e-18,0.000000000000000000e+00,0.000000000000000000e+00
5.458976953392927193e-18,-1.246057288157153001e-18,-5.932105101833968811e-18
2.749674053634266292e-18,0.000000000000000000e+00,0.000000000000000000e+00
1.518319721450140681e-17,0.000000000000000000e+00,0.000000000000000000e+00
4.497358116768017162e-18,-1.073950216351742220e-17,-1.277426239043193696e-17
-9.128825756936316481e-18,0.000000000000000000e+00,0.000000000000000000e+00
-3.642111015771610646e-18,-9.528192186258656240e-18,9.140635117666648596e-18
-1.062771702385778100e-17,0.000000000000000000e+00,0.000000000000000000e+00
-9.904784451923381077e-18,-1.638240829837675961e-18,-2.621012354579197863e-17
-1.751787655136447047e-18,2.549871979381719996e-19,-6.870999469575836730e-18
-2.616529326036855774e-18,9.216487952986891337e-19,-1.331701481037784311e-17
-8.927545581936313466e-20,0.000000000000000000e+00,-0.000000000000000000e+00
9.793211140532067034e-18,0.000000000000000000e+00,0.000000000000000000e+00
-3.532106235534257275e-20,8.220408643263053266e-18,-1.039242259563990077e-17
-3.240375274494232852e-19,2.627475557405263572e-17,0.000000000000000000e+00
-2.372426894763056814e-18,-2.907993900155051602e-20,3.466841458358252329e-18
1.761942420646030118e-17,0.000000000000000000e+00,0.000000000000000000e+00
9.228106933152579284e-19,-4.018211963692610047e-19,6.907285533155064621e-18
-1.240655759949744965e-17,2.353458775181071826e-17,0.000000000000000000e+00
-1.311233559603909085e-17,-1.422540547392273591e-19,1.367608365354772799e-17
-9.205799376186698164e-20,0.000000000000000000e+00,0.000000000000000000e+00
9.221760763640187762e-18,0.000000000000000000e+00,0.000000000000000000e+00
-1.284924084847532248e-18,0.000000000000000000e+00,0.000000000000000000e+00
4.878262311772255479e-18,0.000000000000000000e+00,0.000000000000000000e+00
9.559402327667084154e-19,-0.000000000000000000e+00,0.000000000000000000e+00
-4.102748502990304324e-18,0.000000000000000000e+00,0.000000000000000000e+00
-1.387722325543543366e-17,1.374088124539045704e-18,8.936361823142819004e-18
-4.389668799685190081e-18,0.000000000000000000e+00,0.000000000000000000e+00
-6.907145504006402045e-20,-2.728184505282834250e-20,-2.577865320178263506e-17
3.188059396225524853e-18,0.000000000000000000e+00,0.000000000000000000e+00
-9.915075576177625328e-19,-0.000000000000000000e+00,0.000000000000000000e+00
-7.908740220438672619e-19,0.000000000000000000e+00,0.000000000000000000e+00
4.694411287259319321e-18,2.293000018894158582e-18,2.603499122304837205e-17
-6.542430448453432290e-19,0.000000000000000000e+00,0.000000000000000000e+00
4.527470008998766679e-18,0.000000000000000000e+00,0.000000000000000000e+00
2.051413016319111476e-17,0.000000000000000000e+00,0.000000000000000000e+00
4.151567734862961272e-18,1.325981244832476679e-17,0.000000000000000000e+00
-1.505044087485299331e-17,-0.000000000000000000e+00,0.000000000000000000e+00
-1.022166807245627509e-17,2.168386801134332761e-19,0.000000000000000000e+00
-1.993786128313225979e-18,0.000000000000000000e+00,-0.000000000000000000e+00
-2.840856658286317375e-18,0.000000000000000000e+00,0.000000000000000000e+00
-8.993758618331152707e-18,0.000000000000000000e+00,0.000000000000000000e+00
-1.736860228706445652e-17,-0.000000000000000000e+00,0.000000000000000000e+00
-3.258929314765595123e-18,0.000000000000000000e+00,0.000000000000000000e+00
-2.080655930179899225e-17,-2.132442300601253747e-17,0.000000000000000000e+00
3.140520137726234578e-18,0.000000000000000000e+00,0.000000000000000000e+00
2.450124067055107109e-18,0.000000000000000000e+00,-0.000000000000000000e+00
-2.502287076329700049e-17,6.885864432461609739e-18,0.000000000000000000e+00
2.239377380490779155e-18,0.000000000000000000e+00,-0.000000000000000000e+00
-1.011488999180848788e-18,6.245268519721307862e-18,2.449535975243843903e-17
5.623324584089424312e-18,0.000000000000000000e+00,-0.000000000000000000e+00
9.378888902706860812e-19,0.000000000000000000e+00,0.000000000000000000e+00
-6.185427330883995186e-18,-1.917249674669599467e-17,0.000000000000000000e+00
1.155210782385133604e-17,-2.157826745970801240e-17,0.000000000000000000e+00
-5.968930664045625522e-18,0.000000000000000000e+00,0.000000000000000000e+00
-3.318523859187404295e-18,0.000000000000000000e+00,0.000000000000000000e+00
5.631808344690010268e-18,1.055392610613881906e-17,2.301859859817363807e-17
-9.330109320386498163e-19,0.000000000000000000e+00,0.000000000000000000e+00
-4.542942416894744673e-20,0.000000000000000000e+00,0.000000000000000000e+00
7.176318792078758190e-19,0.000000000000000000e+00,0.000000000000000000e+00
9.622709102851426626e-18,-1.478554638632768737e-17,-2.062410593927915559e-17
1.017875334488602182e-17,1.387778780781445676e-17,0.000000000000000000e+00
-5.713047077088901025e-19,-3.437629594923897303e-18,-6.886729688495239479e-18
3.470538931178777547e-19,0.000000000000000000e+00,0.000000000000000000e+00
2.334407533393962190e-17,-1.778125608721867362e-17,2.100930414361797564e-17
2.993048555160232508e-18,-1.472854563819038616e-18,4.243861064044260208e-17
-9.119200298403321710e-19,-1.725907218589971678e-18,-4.318360999943076873e-19
9.326176872306816580e-18,0.000000000000000000e+00,0.000000000000000000e+00
1.786761712363205731e-17,0.000000000000000000e+00,0.000000000000000000e+00
-7.585961600465435127e-18,1.700959365018402408e-18,2.522552437236925112e-17
-5.313263428105318073e-18,0.000000000000000000e+00,0.000000000000000000e+00
2.713701503782039240e-17,0.000000000000000000e+00,0.000000000000000000e+00
-9.480340726835500177e-18,-3.812584890735717015e-20,3.466319903424150551e-18
-1.050233413986349960e-17,-2.962062170238052925e-18,-2.389723387072759604e-17
-1.808440742105514940e-17,-6.883666290418661013e-18,0.000000000000000000e+00
4.547693968599218257e-18,0.000000000000000000e+00,0.000000000000000000e+00
-3.851031840315717514e-18,0.000000000000000000e+00,-0.000000000000000000e+00
-4.466090143298307464e-19,-0.000000000000000000e+00,0.000000000000000000e+00
9.018164391309761381e-19,0.000000000000000000e+00,0.000000000000000000e+00
-1.079661236251375391e-17,1.175325446391783688e-17,3.993839669929018877e-17
1.827419382881403509e-17,0.000000000000000000e+00,0.000000000000000000e+00
5.724075260238468130e-18,2.803620778798481045e-17,-2.963544629572749913e-17
-4.864533200380285584e-18,1.092749458668063774e-18,4.879055060838552416e-18
9.455864802681453925e-21,0.000000000000000000e+00,0.000000000000000000e+00
-3.360048074761505375e-18,0.000000000000000000e+00,0.000000000000000000e+00
7.504520456462043666e-19,0.000000000000000000e+00,0.000000000000000000e+00
-5.707059029378105552e-19,0.000000000000000000e+00,0.000000000000000000e+00
5.187597532025379723e-18,-2.585213838973011857e-17,6.901958832355774702e-18
1.207550264558408104e-17,0.000000000000000000e+00,0.000000000000000000e+00
7.110341791123939001e-18,0.000000000000000000e+00,0.000000000000000000e+00
-2.272632280810228333e-17,0.000000000000000000e+00,-0.000000000000000000e+00
-8.369235170470619845e-18,0.000000000000000000e+00,0.000000000000000000e+00
1.203869575177005816e-17,0.000000000000000000e+00,0.000000000000000000e+00
-1.527703297780453921e-17,-8.302530468972796536e-21,-6.875274191131126080e-18
-9.161522312963995162e-18,0.000000000000000000e+00,0.000000000000000000e+00
-2.223121547492679043e-18,-4.270636849830441921e-18,-4.587014726506584842e-18
-1.120097086862468820e-17,0.000000000000000000e+00,0.000000000000000000e+00
-2.656174336822221535e-18,-2.677414310121097251e-18,2.537298086331354455e-17
-2.346503895033699725e-18,-2.099904136410314861e-17,-2.411843563403033653e-17
5.434438735491261855e-19,-0.000000000000000000e+00,0.000000000000000000e+00
-1.074577170725688281e-17,0.000000000000000000e+00,0.000000000000000000e+00
-1.065969510521966318e-17,0.000000000000000000e+00,0.000000000000000000e+00
-2.421831774429577781e-18,0.000000000000000000e+00,0.000000000000000000e+00
-6.024389545665201646e-18,0.000000000000000000e+00,0.000000000000000000e+00
1.066618473089402503e-17,0.000000000000000000e+00,0.000000000000000000e+00
2.380171856672494269e-18,0.000000000000000000e+00,-0.000000000000000000e+00
1.889405810295512493e-17,-1.346035504801882463e-17,-3.465128492354701871e-18
7.708891557469164990e-19,0.000000000000000000e+00,-0.000000000000000000e+00
-7.453356257203353289e-18,0.000000000000000000e+00,0.000000000000000000e+00
-2.323134844934144422e-18,0.000000000000000000e+00,0.000000000000000000e+00
8.263647737727714658e-18,0.000000000000000000e+00,0.000000000000000000e+00
-7.385614091333814398e-19,0.000000000000000000e+00,0.000000000000000000e+00
1.086543516588879616e-18,0.000000000000000000e+00,-0.000000000000000000e+00
-1.805520618111657608e-18,-3.140009466866671625e-18,4.983404806203430949e-18
4.643796654939502546e-18,1.407652144941552250e-17,2.036482895806533233e-17
-1.121011631651369038e-17,0.000000000000000000e+00,0.000000000000000000e+00
1.357816793352474930e-17,-2.506846622461288011e-17,0.000000000000000000e+00
-1.508505561170868930e-19,-1.494529939720933440e-18,1.318861746131648065e-17
-4.304126767565452262e-19,-0.000000000000000000e+00,0.000000000000000000e+00
8.941562985863390531e-18,1.452399111758114202e-17,0.000000000000000000e+00
-4.513519835979409806e-18,0.000000000000000000e+00,0.000000000000000000e+00
4.884959255971089322e-18,-8.939506500885709747e-19,-3.328858091518968910e-18
-5.831550479884380907e-20,-8.280283338635183000e-19,-4.238538826616831840e-17
8.883027626997747323e-18,0.000000000000000000e+00,0.000000000000000000e+00
1.335293695895892099e-20,0.000000000000000000e+00,0.000000000000000000e+00
2.269784033882360273e-18,6.938893903907228378e-18,-0.000000000000000000e+00
-8.248431357708957676e-18,-0.000000000000000000e+00,-0.000000000000000000e+00
-4.718412781352635536e-18,-4.117156275765590880e-18,2.343342683725266232e-17
2.048927768347694426e-17,-2.175625388201840333e-17,3.428324277961218653e-17
1.340125813237120906e-18,-2.612974538335502277e-19,1.346444463638920604e-17
-3.108705063106809492e-18,0.000000000000000000e+00,0.000000000000000000e+00
-7.900374149387695049e-19,0.000000000000000000e+00,0.000000000000000000e+00
-1.691100684103813664e-17,2.408613666572442123e-17,0.000000000000000000e+00
-6.292683753698270322e-18,-3.932028640934991481e-18,0.000000000000000000e+00
5.610743337119963153e-18,-1.105725496773686289e-18,1.358137350041800446e-17
1.560681234756552002e-17,-1.583023511892305925e-17,-1.871316005961077139e-17
2.329499870840072509e-17,-5.685448649762894774e-18,4.179575419286348899e-17
1.179819701399399423e-19,-4.453881820495287434e-18,4.691726384540639665e-17
-1.179846414358047465e-17,0.000000000000000000e+00,-0.000000000000000000e+00
6.215852921822151164e-19,-4.181980662972077780e-17,0.000000000000000000e+00
2.123050490026461492e-17,-5.083925909542884896e-20,-1.348533432332880660e-17
-3.547293401094732531e-18,0.000000000000000000e+00,-0.000000000000000000e+00
1.758792811614430273e-17,0.000000000000000000e+00,0.000000000000000000e+00
-2.081072586953095986e-17,0.000000000000000000e+00,0.000000000000000000e+00
7.445797687553119229e-19,-3.795276113900534128e-18,1.293199995865023963e-17
8.382575566880863996e-18,2.484251205705941287e-17,0.000000000000000000e+00
-2.275559362904774807e-17,-1.361048170251309663e-17,0.000000000000000000e+00
1.841520798274654850e-17,1.239579165404167193e-17,2.421128272373876376e-17
4.605500203874804580e-18,6.938893903907228378e-18,-0.000000000000000000e+00
-3.278492020867788736e-18,-4.266364197438442868e-17,0.000000000000000000e+00
5.038560131982880327e-18,0.000000000000000000e+00,0.000000000000000000e+00
-4.318735469811495310e-19,-6.892598107461144723e-18,1.172785089380314883e-17
-3.448746183499295459e-18,-0.000000000000000000e+00,0.000000000000000000e+00
-1.131500227792822707e-17,-1.697821171339917894e-18,-1.339426269406542669e-17
5.840894041967837828e-18,3.523204197092324633e-20,-4.265368221142275689e-18
6.784434711710240369e-18,-1.951784196810572553e-17,-2.321036518481947078e-17
-4.049327974398746429e-18,1.387778780781445676e-17,-0.000000000000000000e+00
-9.339804438661764693e-19,0.000000000000000000e+00,0.000000000000000000e+00
-7.226541202097613600e-18,6.438492226089968385e-18,2.504592783095525734e-17
-1.916681941718183930e-18,0.000000000000000000e+00,-0.000000000000000000e+00
-1.541145728444026319e-17,0.000000000000000000e+00,0.000000000000000000e+00
3.933642620935073517e-18,-1.387778780781445676e-17,0.000000000000000000e+00
-1.230011123332319161e-17,0.000000000000000000e+00,0.000000000000000000e+00
-1.388678888380989823e-18,1.356071525944015330e-17,0.000000000000000000e+00
-9.741299249234692356e-18,1.449778999733676848e-19,1.859970669981423912e-18
7.046763429653216532e-18,-5.856490497539972333e-18,2.329027199043756197e-17
2.691929043656838230e-18,0.000000000000000000e+00,0.000000000000000000e+00
-9.836093860248191774e-18,-2.292518566470611325e-17,0.000000000000000000e+00
1.051837494897666085e-17,0.000000000000000000e+00,-0.000000000000000000e+00
-5.524800883371529264e-18,-1.578435553733290697e-17,0.000000000000000000e+00
4.377677293066791990e-18,0.000000000000000000e+00,0.000000000000000000e+00
5.698038120144668313e-18,0.000000000000000000e+00,0.000000000000000000e+00
5.798661712923877571e-18,-0.000000000000000000e+00,0.000000000000000000e+00
-9.705711774047992460e-19,1.439565284508650047e-18,-3.117975488364290778e-18
2.929534068744011755e-18,-2.128347923316805999e-18,-2.490550914770802375e-17
-1.445709447128907175e-17,-2.549401422482277820e-17,0.000000000000000000e+00
-2.029011662284203802e-19,-2.295555827384057424e-17,0.000000000000000000e+00
5.110124490191438942e-18,5.787059684477626721e-18,0.000000000000000000e+00
2.572540468537127367e-19,0.000000000000000000e+00,0.000000000000000000e+00
4.285447159355801312e-18,-0.000000000000000000e+00,0.000000000000000000e+00
-4.340005116828377873e-18,0.000000000000000000e+00,0.000000000000000000e+00
3.699411720790362484e-19,-2.194355787670410330e-17,-2.290318017109538895e-17
-5.789689349666828733e-18,0.000000000000000000e+00,0.000000000000000000e+00
1.116759248024106233e-17,0.000000000000000000e+00,-0.000000000000000000e+00
-2.934881365017449925e-18,1.636273998047849879e-17,-3.612549362991852572e-17
-1.123082326467692064e-17,0.000000000000000000e+00,0.000000000000000000e+00
-1.220642279474703252e-17,2.590525230245526831e-19,3.296868534581772485e-18
1.563906420408191622e-17,1.541521441245249145e-18,2.333602396581596715e-17
1.913502094136828841e-17,0.000000000000000000e+00,0.000000000000000000e+00
-3.089351790499439373e-18,0.000000000000000000e+00,0.000000000000000000e+00
-1.210606852635143152e-17,0.000000000000000000e+00,0.000000000000000000e+00
5.362064024684780910e-21,0.000000000000000000e+00,0.000000000000000000e+00
-3.228122398080263645e-17,1.125982487906264441e-17,1.824114218333707860e-17
3.795629835174038174e-18,1.339907051175342186e-19,-8.344951928960322967e-19
1.845983461475404002e-17,-1.363914959219064762e-19,6.905485261398231036e-18
-1.467478011529122824e-17,0.000000000000000000e+00,0.000000000000000000e+00
1.011770064192977122e-18,1.394583735039777205e-17,0.000000000000000000e+00
6.148510023778870573e-18,0.000000000000000000e+00,-0.000000000000000000e+00
3.025622601036952005e-18,0.000000000000000000e+00,0.000000000000000000e+00
5.150912222064557048e-18,-2.296107275302069409e-17,0.000000000000000000e+00
-6.254970271970491615e-18,0.000000000000000000e+00,-0.000000000000000000e+00
4.845875268322046317e-18,1.958840915235525572e-18,-2.542206181098784529e-17
-1.724809597111502166e-17,2.718424232951524671e-18,-2.119096048390000756e-17
-9.369655072483338663e-18,0.000000000000000000e+00,0.000000000000000000e+00
-2.645303927573475880e-18,0.000000000000000000e+00,0.000000000000000000e+00
7.672517036057963755e-18,0.000000000000000000e+00,0.000000000000000000e+00
9.568320478806040918e-18,0.000000000000000000e+00,0.000000000000000000e+00
-3.734672915706682374e-18,-0.000000000000000000e+00,0.000000000000000000e+00
1.101840259837484775e-17,-1.500627447449593064e-17,1.764542854219623999e-17
5.946019905395229672e-18,-2.438674709405804430e-18,2.579250784636466835e-17
1.527429028120562662e-17,-3.860897134396583290e-17,-2.410913970298636842e-17
-4.555619053305292558e-18,-6.829243125889933486e-18,0.000000000000000000e+00
5.531766360113306626e-18,0.000000000000000000e+00,0.000000000000000000e+00
1.610209920096751380e-18,-1.360244739921773003e-17,0.000000000000000000e+00
5.303712450205846849e-18,0.000000000000000000e+00,0.000000000000000000e+00
1.064211894767673100e-17,1.276473836804777568e-17,6.677275366088931861e-18
4.483229045843011244e-18,-2.751680420982468658e-18,2.353401488516852105e-17
-1.507231799386131861e-17,0.000000000000000000e+00,0.000000000000000000e+00
-1.406025335941046922e-17,-1.748776357254887157e-18,2.604825068411856121e-17
-1.983025416784105178e-20,0.000000000000000000e+00,0.000000000000000000e+00
-7.303002106990293486e-18,-5.485105110806534367e-18,1.324774390172555202e-17
-1.610010810140042408e-19,0.000000000000000000e+00,0.000000000000000000e+00
1.617924841045851214e-17,1.056761759644359728e-17,0.000000000000000000e+00
4.766612235888278652e-18,-4.171985466318468132e-18,-2.367235104802111694e-17
-1.549007902416638998e-19,0.000000000000000000e+00,0.000000000000000000e+00
-2.789559235536464516e-19,1.237338707649096028e-17,1.733475896617419134e-18
-1.236955676023015040e-18,0.000000000000000000e+00,0.000000000000000000e+00
-2.112770228441768556e-19,0.000000000000000000e+00,0.000000000000000000e+00
2.334610601541228028e-19,0.000000000000000000e+00,0.000000000000000000e+00
-1.223078366752652550e-17,-1.387778780781445676e-17,-0.000000000000000000e+00
1.310133835283580742e-17,1.833334219128524991e-17,1.844717631666773480e-17
-5.137995887106123131e-18,-3.735665996104831842e-18,-1.029298077807293458e-17
4.163603447949411109e-18,-1.310792877040102809e-17,1.347833365022658317e-17
1.518836285534402700e-17,-0.000000000000000000e+00,0.000000000000000000e+00
-2.282093848773504614e-18,-1.360401543878988374e-17,0.000000000000000000e+00
-1.089688659188250365e-17,-0.000000000000000000e+00,0.000000000000000000e+00
3.418333025582195835e-18,0.000000000000000000e+00,0.000000000000000000e+00
5.509835016500111675e-18,2.775557561562891351e-17,-0.000000000000000000e+00
6.675313905462387893e-18,2.319775782272627491e-17,0.000000000000000000e+00
-1.617909511700423291e-17,-2.531175530888856392e-17,0.000000000000000000e+00
-2.917377653187553135e-19,0.000000000000000000e+00,0.000000000000000000e+00
5.190306785942942042e-18,0.000000000000000000e+00,0.000000000000000000e+00
7.037034781590582812e-19,2.775557561562891351e-17,-0.000000000000000000e+00
7.712760024449291387e-18,0.000000000000000000e+00,0.000000000000000000e+00
1.300591028889050778e-17,-4.272624989445309198e-18,1.239916064008177753e-17
-6.983179941417672008e-19,0.000000000000000000e+00,-0.000000000000000000e+00
-5.364085275937437357e-19,0.000000000000000000e+00,0.000000000000000000e+00
1.997992856486610808e-17,1.362544458766540420e-17,0.000000000000000000e+00
-1.620259143749665910e-18,-1.327118113724531689e-17,0.000000000000000000e+00
2.357533074127687284e-17,-0.000000000000000000e+00,0.000000000000000000e+00
-1.380143776182995733e-18,-3.287414534400083771e-18,-4.658676988194376546e-17
-1.106561541035032307e-17,2.775557561562891351e-17,-0.000000000000000000e+00
3.295123041498971852e-18,0.000000000000000000e+00,0.000000000000000000e+00
-8.057999807548978178e-19,0.000000000000000000e+00,0.000000000000000000e+00
-2.570248727334916175e-17,0.000000000000000000e+00,0.000000000000000000e+00
9.765183340552482362e-18,1.439626299869796674e-18,1.077359441856031415e-17
-1.304767014682771081e-17,0.000000000000000000e+00,0.000000000000000000e+00
1.534709290476554002e-17,5.111181301477698952e-18,2.517670625483629501e-17
-2.363532478001396185e-18,-4.959097800713454794e-18,-2.490181094151669390e-17
1.963419278170116121e-17,0.000000000000000000e+00,-0.000000000000000000e+00
9.640898823678369305e-18,2.381372366012262750e-17,0.000000000000000000e+00
1.849248926304651317e-18,0.000000000000000000e+00,0.000000000000000000e+00
1.594274451417343437e-17,0.000000000000000000e+00,0.000000000000000000e+00
4.586715379394400930e-18,0.000000000000000000e+00,0.000000000000000000e+00
7.269956674163890479e-18,2.775557561562891351e-17,-0.000000000000000000e+00
3.584769454590989076e-20,0.000000000000000000e+00,0.000000000000000000e+00
-9.133884142773546020e-19,0.000000000000000000e+00,-0.000000000000000000e+00
-9.666861050239253410e-19,-1.581467763612915089e-17,-1.331319422046849847e-17
6.898791566582367712e-19,0.000000000000000000e+00,0.000000000000000000e+00
-4.512584451137937838e-18,1.349829915493755012e-17,0.000000000000000000e+00
3.820895189965741301e-18,0.000000000000000000e+00,-0.000000000000000000e+00
1.148558592877443975e-17,0.000000000000000000e+00,0.000000000000000000e+00
1.123356044862063114e-17,0.000000000000000000e+00,0.000000000000000000e+00
1.839822812291079126e-18,-5.025208834332673565e-18,-1.250756456587364576e-17
1.018328817357993982e-17,-1.427511786510097350e-18,-2.374209355508486769e-17
8.622677594722130156e-18,6.262690291146827993e-19,-2.290020682333975148e-17
7.111736227763910909e-19,0.000000000000000000e+00,-0.000000000000000000e+00
-2.128517810743487399e-17,0.000000000000000000e+00,0.000000000000000000e+00
5.231191536617204377e-18,0.000000000000000000e+00,-0.000000000000000000e+00
3.065977562809293153e-19,1.387778780781445676e-17,-0.000000000000000000e+00
4.918236947100171944e-18,-0.000000000000000000e+00,0.000000000000000000e+00
-1.863126212426080324e-17,-4.895382627537482395e-18,-4.582447446629734378e-17
2.676745266167607607e-18,5.062192510205986297e-18,2.583123585865271908e-17
-3.103278598512913236e-18,0.000000000000000000e+00,0.000000000000000000e+00
9.919218067968034913e-19,0.000000000000000000e+00,0.000000000000000000e+00
3.218639352907624287e-18,0.000000000000000000e+00,0.000000000000000000e+00
4.195295047408992500e-19,1.327772013891270860e-17,0.000000000000000000e+00
-3.373301177626529945e-18,-4.393774161086129522e-17,0.000000000000000000e+00
2.233279385664132319e-18,0.000000000000000000e+00,-0.000000000000000000e+00
4.613406129721043569e-18,0.000000000000000000e+00,0.000000000000000000e+00
-2.446389719261739789e-17,0.000000000000000000e+00,0.000000000000000000e+00
-1.793067689076412561e-17,0.000000000000000000e+00,-0.000000000000000000e+00
-3.862907112149889822e-18,4.649157992245980417e-20,-1.356260522943036552e-17
-2.815497280433737918e-18,0.000000000000000000e+00,-0.000000000000000000e+00
6.352568225021203324e-18,-1.387778780781445676e-17,-0.000000000000000000e+00
1.493453717459486383e-17,0.000000000000000000e+00,0.000000000000000000e+00
-5.686158986337268676e-18,1.745340876557405701e-19,1.322104377472427261e-17
9.326262721045275225e-18,-2.871333162903676509e-18,6.000469146222400236e-18
-5.993530302568310974e-18,-1.403959810651171113e-17,0.000000000000000000e+00
1.778213016084340868e-18,2.775557561562891351e-17,0.000000000000000000e+00
2.062127308860223674e-17,0.000000000000000000e+00,0.000000000000000000e+00
1.968798931603687891e-17,2.896163671974589102e-18,2.439117191843909618e-17
2.470741532139279538e-18,0.000000000000000000e+00,0.000000000000000000e+00
9.386404767180244184e-18,3.581503486389226782e-19,-1.362808222723771028e-17
-3.281389901983844935e-18,0.000000000000000000e+00,0.000000000000000000e+00
-3.095093734832720221e-18,1.223297638409123530e-17,-2.053316565638137166e-17
-1.414723894231563325e-17,0.000000000000000000e+00,0.000000000000000000e+00
3.128339954700615725e-18,0.000000000000000000e+00,-0.000000000000000000e+00
1.251145268675924720e-17,0.000000000000000000e+00,-0.000000000000000000e+00
8.973365056436183535e-18,6.503046971023826390e-18,-2.306013055793126477e-17
