-4.823929786682128906e+00,-1.064138785004615784e-01,-3.653434991836547852e+00,-3.190250322222709656e-02,-2.947714567184448242e+00,1.686532236635684967e-02,-1.502741813659667969e+00,1.527846790850162506e-03,-8.382366895675659180e-01,7.184109091758728027e-02,5.244081616401672363e-01,-1.358041763305664062e-01,1.683839440345764160e+00,-2.394344210624694824e-01,2.630340337753295898e+00,4.865783266723155975e-03,3.940017223358154297e+00,-1.789130568504333496e-01,5.025896549224853516e+00,3.965658694505691528e-02
-4.911265850067138672e+00,-7.135207951068878174e-02,-3.612838029861450195e+00,9.563416242599487305e-04,-2.931778907775878906e+00,2.853496372699737549e-02,-1.531958222389221191e+00,2.451099082827568054e-02,-7.128325104713439941e-01,2.111200243234634399e-01,6.238694190979003906e-01,-4.067798703908920288e-02,1.714026808738708496e+00,-2.384539246559143066e-01,2.644504785537719727e+00,-7.999144494533538818e-03,3.877556324005126953e+00,-1.225796937942504883e-01,5.041058063507080078e+00,-3.827859088778495789e-02
-5.007537841796875000e+00,-1.628476753830909729e-02,-3.707737445831298828e+00,-5.782748013734817505e-02,-3.079822063446044922e+00,-2.516607381403446198e-02,-1.476498842239379883e+00,-2.444211542606353760e-01,-7.973823547363281250e-01,1.823059469461441040e-01,6.595079898834228516e-01,-3.144525364041328430e-02,1.715581536293029785e+00,-1.254920959472656250e-01,2.712049722671508789e+00,-2.765336632728576660e-02,3.853158712387084961e+00,6.000995635986328125e-03,5.032483577728271484e+00,7.447470724582672119e-02
-4.974985599517822266e+00,-3.321932256221771240e-02,-3.660609006881713867e+00,-7.085572928190231323e-02,-3.131333589553833008e+00,-1.952275037765502930e-01,-1.481051921844482422e+00,-2.278008311986923218e-01,-6.363605856895446777e-01,2.477607429027557373e-01,6.908534765243530273e-01,-2.295702323317527771e-02,1.707154631614685059e+00,-2.104655355215072632e-01,2.651206254959106445e+00,-1.715468466281890869e-01,3.777797222137451172e+00,-2.356057986617088318e-03,5.064402580261230469e+00,1.179268956184387207e-01
-4.755556583404541016e+00,-1.574247181415557861e-01,-3.753828763961791992e+00,1.931666582822799683e-02,-3.175649404525756836e+00,4.338213801383972168e-02,-1.627788186073303223e+00,-3.116507530212402344e-01,-5.967087745666503906e-01,2.973657846450805664e-02,7.466217279434204102e-01,4.321880638599395752e-02,1.667473077774047852e+00,-3.870162367820739746e-02,2.676636695861816406e+00,-2.370996773242950439e-01,3.825080394744873047e+00,3.837808594107627869e-02,5.188327312469482422e+00,8.380682766437530518e-02
-4.636105060577392578e+00,-7.119227945804595947e-02,-3.842164278030395508e+00,-7.731239497661590576e-02,-3.162297010421752930e+00,-1.216450855135917664e-01,-1.654004693031311035e+00,-3.962762355804443359e-01,-5.511752963066101074e-01,-1.543906778097152710e-01,6.883313655853271484e-01,-1.246009320020675659e-01,1.548123359680175781e+00,-1.125524491071701050e-01,2.759193658828735352e+00,-2.359574586153030396e-01,3.825433969497680664e+00,-3.592953458428382874e-02,5.271362304687500000e+00,-2.243474870920181274e-02
-4.593771457672119141e+00,-1.851494610309600830e-01,-3.763835668563842773e+00,-2.098163068294525146e-01,-3.096054792404174805e+00,-7.521699368953704834e-02,-1.639685988426208496e+00,-3.008281886577606201e-01,-3.345409631729125977e-01,-1.068950593471527100e-01,4.743560552597045898e-01,-2.131135463714599609e-01,1.435300111770629883e+00,-1.935696899890899658e-01,2.839179992675781250e+00,-3.233711123466491699e-01,3.665985107421875000e+00,7.733210921287536621e-02,5.334752082824707031e+00,3.380865603685379028e-02
-4.661052703857421875e+00,-7.232726365327835083e-02,-3.806474208831787109e+00,-2.516628503799438477e-01,-3.234540700912475586e+00,-9.105022251605987549e-02,-1.726224064826965332e+00,-2.403633892536163330e-01,-3.774662613868713379e-01,-2.164261788129806519e-02,3.418663740158081055e-01,-5.132448673248291016e-02,1.467808008193969727e+00,-4.134872555732727051e-02,2.931433200836181641e+00,-3.789730370044708252e-01,3.931290864944458008e+00,-3.844074904918670654e-02,5.273215770721435547e+00,-2.855853363871574402e-02
-4.482478618621826172e+00,-1.602398753166198730e-01,-3.667645454406738281e+00,-3.691590428352355957e-01,-3.180433511734008789e+00,-8.763587474822998047e-02,-1.648693799972534180e+00,-3.952902853488922119e-01,-3.660202026367187500e-01,-5.099829286336898804e-02,2.300544679164886475e-01,3.810186311602592468e-02,1.429029941558837891e+00,1.283778697252273560e-01,3.084827661514282227e+00,-2.931083738803863525e-01,3.950890541076660156e+00,-7.624210417270660400e-02,5.332709789276123047e+00,-1.576868444681167603e-01
-4.533158779144287109e+00,-1.997852921485900879e-01,-3.790403604507446289e+00,-3.493646085262298584e-01,-3.303066730499267578e+00,-4.367221146821975708e-02,-1.555220842361450195e+00,-2.876859903335571289e-01,-3.313343822956085205e-01,-1.338956207036972046e-01,1.881974041461944580e-01,1.620177179574966431e-03,1.287217497825622559e+00,2.635670304298400879e-01,3.132332086563110352e+00,-2.534033954143524170e-01,3.887618541717529297e+00,-2.111354768276214600e-01,5.282058238983154297e+00,-1.354783177375793457e-01
-4.505822181701660156e+00,-1.087046191096305847e-01,-3.701564073562622070e+00,-3.286070525646209717e-01,-3.266839981079101562e+00,-3.849801048636436462e-02,-1.660549044609069824e+00,-9.371487796306610107e-02,-3.738652765750885010e-01,-1.934070885181427002e-02,2.783889770507812500e-01,1.205074191093444824e-01,1.285378575325012207e+00,1.239632517099380493e-01,3.006454944610595703e+00,-3.123543262481689453e-01,3.903766870498657227e+00,-7.542027533054351807e-02,5.224465370178222656e+00,-8.787606656551361084e-02
-4.593098640441894531e+00,-1.170277744531631470e-01,-3.701950073242187500e+00,-4.066041111946105957e-01,-3.253300428390502930e+00,-9.683963656425476074e-02,-1.753630995750427246e+00,-3.398813307285308838e-02,-4.272531867027282715e-01,1.016286015510559082e-02,1.352632045745849609e-01,1.624075770378112793e-01,1.223031044006347656e+00,2.948266267776489258e-01,3.072169065475463867e+00,-3.007467389106750488e-01,3.909579277038574219e+00,3.748270869255065918e-02,5.003061294555664062e+00,-4.171647131443023682e-02
-4.482929229736328125e+00,7.265249639749526978e-02,-3.697931528091430664e+00,-2.200414538383483887e-01,-3.309818267822265625e+00,7.221212983131408691e-02,-1.924733638763427734e+00,-9.564310312271118164e-02,-5.275330543518066406e-01,6.835636496543884277e-02,-4.314133524894714355e-02,1.830856800079345703e-01,1.250221133232116699e+00,2.801005244255065918e-01,2.949226379394531250e+00,-4.282917976379394531e-01,4.037021160125732422e+00,-2.005351334810256958e-02,5.128978729248046875e+00,1.241982728242874146e-02
-4.395712852478027344e+00,5.924127623438835144e-02,-3.659340143203735352e+00,-1.240082979202270508e-01,-3.291202783584594727e+00,2.224206030368804932e-01,-1.985089182853698730e+00,-1.469061225652694702e-01,-5.153176188468933105e-01,3.905974328517913818e-02,5.899977311491966248e-02,5.222372710704803467e-02,1.293413281440734863e+00,2.469677329063415527e-01,2.748359441757202148e+00,-5.068669319152832031e-01,4.045863151550292969e+00,-9.350652992725372314e-02,5.077536582946777344e+00,-8.554349839687347412e-02
-4.411690235137939453e+00,2.033089101314544678e-02,-3.647293329238891602e+00,-1.083265319466590881e-01,-3.219599246978759766e+00,4.229461550712585449e-01,-2.018436908721923828e+00,-6.900131702423095703e-03,-4.770526885986328125e-01,5.180554836988449097e-02,2.242346256971359253e-01,-1.289542764425277710e-02,1.309036970138549805e+00,2.833323478698730469e-01,2.795664548873901367e+00,-5.063298940658569336e-01,4.015157699584960938e+00,-2.235664427280426025e-01,5.053901672363281250e+00,6.752372533082962036e-02
-4.389424800872802734e+00,-1.656443178653717041e-01,-3.913160324096679688e+00,-2.481364011764526367e-01,-3.492455720901489258e+00,4.436765015125274658e-01,-1.858268260955810547e+00,6.992974877357482910e-02,-5.396067500114440918e-01,2.387748062610626221e-01,1.240184456110000610e-01,1.551513969898223877e-01,1.512431621551513672e+00,3.853507041931152344e-01,2.877956390380859375e+00,-2.549317479133605957e-01,4.108854293823242188e+00,-3.417911529541015625e-01,5.025404930114746094e+00,1.532640755176544189e-01
-4.469700336456298828e+00,-1.482925564050674438e-01,-3.887004137039184570e+00,-4.721743762493133545e-01,-3.424032449722290039e+00,3.433420658111572266e-01,-1.733095884323120117e+00,2.802282869815826416e-01,-5.711265802383422852e-01,2.048215866088867188e-01,-8.682906627655029297e-05,4.651412367820739746e-02,1.482235431671142578e+00,3.637425005435943604e-01,2.819839239120483398e+00,-3.597713112831115723e-01,4.025569915771484375e+00,-3.684659600257873535e-01,4.950379848480224609e+00,2.989567518234252930e-01
-4.521572589874267578e+00,-2.767969071865081787e-01,-3.864962100982666016e+00,-4.773947596549987793e-01,-3.322235584259033203e+00,3.698425889015197754e-01,-1.775495290756225586e+00,2.941473126411437988e-01,-7.506577372550964355e-01,1.555652618408203125e-01,-1.103272512555122375e-01,-2.774656191468238831e-02,1.482853293418884277e+00,2.930057048797607422e-01,2.728858232498168945e+00,-3.449203968048095703e-01,3.955708026885986328e+00,-3.184243440628051758e-01,4.749641418457031250e+00,3.614487946033477783e-01
-4.414280891418457031e+00,-1.954226493835449219e-01,-3.960368633270263672e+00,-3.321828842163085938e-01,-3.417248249053955078e+00,2.972762882709503174e-01,-1.803313970565795898e+00,2.259777486324310303e-01,-7.722423076629638672e-01,-1.792743802070617676e-02,-1.578802764415740967e-01,-5.635306239128112793e-02,1.498370051383972168e+00,2.796964943408966064e-01,2.777475595474243164e+00,-4.160442352294921875e-01,3.846477508544921875e+00,-4.069121479988098145e-01,4.716060161590576172e+00,1.612682789564132690e-01
-4.385024070739746094e+00,-1.884516179561614990e-01,-3.835916757583618164e+00,-3.157832026481628418e-01,-3.280770301818847656e+00,3.417545855045318604e-01,-1.920729756355285645e+00,9.903289377689361572e-02,-8.304225206375122070e-01,1.559039205312728882e-01,-2.289720773696899414e-01,-4.388049244880676270e-03,1.620311617851257324e+00,1.609608083963394165e-01,2.920342922210693359e+00,-4.180707633495330811e-01,3.729158401489257812e+00,-4.196873605251312256e-01,4.726233482360839844e+00,9.314583986997604370e-02
-4.293576717376708984e+00,-2.267213463783264160e-01,-3.840666055679321289e+00,-3.646745085716247559e-01,-3.332307338714599609e+00,4.388566017150878906e-01,-1.936297655105590820e+00,1.205843165516853333e-01,-7.324151396751403809e-01,3.579278588294982910e-01,-1.725522428750991821e-01,5.457661300897598267e-02,1.622029781341552734e+00,-6.148815155029296875e-04,2.930898189544677734e+00,-1.937109827995300293e-01,3.809778451919555664e+00,-3.591132164001464844e-01,4.816895961761474609e+00,1.560890674591064453e-02
-4.406201839447021484e+00,-1.987099349498748779e-01,-3.970235347747802734e+00,-3.206016421318054199e-01,-3.378235816955566406e+00,5.632352232933044434e-01,-1.933488845825195312e+00,-8.613578975200653076e-03,-8.043697476387023926e-01,3.235420882701873779e-01,-3.358293771743774414e-01,1.366917937994003296e-01,1.753327131271362305e+00,-6.721047312021255493e-02,3.037853956222534180e+00,-1.929444074630737305e-01,3.830043792724609375e+00,-3.270905315876007080e-01,4.920274734497070312e+00,-4.472737014293670654e-02
-4.303947925567626953e+00,-1.774172186851501465e-01,-3.941711902618408203e+00,-2.630318403244018555e-01,-3.247736930847167969e+00,6.218510866165161133e-01,-2.129864215850830078e+00,-6.331086158752441406e-02,-9.017111659049987793e-01,2.677731812000274658e-01,-4.952363967895507812e-01,2.019708752632141113e-01,1.906985878944396973e+00,-7.555572688579559326e-02,3.008490562438964844e+00,-2.932645082473754883e-01,3.701172351837158203e+00,-3.454184532165527344e-01,4.857361316680908203e+00,7.047078758478164673e-02
-4.342795372009277344e+00,-3.032013773918151855e-01,-3.957213401794433594e+00,-3.587440252304077148e-01,-3.407545566558837891e+00,6.692730784416198730e-01,-2.220215320587158203e+00,-6.640145182609558105e-02,-8.281129598617553711e-01,3.199665546417236328e-01,-5.090284943580627441e-01,3.354308009147644043e-01,2.025605440139770508e+00,-1.149788349866867065e-01,2.918441295623779297e+00,-2.859670221805572510e-01,3.691416740417480469e+00,-4.445664584636688232e-01,4.877852439880371094e+00,5.190151184797286987e-02
-4.365967750549316406e+00,-2.354373335838317871e-01,-4.087079048156738281e+00,-2.147148698568344116e-01,-3.226008415222167969e+00,6.942508220672607422e-01,-2.291019439697265625e+00,7.246453315019607544e-02,-7.255861163139343262e-01,3.360585272312164307e-01,-5.039666891098022461e-01,4.757109880447387695e-01,1.972845554351806641e+00,-3.850059211254119873e-01,2.912165403366088867e+00,-2.307724654674530029e-01,3.490072727203369141e+00,-5.884280800819396973e-01,4.757312297821044922e+00,7.004664093255996704e-02
-4.310011863708496094e+00,-2.349775135517120361e-01,-4.100459575653076172e+00,-1.988227218389511108e-01,-3.389364957809448242e+00,7.092115879058837891e-01,-2.217037439346313477e+00,2.144980281591415405e-01,-5.448098182678222656e-01,3.717603385448455811e-01,-3.496463298797607422e-01,4.673925340175628662e-01,1.927679657936096191e+00,-4.369203746318817139e-01,2.678924798965454102e+00,-6.755000352859497070e-02,3.323334217071533203e+00,-5.202379226684570312e-01,4.767774581909179688e+00,-2.063661068677902222e-02
-4.202531337738037109e+00,-2.179401367902755737e-01,-4.041536331176757812e+00,-1.834865808486938477e-01,-3.386688232421875000e+00,7.217447757720947266e-01,-2.158399581909179688e+00,1.699579954147338867e-01,-6.444937586784362793e-01,3.368753790855407715e-01,-4.150726795196533203e-01,4.210191965103149414e-01,2.015668153762817383e+00,-4.406518340110778809e-01,2.712778329849243164e+00,5.591844767332077026e-02,3.291570425033569336e+00,-4.634300470352172852e-01,4.633539199829101562e+00,-1.448697876185178757e-02
-4.215183258056640625e+00,-2.550443410873413086e-01,-4.002075672149658203e+00,-1.815587580204010010e-01,-3.575578212738037109e+00,9.236599206924438477e-01,-2.052912473678588867e+00,1.193691864609718323e-01,-5.713599920272827148e-01,3.161516487598419189e-01,-3.718616962432861328e-01,4.967339932918548584e-01,2.124815464019775391e+00,-4.314843416213989258e-01,2.834407567977905273e+00,6.769187003374099731e-02,3.103964090347290039e+00,-4.742293953895568848e-01,4.750042915344238281e+00,-1.034794896841049194e-01
-4.268250942230224609e+00,-3.644939959049224854e-01,-4.106966495513916016e+00,-3.683980405330657959e-01,-3.685697555541992188e+00,8.110514283180236816e-01,-2.141031503677368164e+00,2.931553870439529419e-02,-6.627674698829650879e-01,2.835018038749694824e-01,-4.344933331012725830e-01,5.316888093948364258e-01,2.340625762939453125e+00,-5.908222198486328125e-01,3.012891054153442383e+00,2.722982466220855713e-01,3.119584798812866211e+00,-4.711005389690399170e-01,4.720633029937744141e+00,2.594938129186630249e-02
-4.383664608001708984e+00,-3.259206712245941162e-01,-4.161985397338867188e+00,-3.409901559352874756e-01,-3.652849912643432617e+00,9.377856254577636719e-01,-2.255937576293945312e+00,-9.630157798528671265e-02,-5.434180498123168945e-01,4.105006754398345947e-01,-3.632382154464721680e-01,5.933855772018432617e-01,2.106298446655273438e+00,-6.623261570930480957e-01,3.029079437255859375e+00,3.037796020507812500e-01,3.137546539306640625e+00,-5.471713542938232422e-01,4.681249141693115234e+00,-1.556155532598495483e-01
-4.432479858398437500e+00,-4.156871736049652100e-01,-4.193573474884033203e+00,-4.336146116256713867e-01,-3.577348947525024414e+00,9.014580249786376953e-01,-2.085114002227783203e+00,-1.904574781656265259e-02,-6.121176481246948242e-01,5.219753980636596680e-01,-3.839008510112762451e-01,7.191583514213562012e-01,2.137616395950317383e+00,-7.471918463706970215e-01,2.962743043899536133e+00,2.507011592388153076e-01,3.218694448471069336e+00,-6.603544950485229492e-01,4.871758460998535156e+00,-2.861070632934570312e-01
-4.582350254058837891e+00,-4.453541934490203857e-01,-4.327403068542480469e+00,-4.832662940025329590e-01,-3.649934530258178711e+00,8.198252320289611816e-01,-1.990253210067749023e+00,-3.661736845970153809e-02,-4.356635808944702148e-01,6.185497045516967773e-01,-2.891729176044464111e-01,8.095785975456237793e-01,2.007032155990600586e+00,-7.217468023300170898e-01,2.799954414367675781e+00,2.113646566867828369e-01,3.369910955429077148e+00,-5.242699384689331055e-01,4.857645034790039062e+00,-2.782340347766876221e-01
-4.613648414611816406e+00,-4.337770640850067139e-01,-4.309230327606201172e+00,-4.010035991668701172e-01,-3.866616249084472656e+00,8.892590999603271484e-01,-2.046834707260131836e+00,-7.769906520843505859e-02,-4.934263825416564941e-01,6.304484009742736816e-01,-3.861105740070343018e-01,8.491321802139282227e-01,1.850996136665344238e+00,-6.861882209777832031e-01,2.641701221466064453e+00,2.954620420932769775e-01,3.395887374877929688e+00,-4.537103772163391113e-01,4.866705894470214844e+00,-3.231852948665618896e-01
-4.583162307739257812e+00,-3.632246255874633789e-01,-4.245300769805908203e+00,-3.474245071411132812e-01,-3.629514217376708984e+00,9.413620829582214355e-01,-2.103839397430419922e+00,-1.989029347896575928e-01,-3.561168313026428223e-01,4.974614977836608887e-01,-2.226080894470214844e-01,6.950172781944274902e-01,1.861262917518615723e+00,-6.325381994247436523e-01,2.638312101364135742e+00,2.512391805648803711e-01,3.494692564010620117e+00,-3.564023375511169434e-01,4.731281280517578125e+00,-4.592611193656921387e-01
-4.584655761718750000e+00,-3.513741493225097656e-01,-4.193244457244873047e+00,-3.232184350490570068e-01,-3.712618827819824219e+00,9.757001996040344238e-01,-2.186320066452026367e+00,-2.091709822416305542e-01,-5.600335597991943359e-01,5.905696153640747070e-01,-3.927665650844573975e-01,8.518081307411193848e-01,1.795151829719543457e+00,-7.340790033340454102e-01,2.660439968109130859e+00,1.342732012271881104e-01,3.556328773498535156e+00,-3.550513684749603271e-01,4.846405506134033203e+00,-1.189721524715423584e-01
-4.533625602722167969e+00,-3.964452147483825684e-01,-4.069481372833251953e+00,-3.913686275482177734e-01,-3.855350971221923828e+00,7.547816634178161621e-01,-2.412296295166015625e+00,-2.682486176490783691e-01,-6.964038014411926270e-01,6.902273893356323242e-01,-4.573487639427185059e-01,9.371773004531860352e-01,1.688150167465209961e+00,-7.274083495140075684e-01,2.496431589126586914e+00,2.061003148555755615e-01,3.303391933441162109e+00,-4.777313172817230225e-01,4.595098018646240234e+00,-1.569799929857254028e-01
-4.421992778778076172e+00,-3.929678797721862793e-01,-3.915441274642944336e+00,-3.326476514339447021e-01,-3.921164035797119141e+00,8.174181580543518066e-01,-2.383522748947143555e+00,-1.909780502319335938e-01,-6.055377125740051270e-01,6.159710288047790527e-01,-3.222650289535522461e-01,8.623055815696716309e-01,1.735290765762329102e+00,-8.061873316764831543e-01,2.496341466903686523e+00,1.488816589117050171e-01,3.185449361801147461e+00,-5.481291413307189941e-01,4.468798160552978516e+00,-2.043096125125885010e-01
-4.381333827972412109e+00,-2.912993133068084717e-01,-3.970772266387939453e+00,-1.252348870038986206e-01,-3.936430931091308594e+00,8.432752490043640137e-01,-2.444148540496826172e+00,-1.898655146360397339e-01,-7.356951832771301270e-01,6.430524587631225586e-01,-3.854213356971740723e-01,7.787414789199829102e-01,1.643544197082519531e+00,-6.987748742103576660e-01,2.423309087753295898e+00,2.475315481424331665e-01,3.396552562713623047e+00,-4.119774103164672852e-01,4.746010780334472656e+00,-1.201458498835563660e-01
-4.476171493530273438e+00,-2.285560369491577148e-01,-4.021442890167236328e+00,-3.019285947084426880e-02,-3.934262275695800781e+00,8.309162259101867676e-01,-2.292046785354614258e+00,-1.658614575862884521e-01,-7.131547927856445312e-01,6.336945891380310059e-01,-3.398696780204772949e-01,8.879702687263488770e-01,1.652550697326660156e+00,-6.856658458709716797e-01,2.349742889404296875e+00,2.449220120906829834e-01,3.441905260086059570e+00,-4.040110409259796143e-01,4.926469802856445312e+00,-1.136344820261001587e-01
-4.583902835845947266e+00,-3.663095235824584961e-01,-4.020032405853271484e+00,-1.513493061065673828e-01,-3.871660470962524414e+00,9.029678106307983398e-01,-2.182116031646728516e+00,-2.763237357139587402e-01,-7.743888497352600098e-01,5.636582374572753906e-01,-2.734552323818206787e-01,8.394891023635864258e-01,1.715099692344665527e+00,-5.904143452644348145e-01,2.395361661911010742e+00,3.540868163108825684e-01,3.453837871551513672e+00,-3.879063129425048828e-01,5.037613391876220703e+00,-9.105366468429565430e-02
-4.605144023895263672e+00,-4.690421521663665771e-01,-3.893994808197021484e+00,-2.960747480392456055e-01,-3.899645328521728516e+00,1.080693960189819336e+00,-2.159100770950317383e+00,-1.673884093761444092e-01,-8.050251007080078125e-01,5.545659661293029785e-01,-1.977707892656326294e-01,8.648764491081237793e-01,1.680583596229553223e+00,-6.242588162422180176e-01,2.389117240905761719e+00,2.270309925079345703e-01,3.434684514999389648e+00,-4.312767088413238525e-01,5.017306804656982422e+00,-2.631258964538574219e-01
-4.840618133544921875e+00,-6.267470121383666992e-01,-4.105750560760498047e+00,-4.383888840675354004e-01,-3.918857574462890625e+00,1.107959032058715820e+00,-2.156113386154174805e+00,-2.557654976844787598e-01,-7.310794591903686523e-01,5.683702826499938965e-01,-1.789331585168838501e-01,7.705055475234985352e-01,1.696610927581787109e+00,-7.364551424980163574e-01,2.344739437103271484e+00,1.342859566211700439e-01,3.421637296676635742e+00,-2.918770313262939453e-01,4.960919380187988281e+00,-4.317728281021118164e-01
-4.936851501464843750e+00,-5.155583620071411133e-01,-4.016607284545898438e+00,-3.669472634792327881e-01,-3.992699146270751953e+00,1.098051071166992188e+00,-2.139343023300170898e+00,-3.318919539451599121e-01,-7.396482825279235840e-01,6.731877923011779785e-01,-2.351148724555969238e-01,8.091486692428588867e-01,1.572581052780151367e+00,-7.103776335716247559e-01,2.399436473846435547e+00,1.240433529019355774e-01,3.363628625869750977e+00,-1.675070822238922119e-01,4.942881584167480469e+00,-5.185847878456115723e-01
-4.948647975921630859e+00,-5.892602801322937012e-01,-4.026703357696533203e+00,-3.552451431751251221e-01,-4.037644386291503906e+00,1.147898197174072266e+00,-2.032935619354248047e+00,-4.393423795700073242e-01,-8.157831430435180664e-01,6.894145011901855469e-01,-1.834101825952529907e-01,8.622683882713317871e-01,1.620791792869567871e+00,-6.989915966987609863e-01,2.348244428634643555e+00,1.974349021911621094e-01,3.279514789581298828e+00,-1.713807880878448486e-01,4.993125438690185547e+00,-4.735287427902221680e-01
-4.846987724304199219e+00,-5.768143534660339355e-01,-4.190571308135986328e+00,-3.116369545459747314e-01,-4.273562431335449219e+00,1.150470733642578125e+00,-2.136132001876831055e+00,-3.717834353446960449e-01,-8.623991608619689941e-01,7.043495178222656250e-01,-9.753165394067764282e-02,8.428149223327636719e-01,1.593226194381713867e+00,-8.041595220565795898e-01,2.445213079452514648e+00,2.728446424007415771e-01,3.225603818893432617e+00,-2.322368025779724121e-01,4.785570621490478516e+00,-6.127544641494750977e-01
-4.951483249664306641e+00,-3.867214918136596680e-01,-4.258695602416992188e+00,-1.820923537015914917e-01,-4.281168937683105469e+00,9.547496438026428223e-01,-1.992363214492797852e+00,-3.265357017517089844e-01,-9.943743944168090820e-01,8.317788839340209961e-01,9.717076271772384644e-02,9.391931891441345215e-01,1.465052604675292969e+00,-8.778361082077026367e-01,2.386518716812133789e+00,1.813362836837768555e-01,3.197824239730834961e+00,-3.856639862060546875e-01,4.757567882537841797e+00,-5.459448099136352539e-01
-4.832141876220703125e+00,-4.993442893028259277e-01,-4.101383209228515625e+00,-2.934078574180603027e-01,-4.298819065093994141e+00,9.008376598358154297e-01,-2.046487092971801758e+00,-3.954891860485076904e-01,-9.405711293220520020e-01,8.285559415817260742e-01,-7.469224929809570312e-02,9.572119712829589844e-01,1.509084105491638184e+00,-8.684566020965576172e-01,2.543168783187866211e+00,2.686097025871276855e-01,3.261643648147583008e+00,-5.804281234741210938e-01,4.836466312408447266e+00,-5.738067626953125000e-01
-4.835236072540283203e+00,-5.825955271720886230e-01,-4.116152763366699219e+00,-2.699669003486633301e-01,-4.354783058166503906e+00,7.282528281211853027e-01,-2.154169797897338867e+00,-4.736341834068298340e-01,-9.268745183944702148e-01,8.090786933898925781e-01,-1.292994320392608643e-01,9.982373714447021484e-01,1.559160470962524414e+00,-7.736157774925231934e-01,2.476114034652709961e+00,3.191248178482055664e-01,3.077826738357543945e+00,-5.218842625617980957e-01,5.039515495300292969e+00,-5.341909527778625488e-01
-4.813888549804687500e+00,-5.807951092720031738e-01,-4.134201049804687500e+00,-3.155162334442138672e-01,-4.428461551666259766e+00,6.975995302200317383e-01,-2.250458717346191406e+00,-4.642101824283599854e-01,-9.408444166183471680e-01,8.102582693099975586e-01,-1.978995054960250854e-01,9.862082600593566895e-01,1.622109413146972656e+00,-9.469078183174133301e-01,2.280679941177368164e+00,2.880617678165435791e-01,3.140071868896484375e+00,-7.090937495231628418e-01,5.029271125793457031e+00,-6.415046453475952148e-01
-4.867765903472900391e+00,-5.024579167366027832e-01,-4.066479206085205078e+00,-2.873305380344390869e-01,-4.437107086181640625e+00,7.790099978446960449e-01,-2.071753978729248047e+00,-2.812644839286804199e-01,-1.030895233154296875e+00,8.254359960556030273e-01,-3.878489732742309570e-01,1.101279854774475098e+00,1.424057722091674805e+00,-8.879160881042480469e-01,2.228073835372924805e+00,1.907259672880172729e-01,3.164156198501586914e+00,-5.605724453926086426e-01,5.212261199951171875e+00,-5.915474891662597656e-01
-4.855666637420654297e+00,-6.232618689537048340e-01,-4.084287166595458984e+00,-3.122550249099731445e-01,-4.401409626007080078e+00,8.952633738517761230e-01,-2.201277017593383789e+00,-4.675991237163543701e-01,-1.011550068855285645e+00,8.060223460197448730e-01,-4.024295210838317871e-01,1.217837333679199219e+00,1.275322914123535156e+00,-8.473705649375915527e-01,2.019523859024047852e+00,2.139064222574234009e-01,3.201409578323364258e+00,-4.391815662384033203e-01,5.180342197418212891e+00,-7.141733169555664062e-01
-4.896386146545410156e+00,-7.379615902900695801e-01,-4.208960056304931641e+00,-2.409441173076629639e-01,-4.477730274200439453e+00,1.150671124458312988e+00,-2.325634002685546875e+00,-3.178252577781677246e-01,-9.805468916893005371e-01,6.335487365722656250e-01,-4.255491793155670166e-01,1.070033192634582520e+00,1.282909393310546875e+00,-9.657660722732543945e-01,2.149774074554443359e+00,1.679896712303161621e-01,3.251546382904052734e+00,-4.894449114799499512e-01,5.260920524597167969e+00,-7.614802122116088867e-01
-4.875494003295898438e+00,-7.927392125129699707e-01,-4.214763641357421875e+00,-3.806433081626892090e-01,-4.616652011871337891e+00,1.006489872932434082e+00,-2.578200817108154297e+00,-3.458756804466247559e-01,-7.848504781723022461e-01,9.195148944854736328e-01,-3.259933590888977051e-01,1.284643411636352539e+00,1.290568709373474121e+00,-1.048944115638732910e+00,1.882135748863220215e+00,9.764960408210754395e-02,3.368457317352294922e+00,-2.892345786094665527e-01,5.302888393402099609e+00,-6.030945777893066406e-01
-5.080282211303710938e+00,-9.594587087631225586e-01,-4.199015617370605469e+00,-3.723889887332916260e-01,-4.612853527069091797e+00,9.731321930885314941e-01,-2.605636835098266602e+00,-3.270603716373443604e-01,-7.087889313697814941e-01,1.012697458267211914e+00,-2.211744785308837891e-01,1.277961373329162598e+00,1.340810656547546387e+00,-1.029728055000305176e+00,1.842899799346923828e+00,1.557125747203826904e-01,3.459361314773559570e+00,-2.956173717975616455e-01,5.132872104644775391e+00,-5.980588197708129883e-01
-4.985053539276123047e+00,-1.017535090446472168e+00,-4.128426074981689453e+00,-3.903051614761352539e-01,-4.531132698059082031e+00,1.076982975006103516e+00,-2.611981868743896484e+00,-3.594458103179931641e-01,-6.022400856018066406e-01,8.858928084373474121e-01,-1.403175592422485352e-01,1.127593517303466797e+00,1.299354314804077148e+00,-1.001767039299011230e+00,1.750076532363891602e+00,1.760469377040863037e-02,3.531415462493896484e+00,-3.405880928039550781e-01,5.005743980407714844e+00,-7.918329834938049316e-01
-5.024404048919677734e+00,-1.136229753494262695e+00,-4.101783752441406250e+00,-4.103575050830841064e-01,-4.478825092315673828e+00,1.265320062637329102e+00,-2.544100522994995117e+00,-3.092600703239440918e-01,-5.751369595527648926e-01,9.827910065650939941e-01,-1.112818717956542969e-03,1.166062116622924805e+00,1.293860077857971191e+00,-1.089903593063354492e+00,1.743010997772216797e+00,-2.769430726766586304e-02,3.610351562500000000e+00,-4.706020057201385498e-01,5.116804599761962891e+00,-7.719694972038269043e-01
-5.093190193176269531e+00,-9.960053563117980957e-01,-4.232664585113525391e+00,-5.839136838912963867e-01,-4.521366119384765625e+00,1.292781233787536621e+00,-2.539559602737426758e+00,-2.984208762645721436e-01,-7.102856636047363281e-01,8.740423321723937988e-01,-7.939366996288299561e-02,1.013507366180419922e+00,1.342752575874328613e+00,-1.164110064506530762e+00,1.685662746429443359e+00,1.300290375947952271e-01,3.708122968673706055e+00,-5.218405127525329590e-01,5.238400936126708984e+00,-9.000475406646728516e-01
-5.119488239288330078e+00,-9.796016216278076172e-01,-4.139686584472656250e+00,-6.774348020553588867e-01,-4.465737342834472656e+00,1.268775463104248047e+00,-2.552680015563964844e+00,-2.396155595779418945e-01,-6.291863918304443359e-01,7.785857915878295898e-01,6.525990366935729980e-02,9.824700951576232910e-01,1.214775562286376953e+00,-1.097572207450866699e+00,1.646453857421875000e+00,-1.901218295097351074e-02,3.702875852584838867e+00,-5.946426391601562500e-01,5.163763523101806641e+00,-7.926256656646728516e-01
-5.041613578796386719e+00,-8.171255588531494141e-01,-4.166877269744873047e+00,-6.948794722557067871e-01,-4.465829849243164062e+00,1.153033852577209473e+00,-2.433379650115966797e+00,-7.143060863018035889e-02,-6.327258944511413574e-01,8.275109529495239258e-01,1.499389857053756714e-02,9.153825640678405762e-01,9.678713083267211914e-01,-9.721270203590393066e-01,1.551896572113037109e+00,-1.475574970245361328e-01,3.750110149383544922e+00,-6.532056331634521484e-01,5.161870002746582031e+00,-6.623791456222534180e-01
-5.061364173889160156e+00,-8.049589991569519043e-01,-4.327502250671386719e+00,-7.617577910423278809e-01,-4.393580436706542969e+00,1.179052472114562988e+00,-2.342557191848754883e+00,2.486140280961990356e-02,-7.068821191787719727e-01,8.045655488967895508e-01,2.614737674593925476e-02,9.452612400054931641e-01,8.576976656913757324e-01,-8.586102128028869629e-01,1.424794793128967285e+00,-2.544593811035156250e-02,3.799061775207519531e+00,-6.123290061950683594e-01,4.959370613098144531e+00,-6.907298564910888672e-01
-4.923628330230712891e+00,-9.304500222206115723e-01,-4.378202915191650391e+00,-7.690176963806152344e-01,-4.313754558563232422e+00,1.256095170974731445e+00,-2.261367797851562500e+00,9.843267500400543213e-02,-6.192606091499328613e-01,6.924307942390441895e-01,-9.329710155725479126e-04,8.757742643356323242e-01,8.204596042633056641e-01,-8.282833695411682129e-01,1.327888727188110352e+00,-1.536827683448791504e-01,3.638178586959838867e+00,-5.646830797195434570e-01,4.960543632507324219e+00,-8.541418910026550293e-01
-4.783438205718994141e+00,-1.136346340179443359e+00,-4.316062927246093750e+00,-7.875744104385375977e-01,-4.319509983062744141e+00,1.247884750366210938e+00,-2.225494623184204102e+00,1.861468553543090820e-01,-3.090718686580657959e-01,5.821903347969055176e-01,2.135752141475677490e-01,9.597404599189758301e-01,7.113097310066223145e-01,-9.148632884025573730e-01,1.397270798683166504e+00,-7.498076558113098145e-02,3.611706018447875977e+00,-6.211373209953308105e-01,4.962216854095458984e+00,-8.389181494712829590e-01
-4.978135585784912109e+00,-1.226930618286132812e+00,-4.368021965026855469e+00,-7.578760981559753418e-01,-4.192811489105224609e+00,1.221555113792419434e+00,-2.258598566055297852e+00,1.528201103210449219e-01,-2.840383946895599365e-01,5.349679589271545410e-01,2.808592319488525391e-01,8.151103258132934570e-01,7.339527606964111328e-01,-7.929183244705200195e-01,1.376496911048889160e+00,-1.021436154842376709e-01,3.548716545104980469e+00,-4.588817358016967773e-01,4.945287227630615234e+00,-6.537591814994812012e-01
-4.978663921356201172e+00,-1.169602274894714355e+00,-4.358876228332519531e+00,-7.214894890785217285e-01,-4.051977634429931641e+00,1.309053659439086914e+00,-2.300984621047973633e+00,1.293264031410217285e-01,-2.131191194057464600e-01,5.946143269538879395e-01,3.759372532367706299e-01,8.176364898681640625e-01,5.997272729873657227e-01,-7.310862541198730469e-01,1.553716182708740234e+00,-3.281710743904113770e-01,3.621048450469970703e+00,-5.056251287460327148e-01,5.028086185455322266e+00,-6.137862801551818848e-01
-5.117219924926757812e+00,-1.116794705390930176e+00,-4.439735889434814453e+00,-7.088823914527893066e-01,-3.942662000656127930e+00,1.295619130134582520e+00,-2.116937398910522461e+00,2.014140486717224121e-01,-2.513957321643829346e-01,6.578546762466430664e-01,5.235285758972167969e-01,6.114385128021240234e-01,6.181303858757019043e-01,-6.468737125396728516e-01,1.524605870246887207e+00,-2.146412432193756104e-01,3.647429227828979492e+00,-4.151967167854309082e-01,5.111517906188964844e+00,-4.713205695152282715e-01
-5.140025615692138672e+00,-1.029588341712951660e+00,-4.485796928405761719e+00,-4.988405406475067139e-01,-3.953701257705688477e+00,1.183125376701354980e+00,-2.068103075027465820e+00,2.195830047130584717e-01,-3.322762846946716309e-01,6.814115047454833984e-01,3.002575635910034180e-01,6.268612146377563477e-01,5.792957544326782227e-01,-6.363608241081237793e-01,1.543155074119567871e+00,-1.024283543229103088e-01,3.482772350311279297e+00,-4.465534687042236328e-01,4.948278903961181641e+00,-4.977918863296508789e-01
-5.080496311187744141e+00,-1.045347332954406738e+00,-4.498219966888427734e+00,-6.020489931106567383e-01,-3.860036611557006836e+00,1.425316452980041504e+00,-2.144511461257934570e+00,1.887577921152114868e-01,-3.088703751564025879e-01,6.017030477523803711e-01,3.775240480899810791e-01,5.877419710159301758e-01,4.410222768783569336e-01,-7.155190110206604004e-01,1.451140284538269043e+00,-8.579792827367782593e-02,3.502228498458862305e+00,-3.518469631671905518e-01,5.047951221466064453e+00,-5.131837129592895508e-01
-5.282145500183105469e+00,-1.176067590713500977e+00,-4.690156459808349609e+00,-5.856750011444091797e-01,-3.838047981262207031e+00,1.382776498794555664e+00,-2.163929939270019531e+00,2.833769917488098145e-01,-3.085195422172546387e-01,6.556566357612609863e-01,3.060629367828369141e-01,5.013983249664306641e-01,4.395163655281066895e-01,-8.695273399353027344e-01,1.390372872352600098e+00,-1.149802953004837036e-01,3.722430467605590820e+00,-1.129132360219955444e-01,5.001133441925048828e+00,-5.429914593696594238e-01
-5.335967540740966797e+00,-1.171969056129455566e+00,-4.915919303894042969e+00,-6.853508353233337402e-01,-3.786314725875854492e+00,1.425823807716369629e+00,-2.167003393173217773e+00,1.987665593624114990e-01,-3.355578780174255371e-01,8.268129825592041016e-01,2.684863209724426270e-01,5.796163082122802734e-01,5.252218246459960938e-01,-9.501271247863769531e-01,1.435017108917236328e+00,-1.575051993131637573e-01,3.693039894104003906e+00,-2.544236183166503906e-01,5.193030357360839844e+00,-6.073429584503173828e-01
-5.444809436798095703e+00,-1.201825499534606934e+00,-4.826308727264404297e+00,-6.181987524032592773e-01,-3.840477228164672852e+00,1.402046918869018555e+00,-2.248698234558105469e+00,2.717167139053344727e-02,-3.720031976699829102e-01,9.065879583358764648e-01,2.301406264305114746e-01,6.558622121810913086e-01,3.150667548179626465e-01,-8.615112304687500000e-01,1.368740677833557129e+00,-2.134611755609512329e-01,3.743276596069335938e+00,-1.537440270185470581e-01,5.037301540374755859e+00,-7.390265464782714844e-01
-5.446934700012207031e+00,-1.376187086105346680e+00,-4.909487724304199219e+00,-6.491515040397644043e-01,-3.894128799438476562e+00,1.415885686874389648e+00,-2.322122097015380859e+00,1.962629258632659912e-01,-2.549704313278198242e-01,1.019424676895141602e+00,2.318112999200820923e-01,8.685638308525085449e-01,3.827877044677734375e-01,-7.977098226547241211e-01,1.324319005012512207e+00,-2.722647488117218018e-01,3.652768135070800781e+00,-8.752641081809997559e-02,5.153076171875000000e+00,-8.190628886222839355e-01
-5.424982070922851562e+00,-1.398135662078857422e+00,-4.963842868804931641e+00,-5.772881507873535156e-01,-3.931701183319091797e+00,1.337179780006408691e+00,-2.196077108383178711e+00,1.690110862255096436e-01,-2.465710341930389404e-01,9.975856542587280273e-01,1.406348943710327148e-01,8.283422589302062988e-01,4.102824032306671143e-01,-7.639472484588623047e-01,1.244919180870056152e+00,-2.372294962406158447e-01,3.693237304687500000e+00,-2.065609097480773926e-01,5.166756629943847656e+00,-7.250827550888061523e-01
-5.509592533111572266e+00,-1.446803927421569824e+00,-5.080976486206054688e+00,-5.766295194625854492e-01,-3.972815513610839844e+00,1.268383622169494629e+00,-2.011594772338867188e+00,1.159036159515380859e-01,-2.396300137042999268e-01,9.220110177993774414e-01,2.001701593399047852e-01,7.935275435447692871e-01,4.526586830615997314e-01,-7.000006437301635742e-01,1.271020531654357910e+00,-2.691308856010437012e-01,3.677022933959960938e+00,-3.971809148788452148e-01,5.158362388610839844e+00,-7.141949534416198730e-01
-5.353989124298095703e+00,-1.515797853469848633e+00,-5.127292156219482422e+00,-6.588013172149658203e-01,-3.948764562606811523e+00,1.511060953140258789e+00,-2.144725322723388672e+00,2.896175086498260498e-01,-3.569996356964111328e-01,8.995115756988525391e-01,4.324030876159667969e-02,6.947827339172363281e-01,4.482175409793853760e-01,-8.460917472839355469e-01,1.148519635200500488e+00,-4.232027232646942139e-01,3.635766983032226562e+00,-5.099024772644042969e-01,5.051365375518798828e+00,-7.371643781661987305e-01
-5.336390018463134766e+00,-1.490353345870971680e+00,-5.136215209960937500e+00,-6.513867974281311035e-01,-4.077471256256103516e+00,1.572887539863586426e+00,-2.138827085494995117e+00,2.296809852123260498e-01,-4.037336409091949463e-01,9.302707910537719727e-01,-2.311275526881217957e-02,7.309554815292358398e-01,5.196909904479980469e-01,-7.842258810997009277e-01,1.209572196006774902e+00,-3.673868477344512939e-01,3.681616783142089844e+00,-6.562197208404541016e-01,5.026706218719482422e+00,-6.578428745269775391e-01
-5.421149253845214844e+00,-1.512239933013916016e+00,-5.224296092987060547e+00,-6.604687571525573730e-01,-4.083978652954101562e+00,1.404370546340942383e+00,-2.393611431121826172e+00,2.189243584871292114e-01,-4.526093602180480957e-01,1.017508149147033691e+00,-8.307341486215591431e-02,7.573390603065490723e-01,3.712487816810607910e-01,-6.856737136840820312e-01,1.029412746429443359e+00,-5.321062803268432617e-01,3.907172918319702148e+00,-5.760991573333740234e-01,5.067772388458251953e+00,-7.188919782638549805e-01
-5.192906856536865234e+00,-1.606633782386779785e+00,-5.194157123565673828e+00,-6.103309988975524902e-01,-4.131222248077392578e+00,1.357253551483154297e+00,-2.389713764190673828e+00,1.011717468500137329e-01,-5.094161629676818848e-01,1.059046030044555664e+00,-2.606029510498046875e-01,7.254123091697692871e-01,5.073913335800170898e-01,-6.363902091979980469e-01,1.067334413528442383e+00,-5.920199751853942871e-01,3.859306812286376953e+00,-5.041396021842956543e-01,5.047252178192138672e+00,-6.921728849411010742e-01
-5.256009578704833984e+00,-1.606309771537780762e+00,-5.178472042083740234e+00,-4.279791414737701416e-01,-4.005174636840820312e+00,1.615162253379821777e+00,-2.270441055297851562e+00,2.871395945549011230e-01,-6.500344276428222656e-01,1.150343179702758789e+00,-4.499348700046539307e-01,8.341869115829467773e-01,3.314108848571777344e-01,-7.687786817550659180e-01,1.035906910896301270e+00,-7.982475757598876953e-01,3.859311342239379883e+00,-3.981072008609771729e-01,5.071072101593017578e+00,-6.935762166976928711e-01
-5.360330581665039062e+00,-1.538302540779113770e+00,-5.090463638305664062e+00,-4.224046766757965088e-01,-3.909183740615844727e+00,1.641147971153259277e+00,-2.349003553390502930e+00,3.465283513069152832e-01,-6.120990514755249023e-01,9.780607223510742188e-01,-4.675512909889221191e-01,6.783558130264282227e-01,3.352230191230773926e-01,-8.252666592597961426e-01,1.054794073104858398e+00,-9.036051034927368164e-01,3.799955129623413086e+00,-2.572759389877319336e-01,5.091588497161865234e+00,-7.005621194839477539e-01
-5.396650791168212891e+00,-1.603737473487854004e+00,-5.134932994842529297e+00,-4.273639619350433350e-01,-3.848634243011474609e+00,1.638163089752197266e+00,-2.398261070251464844e+00,4.178454279899597168e-01,-6.324386000633239746e-01,9.282522201538085938e-01,-4.612992703914642334e-01,7.191735506057739258e-01,2.222976982593536377e-01,-8.250268101692199707e-01,1.023731350898742676e+00,-9.728087782859802246e-01,3.595509290695190430e+00,-2.557715177536010742e-01,5.121145248413085938e+00,-5.724030137062072754e-01
-5.369821548461914062e+00,-1.683463454246520996e+00,-5.103757381439208984e+00,-3.251323103904724121e-01,-3.822689533233642578e+00,1.678803563117980957e+00,-2.585288524627685547e+00,2.400760799646377563e-01,-4.563995599746704102e-01,9.484825134277343750e-01,-3.694349527359008789e-01,8.900045156478881836e-01,1.310473084449768066e-01,-8.475078344345092773e-01,1.046035528182983398e+00,-9.883249998092651367e-01,3.499976873397827148e+00,-3.771458864212036133e-01,5.263444900512695312e+00,-4.427040219306945801e-01
-5.310732364654541016e+00,-1.571044445037841797e+00,-5.061754703521728516e+00,-3.300283253192901611e-01,-3.729820728302001953e+00,1.825978875160217285e+00,-2.561292648315429688e+00,1.427436619997024536e-01,-4.882103800773620605e-01,1.103617310523986816e+00,-3.811686336994171143e-01,1.022831559181213379e+00,5.198169499635696411e-02,-9.007008075714111328e-01,9.213725328445434570e-01,-1.035827398300170898e+00,3.465728998184204102e+00,-4.913064837455749512e-01,5.163124561309814453e+00,-3.792389333248138428e-01
-5.424371242523193359e+00,-1.586198329925537109e+00,-5.321642398834228516e+00,-4.838479161262512207e-01,-3.755134344100952148e+00,1.739790439605712891e+00,-2.666255474090576172e+00,-2.319218218326568604e-02,-4.280698597431182861e-01,1.126135945320129395e+00,-3.321894705295562744e-01,1.102408647537231445e+00,1.817468926310539246e-02,-9.787240028381347656e-01,8.620250225067138672e-01,-1.047805309295654297e+00,3.486166238784790039e+00,-5.538040399551391602e-01,5.177600383758544922e+00,-3.834783732891082764e-01
-5.408931732177734375e+00,-1.693128705024719238e+00,-5.358919143676757812e+00,-4.422060549259185791e-01,-3.788393497467041016e+00,1.771599173545837402e+00,-2.746262788772583008e+00,-5.017810314893722534e-02,-4.506414532661437988e-01,1.184773921966552734e+00,-3.691239058971405029e-01,1.115536689758300781e+00,-1.294804215431213379e-01,-8.974837660789489746e-01,8.629890084266662598e-01,-7.683942317962646484e-01,3.486686944961547852e+00,-5.287980437278747559e-01,5.060553550720214844e+00,-2.829222381114959717e-01
-5.500237941741943359e+00,-1.759742736816406250e+00,-5.378025054931640625e+00,-5.980110764503479004e-01,-3.840682506561279297e+00,1.617495894432067871e+00,-2.767747879028320312e+00,-6.517381221055984497e-02,-6.946277618408203125e-01,1.245746016502380371e+00,-6.086165904998779297e-01,1.165370345115661621e+00,-2.726653814315795898e-01,-7.652728557586669922e-01,6.691387295722961426e-01,-8.107933402061462402e-01,3.479743957519531250e+00,-4.068012833595275879e-01,5.154127120971679688e+00,-3.243958353996276855e-01
-5.349337100982666016e+00,-1.745433688163757324e+00,-5.464980602264404297e+00,-5.548602342605590820e-01,-3.767125844955444336e+00,1.466736197471618652e+00,-2.770419597625732422e+00,-1.371806561946868896e-01,-8.608435988426208496e-01,1.159279584884643555e+00,-7.901379466056823730e-01,1.113658308982849121e+00,-2.962226569652557373e-01,-7.382674217224121094e-01,6.920855045318603516e-01,-8.928173780441284180e-01,3.434501886367797852e+00,-4.804592132568359375e-01,5.179703235626220703e+00,-3.409209847450256348e-01
-5.097835063934326172e+00,-1.848278999328613281e+00,-5.467113494873046875e+00,-4.925290644168853760e-01,-3.966377735137939453e+00,1.541684865951538086e+00,-2.672615528106689453e+00,-4.281998425722122192e-02,-9.691424965858459473e-01,1.140845179557800293e+00,-9.069948792457580566e-01,1.077499866485595703e+00,-3.399602472782135010e-01,-8.834285736083984375e-01,7.013775706291198730e-01,-8.647814989089965820e-01,3.545891761779785156e+00,-3.674676716327667236e-01,5.232769012451171875e+00,-4.224616885185241699e-01
-5.017958164215087891e+00,-1.930483102798461914e+00,-5.425720691680908203e+00,-4.961129128932952881e-01,-3.942938089370727539e+00,1.530467510223388672e+00,-2.685486316680908203e+00,-1.967340409755706787e-01,-8.221666812896728516e-01,1.179731965065002441e+00,-7.848083376884460449e-01,1.110306739807128906e+00,-1.297212094068527222e-01,-8.370996117591857910e-01,8.995056152343750000e-01,-8.259962797164916992e-01,3.386003255844116211e+00,-3.663638532161712646e-01,5.151666164398193359e+00,-6.472704410552978516e-01
-5.049129486083984375e+00,-1.913567900657653809e+00,-5.547729492187500000e+00,-6.121405363082885742e-01,-3.996102571487426758e+00,1.597995638847351074e+00,-2.820403099060058594e+00,-4.475609660148620605e-01,-8.290272951126098633e-01,1.307343244552612305e+00,-7.758609056472778320e-01,1.237398624420166016e+00,-2.106311917304992676e-01,-1.019689083099365234e+00,9.807519316673278809e-01,-8.530849814414978027e-01,3.388549089431762695e+00,-2.862281799316406250e-01,5.162140846252441406e+00,-8.205690383911132812e-01
-5.167794227600097656e+00,-2.034580230712890625e+00,-5.610880851745605469e+00,-4.994300603866577148e-01,-3.974961996078491211e+00,1.604101538658142090e+00,-2.803922176361083984e+00,-5.840713977813720703e-01,-6.795981526374816895e-01,1.313365578651428223e+00,-6.423860192298889160e-01,1.251763463020324707e+00,-2.744522988796234131e-01,-7.936726808547973633e-01,9.320825338363647461e-01,-7.500749230384826660e-01,3.293267011642456055e+00,-2.734912335872650146e-01,5.317691326141357422e+00,-7.193713188171386719e-01
-4.928038120269775391e+00,-2.208244323730468750e+00,-5.648108005523681641e+00,-6.380692124366760254e-01,-3.940531492233276367e+00,1.599529743194580078e+00,-2.769602775573730469e+00,-4.416493475437164307e-01,-6.495762467384338379e-01,1.350527286529541016e+00,-6.113435626029968262e-01,1.271134734153747559e+00,-3.848274946212768555e-01,-8.215619325637817383e-01,9.670457839965820312e-01,-6.067452430725097656e-01,3.273436784744262695e+00,-2.885237336158752441e-01,5.175219535827636719e+00,-8.513639569282531738e-01
-4.716456890106201172e+00,-2.190336465835571289e+00,-5.781506061553955078e+00,-6.699152588844299316e-01,-3.920071363449096680e+00,1.521634817123413086e+00,-2.719864845275878906e+00,-3.423148393630981445e-01,-6.523593664169311523e-01,1.115194082260131836e+00,-5.743051767349243164e-01,1.071872472763061523e+00,-4.023858606815338135e-01,-7.664387822151184082e-01,8.679946064949035645e-01,-5.887417793273925781e-01,3.163918495178222656e+00,-1.740561425685882568e-01,4.983802318572998047e+00,-9.756947159767150879e-01
-4.706351757049560547e+00,-2.264319419860839844e+00,-5.711371421813964844e+00,-7.273896932601928711e-01,-3.834361076354980469e+00,1.645618677139282227e+00,-2.609953880310058594e+00,-4.005219340324401855e-01,-6.712335348129272461e-01,1.150792837142944336e+00,-5.979238152503967285e-01,1.093736410140991211e+00,-2.793953716754913330e-01,-6.126949787139892578e-01,8.212956190109252930e-01,-6.552349328994750977e-01,3.138405323028564453e+00,-3.101270198822021484e-01,4.771844387054443359e+00,-1.232084751129150391e+00
-4.860012531280517578e+00,-2.147876977920532227e+00,-5.627950668334960938e+00,-7.560544610023498535e-01,-3.858216285705566406e+00,1.635840296745300293e+00,-2.545051097869873047e+00,-3.662148118019104004e-01,-5.949805378913879395e-01,1.229474425315856934e+00,-5.064744949340820312e-01,1.160758495330810547e+00,-1.876008212566375732e-01,-6.382219791412353516e-01,8.926340341567993164e-01,-5.632227063179016113e-01,3.057269573211669922e+00,-4.002627134323120117e-01,4.741662979125976562e+00,-1.383591532707214355e+00
-5.010168075561523438e+00,-2.080499172210693359e+00,-5.589110851287841797e+00,-7.920725941658020020e-01,-3.893894672393798828e+00,1.537738800048828125e+00,-2.506632089614868164e+00,-4.223567545413970947e-01,-6.311472654342651367e-01,1.202533602714538574e+00,-5.362687706947326660e-01,1.100268602371215820e+00,-3.124617934226989746e-01,-4.796486496925354004e-01,9.223173260688781738e-01,-4.777648746967315674e-01,3.109220266342163086e+00,-3.671783506870269775e-01,4.629167079925537109e+00,-1.464827179908752441e+00
-4.997055053710937500e+00,-1.925802350044250488e+00,-5.682376384735107422e+00,-8.019930720329284668e-01,-3.794360160827636719e+00,1.550581455230712891e+00,-2.424819231033325195e+00,-3.532570302486419678e-01,-7.267417907714843750e-01,1.221574425697326660e+00,-6.429314017295837402e-01,1.096043109893798828e+00,-3.076282441616058350e-01,-6.578943133354187012e-01,9.158516526222229004e-01,-5.669428110122680664e-01,3.216103792190551758e+00,-4.156678915023803711e-01,4.659889221191406250e+00,-1.312027215957641602e+00
-4.915042877197265625e+00,-1.877641201019287109e+00,-5.621335983276367188e+00,-8.980084657669067383e-01,-3.882142305374145508e+00,1.520623564720153809e+00,-2.342282533645629883e+00,-5.045315623283386230e-01,-8.246428966522216797e-01,1.249153137207031250e+00,-7.326708436012268066e-01,1.144560217857360840e+00,-3.388925194740295410e-01,-7.027226090431213379e-01,1.112121343612670898e+00,-6.155385971069335938e-01,3.173966646194458008e+00,-5.346162915229797363e-01,4.592686176300048828e+00,-1.342761874198913574e+00
-4.892443180084228516e+00,-1.714647054672241211e+00,-5.451874256134033203e+00,-7.795926332473754883e-01,-3.892517089843750000e+00,1.586417078971862793e+00,-2.433510303497314453e+00,-6.768209934234619141e-01,-8.015173077583312988e-01,1.071054458618164062e+00,-6.661837100982666016e-01,9.875125885009765625e-01,-4.399391710758209229e-01,-6.511667966842651367e-01,1.088933467864990234e+00,-6.356667280197143555e-01,3.083430290222167969e+00,-4.537000656127929688e-01,4.538466930389404297e+00,-1.440134644508361816e+00
-4.980711460113525391e+00,-1.617521762847900391e+00,-5.549891471862792969e+00,-7.899125218391418457e-01,-3.856590270996093750e+00,1.596484780311584473e+00,-2.208846092224121094e+00,-7.433601617813110352e-01,-7.606468796730041504e-01,1.132446885108947754e+00,-6.012473106384277344e-01,1.046797990798950195e+00,-4.671566784381866455e-01,-9.808017611503601074e-01,1.123717188835144043e+00,-4.548450708389282227e-01,2.959150791168212891e+00,-5.661996603012084961e-01,4.725211143493652344e+00,-1.333264708518981934e+00
-4.924487113952636719e+00,-1.725576519966125488e+00,-5.607345581054687500e+00,-7.023358941078186035e-01,-3.940977096557617188e+00,1.647657752037048340e+00,-2.227107524871826172e+00,-7.473965883255004883e-01,-8.249599933624267578e-01,1.121814131736755371e+00,-6.493514180183410645e-01,1.000779628753662109e+00,-4.489535391330718994e-01,-1.041626214981079102e+00,1.196805477142333984e+00,-4.235015511512756348e-01,2.759873151779174805e+00,-4.902776181697845459e-01,4.602688312530517578e+00,-1.473181009292602539e+00
