-1.448959608143777014e-02,-2.307009775313086652e-01,9.729168055756337585e-01
-2.171485999599281347e-01,-4.624632206915945121e-01,8.596361178097398081e-01
4.863255364108023393e-01,-7.484084496374419082e-01,4.509681420522140272e-01
-1.326763302907249531e-01,4.716091556343594005e-01,8.717693477648965628e-01
-4.228427199683319482e-01,9.057244185764888877e-01,-2.945015728419902307e-02
-3.541773885001108235e-01,4.126583038624164756e-01,8.392088546533784665e-01
-3.109634396221792052e-01,-3.984223930102702704e-01,8.628796764128316976e-01
3.096134956070174110e-02,-4.033429283460887027e-01,9.145249460712279177e-01
4.498891980213298725e-01,-8.766811986642748522e-01,1.703812941971480088e-01
8.760248572670036316e-01,-3.354093757536381060e-01,3.465270553750182669e-01
2.480975695205170084e-01,-6.905194927065614330e-01,6.794339012665510102e-01
8.500596464906372551e-01,-1.648189612640623969e-01,5.002332530090820573e-01
3.312202805173367626e-01,4.487656891037596352e-01,8.300014952138606850e-01
-1.229107004650924623e-01,-7.787953490072950791e-01,6.151184959630020543e-01
1.430301351413977295e-01,7.493879339406729623e-02,9.868771745693963870e-01
5.172578131247870248e-01,2.112781876760675415e-01,8.293406309675653842e-01
-1.106517470630110356e-01,-6.869095120786750108e-01,7.182698052178861925e-01
8.337749356192886152e-01,-3.289913384097099547e-01,4.433780057517952011e-01
-6.714635936122429483e-01,9.277254366278453457e-02,7.352073840731400134e-01
6.475611194445267671e-01,-5.117568292723052581e-01,5.645967979690532657e-01
4.885196893071481195e-01,4.733853168421229274e-01,7.329767083322160648e-01
1.889901201025817601e-01,-6.082728510361023327e-02,9.800932485690000417e-01
-7.288378333883782645e-01,-3.065025245956798927e-01,6.122512678943256015e-01
5.019346160542415003e-01,-8.470527801205549601e-01,-1.748234220478483425e-01
5.816230632962964275e-01,-5.391406915883625306e-01,6.091321095751351944e-01
-3.155979533920795221e-01,-2.351274924003003350e-02,9.486016458123537332e-01
1.493350509229813411e-02,7.774520976811064576e-01,6.287648417627258457e-01
1.906232238456747607e-01,3.116615462200563180e-01,9.308758602189690645e-01
1.560910459102255177e-01,2.830200811533929439e-01,9.463272262016870773e-01
-3.730194232459494996e-01,5.485414288227743462e-01,7.483039561209926527e-01
-9.287293617000306201e-01,2.554739760851861274e-01,-2.686909381789405193e-01
-4.881674390721381096e-01,-7.044853574301962462e-02,8.699020377269011117e-01
6.550517134976320266e-01,4.043059890102527199e-01,6.383133398999724095e-01
4.080052433321155747e-01,-5.221660381195541989e-01,7.489154491983922579e-01
-4.876358898761883331e-01,9.526195631277577236e-02,8.678343151685815604e-01
7.542565700813831375e-01,-5.572859737418554005e-01,3.471734004206826207e-01
-4.392143472905697954e-01,6.668650531084897581e-01,6.019815263583507825e-01
-1.532469424733204633e-01,-7.062318372052012183e-01,6.911960407441185561e-01
8.510779155074212898e-01,2.307776293398374201e-01,4.716015983134782541e-01
7.341093370813100982e-02,-2.155052768748488279e-01,9.737393442041845093e-01
-5.842795070804420732e-01,-6.709903058065237458e-01,-4.564969519279440391e-01
-2.071948487312254006e-01,-6.197343566589763597e-01,7.569673849220514006e-01
7.173579835196147725e-01,-5.906312583278722217e-01,3.695297554551007502e-01
4.222492239729076502e-01,-8.822753998971717693e-02,9.021759773135396010e-01
-1.866424164665147351e-02,7.894102662140231041e-01,6.135821686454560053e-01
4.884390200872543719e-01,9.853461365525216509e-02,8.670168704056531173e-01
4.247663776117659995e-01,-5.625789768838210803e-01,7.092802120593325599e-01
3.191085194527945590e-01,2.915445132988372934e-01,9.017602506087688541e-01
7.138531556907299347e-01,-9.780731279483241558e-02,6.934316128316045935e-01
2.573063696865892647e-01,1.124781251704072005e-01,9.597614825970349761e-01
7.180137935726566001e-02,1.201189458877541666e-01,9.901595834819804098e-01
-3.584428901354311803e-01,3.186466493520615506e-01,8.774867562351374994e-01
-9.985553143998880943e-01,1.834937541069839653e-02,-5.050331182980074413e-02
-4.335289749299200412e-01,-3.356255407261698465e-01,8.363062383531997268e-01
4.709542598625088977e-02,-8.382031154520122040e-01,5.433208610919650905e-01
-7.430239791677237804e-01,-1.718205629984680960e-01,6.468331009716893343e-01
-3.301353901947368108e-01,-9.428595547669719190e-01,-4.501648726407193185e-02
5.279245432972097252e-01,-8.471902371220468853e-01,-5.970241795373720101e-02
4.842526847156637393e-01,-7.868152566648565216e-01,3.826500871881359789e-01
4.780439088324159869e-01,2.712206185844800443e-01,8.354121122433387781e-01
5.245769351476269327e-01,1.787483010829047647e-01,8.323869796982036329e-01
4.912020099030652842e-01,6.518145388773120830e-02,8.686034558624958768e-01
7.457907666765484223e-01,-4.927709127928862065e-01,4.483000779001402591e-01
-1.929381946867131659e-01,-2.677252420007705802e-01,9.439798979992428674e-01
8.725409817932209267e-01,-4.754284493979699655e-01,-1.124278639589146866e-01
4.842736593046597648e-01,3.071879362700268290e-01,8.192158413469776690e-01
4.981083398393410140e-03,5.133356856799248941e-02,9.986691411805280749e-01
-4.516840237363824867e-02,-6.608681065395596299e-01,7.491416162421030700e-01
6.561785073837910209e-01,1.929843075428064048e-01,7.295113593973734378e-01
2.518378224236706431e-01,5.950204578202425987e-01,7.632354590637758784e-01
9.961161541436624328e-03,7.497940416961035304e-01,6.615963046282584692e-01
7.822233482154224982e-01,2.683305670236524887e-01,5.622502470496736349e-01
6.198646318731531463e-02,-3.417980365160935285e-01,9.377269221981796576e-01
-2.467111847934337909e-01,-2.914053907188737802e-01,9.242383294139021599e-01
-1.807549965573932438e-01,-3.811997126229380584e-01,9.066501035767471350e-01
4.846650168368969031e-03,-3.922551350201317621e-01,9.198436927176724121e-01
-3.105511363333480213e-01,6.877144297634441017e-01,6.562064117464924129e-01
-2.077117048329122362e-01,-6.748298663498281114e-01,7.081387569944738170e-01
9.435420964838021618e-01,2.868037681505443692e-01,1.657465255672054549e-01
6.791275081696024341e-01,1.316541199034341469e-01,7.221170406241628204e-01
1.914459594331771597e-01,5.565351533564278919e-01,8.084658729317197867e-01
-6.645047311364515874e-01,4.800164375357452995e-01,5.727282793723077470e-01
8.863220076617952525e-01,-1.784355721983799381e-01,4.273102447971512396e-01
7.013663343333115252e-01,-4.499997306369572514e-01,5.527978902732166855e-01
2.009790952025803379e-01,-2.458817006298476271e-01,9.482349880630466243e-01
-7.039741970411714789e-01,1.329268254326257948e-01,6.976752747379272313e-01
-1.424777164617274661e-01,-1.047966444137872627e-01,9.842346080236469286e-01
2.981045354665007308e-01,-6.017476560984151845e-01,7.409679104484655499e-01
2.190172186374816921e-01,2.909126623309567505e-01,9.313438037780765733e-01
6.920246680437327491e-01,-6.814583647329104377e-01,2.381519597956507361e-01
-5.832208254707946238e-02,-6.106521893317266025e-01,7.897483386191710419e-01
2.968934773954103878e-01,-3.232971805624942907e-01,8.985172208257351523e-01
8.812579152379493297e-02,-1.621662367446490838e-01,9.828204090923139402e-01
-1.260763085141915207e-02,5.395869501241858796e-02,9.984635731346794829e-01
-2.215164574842338197e-01,7.920994190861728734e-01,5.687784888223031965e-01
-2.945498455053265352e-01,2.556551021590808825e-01,9.208044620074439246e-01
-2.688354319322159847e-01,7.768771076869158687e-01,5.693763870146275607e-01
-2.088501933634681063e-01,-9.255887515288203637e-01,3.157009023987132346e-01
-2.661386211551773906e-01,-6.019140323617425681e-01,7.529075188731004786e-01
-8.173158178033428367e-01,5.298804882681389383e-01,2.263217226011934313e-01
-2.079163591427198310e-01,3.393054812397986453e-01,9.174108011144540553e-01
7.674078469210072750e-01,7.197177116861618040e-02,6.371069459980139849e-01
2.640361498777982208e-01,2.182662720719129590e-01,9.394917487841704107e-01
-3.438025881723875132e-01,-8.700411758424790865e-01,3.533102499285918907e-01
9.080672531720723750e-01,2.538696159703326405e-01,3.331127163643007871e-01
6.001717141858315951e-01,-1.457875345347010299e-01,7.864730817170629829e-01
-3.795667100329233601e-01,1.181678607279679077e-01,9.175867639224960515e-01
7.065564501055628943e-01,5.775229514273145792e-01,4.089562609728685239e-01
-6.097635096393644316e-01,-3.935679249289778525e-01,6.879627539186865537e-01
7.004045474091346035e-01,-5.396878783234859700e-01,4.670872123697027423e-01
-4.145408283727151644e-01,-1.632500214595420940e-01,8.952683017428475498e-01
-6.213889071834369782e-01,2.065775569445653936e-01,7.557787632609088702e-01
8.746750268435723452e-01,3.151788763025215045e-01,3.682470276171634915e-01
1.090711776190271126e-01,7.875991224422230763e-01,6.064578308019765718e-01
3.872869657204263683e-01,-8.423802815208403802e-04,9.219588367050487454e-01
-8.188082908863569820e-01,-3.056495934993677110e-01,4.859334406782829241e-01
-4.545340860914217074e-01,-2.802403824095585638e-01,8.454963587431826300e-01
3.952603814524018877e-01,-8.987320878562208293e-01,-1.898680202448528309e-01
8.794897606893943287e-01,-4.057119007679289568e-01,2.487882923647852795e-01
5.992460107746039322e-01,7.254390510201430553e-01,3.385888388971463603e-01
2.245905886879661917e-01,-6.416138961468190738e-01,7.334103051799120143e-01
-3.781072159776999175e-01,-2.646946781925487158e-01,8.871142319691056599e-01
-2.795937157756411273e-01,-6.145867912535585287e-01,7.376384142080895101e-01
9.826302131862684197e-01,-2.333628076935921961e-03,-1.855597432459618334e-01
-2.422531051687074888e-01,4.280440907395749450e-02,9.692683919327755859e-01
8.638605972390263066e-01,-2.660954742301148146e-01,4.277125987530446816e-01
-1.313762984939078060e-01,-4.693481919961420279e-01,8.731852855287888238e-01
1.967364778737425157e-01,-9.108250306458222090e-01,3.628946428687968573e-01
7.487263501703420587e-01,-4.202141460054376748e-02,6.615459570396963196e-01
-8.241991204085073741e-02,-3.764868858306477661e-01,9.227483854750001546e-01
-7.991096013118508257e-01,2.768553695578660490e-01,5.336430918115517841e-01
2.770378491072624239e-01,-6.651049873366712273e-01,6.934590009379848485e-01
2.536324543416192401e-01,-2.688440962512881338e-01,9.291896631019281871e-01
-8.071096054833894196e-02,2.983510119048263243e-01,9.510375463370154270e-01
7.560574846332376309e-01,6.541300927688293854e-01,2.215630078114347312e-02
8.493432687416092586e-01,2.452949635490428992e-01,4.673824907939880813e-01
-6.233633975767712831e-01,-5.727602128928488412e-01,5.323192773970173430e-01
6.908778681216488637e-01,1.136050536532262067e-01,7.139899601003737439e-01
8.827286896377205538e-01,4.234053383646619317e-01,2.037596131101032659e-01
6.470738168112971644e-01,6.843492340757246772e-01,3.360976069793250587e-01
7.742678182901654438e-01,5.231418974016035506e-01,-3.561346665844781767e-01
-5.127025090335586566e-02,-5.119492935929546018e-01,8.574842751689281117e-01
1.222725362533573640e-01,-2.037968034191193212e-01,9.713476667982069435e-01
7.150903031945166077e-01,-1.950916004473737253e-01,6.712563785261610461e-01
3.971844740627586412e-01,9.045235171736114577e-01,1.551827968666931179e-01
-6.498696678355912748e-02,-9.025415344006405549e-01,4.256706154176137513e-01
5.242561145828122937e-01,-8.181276922533613494e-01,2.362680797118446863e-01
7.687158191700048555e-03,3.222604715518026454e-04,9.999704014355246251e-01
6.291816527257781955e-01,-5.805960841037600684e-01,5.167578107746781946e-01
-6.062398678976131938e-01,1.689813278831268639e-01,7.771219552929513608e-01
-8.815489506623546134e-01,-4.720917349015898989e-01,-9.172915069354349105e-04
4.135184330952674236e-01,-2.779991130996912752e-01,8.670173000616655523e-01
1.758468727431886647e-01,-3.167156179458172072e-01,9.320778372516107524e-01
-4.957190118083827923e-01,-5.008399330132966287e-02,8.670376317938645050e-01
1.909446941942074816e-01,-3.019601541275647727e-01,9.340022425445979604e-01
-6.444584034740105105e-01,-1.774405087689635285e-01,7.437662482524606267e-01
-1.338287887669686871e-01,-3.266049898166630272e-01,9.356383040064273349e-01
5.468327020556137397e-01,6.749702300252937714e-01,4.953677265851688660e-01
-2.416457867507962598e-01,5.647827003018328629e-01,7.890676873281271542e-01
-1.016942101290062433e-01,-3.833795026520332438e-01,9.179751873403317886e-01
9.268001353000782094e-02,-5.697707385662055257e-01,8.165609105056390593e-01
8.043097293006121751e-01,5.472926239403338444e-01,2.314230825412203763e-01
-2.144586079048522997e-01,-8.916949796357968028e-01,3.986070355473277371e-01
-6.391571256044291660e-01,-6.406972535801794821e-01,4.254235513507676480e-01
-8.309065013259855359e-01,4.886393239406912059e-01,2.661315410713176455e-01
-2.455065165165709884e-01,8.652631053651711757e-02,9.655256329755501632e-01
6.845901103336943239e-01,6.635409692017554262e-01,3.017445327161626389e-01
8.560896258952089832e-01,-1.461992169958450383e-01,4.957180059110251058e-01
5.965998059577626300e-01,-3.475542164668511957e-01,7.233773138185031204e-01
3.862982262058765603e-01,5.995970866877292638e-01,7.008972920947699192e-01
-1.939938681999147374e-01,-7.794806776662698278e-01,5.956309698511041972e-01
2.082933634437628412e-01,1.003796003223323685e-01,9.729017476520500640e-01
8.642597274658574136e-02,3.808266435502136171e-02,9.955301411360828467e-01
-7.971131845735439647e-01,1.161343111894076047e-01,5.925566578341562307e-01
4.223273322133178631e-01,1.055792222586562773e-01,9.002736541145915927e-01
-3.254051797829562997e-01,4.549596289276258698e-01,8.289289505237822375e-01
1.203793302111424435e-01,5.998659786372600999e-01,7.909928094056726255e-01
4.911457675423999691e-02,-5.254633277959384063e-01,8.493974626120978089e-01
4.358336219484199026e-01,7.367793052726939740e-01,-5.169190548830717713e-01
-7.111354845120338997e-01,1.182443322905291777e-01,6.930401146751908881e-01
4.303950837784074057e-01,8.548458675517633942e-01,2.898251448529801100e-01
2.342964985918824239e-01,-3.915579986352409336e-01,8.898244121467722145e-01
4.324384814884855710e-01,-2.787696850760195688e-01,8.574872724481394926e-01
-5.579404069370682562e-01,-3.314453964882880244e-01,7.608195919228291082e-01
2.383980230580706461e-01,2.451857262028927509e-01,9.397075833834500624e-01
7.312246286082708657e-01,5.917374351494228968e-01,3.393484202990767473e-01
-3.582599045857657871e-01,-3.098373632552606782e-01,8.807103094078242433e-01
-5.630654245446586881e-01,1.494457984850922350e-01,8.127873528774279821e-01
8.960983217833791148e-01,-1.106067403863417037e-01,4.298534013801916798e-01
9.370769467991867385e-01,-1.831978586545014720e-01,2.971957946571915365e-01
5.575177084816972384e-01,2.844989074130095386e-01,7.798938238056004613e-01
-5.448903968540512732e-01,7.758827057159012330e-01,3.179630204712599606e-01
6.449468732071745869e-01,8.350369363640129661e-02,7.596516727351864118e-01
1.212481402371787254e-01,7.561166367412523737e-02,9.897382304455337731e-01
1.072812716033263725e-01,9.942121179247948026e-01,-5.743982474490394799e-03
7.431613706443347400e-01,-4.652423312955643042e-01,-4.808957790963673262e-01
-5.434427071445819823e-01,-1.119377370053420973e-01,8.319494979176866867e-01
1.104922329819474636e-01,-7.364572877501057713e-01,6.673995278470169490e-01
-9.170086281477649592e-01,-2.440706358973856460e-01,3.154753565576874919e-01
-1.617946172301679419e-01,-7.359212165892777824e-01,6.574514923620606854e-01
-8.147792978046486390e-01,-6.069241788995859144e-02,5.765857492859449707e-01
6.087599374213212844e-01,2.685237665003912255e-01,7.465295207928702714e-01
-2.355103140046433119e-01,-9.520986107239135521e-01,1.950464751156198162e-01
-9.057774581141337933e-01,4.277659579384347072e-02,4.215890881232444709e-01
2.509966803428309579e-01,4.978176182809920802e-01,8.301676248721816531e-01
6.359710295934528634e-01,-7.160499223758622911e-01,2.877731019108026866e-01
-1.139956138131170277e-01,-7.773728092881786456e-01,6.186246967352465598e-01
8.567683628183281330e-01,-2.324474972776208737e-01,-4.603434951022683519e-01
2.394700132748175947e-01,6.893911442042295334e-01,6.836621702529268596e-01
-5.600004477057258789e-01,-3.767333903217009450e-01,7.378830877490712981e-01
6.969830609737616145e-01,4.078412773413118697e-01,5.898136190460956385e-01
-2.069303454484687846e-02,-3.738382651925860611e-01,9.272630423990398940e-01
-7.863201523878855514e-01,-5.909843882272329818e-01,1.801057212316577172e-01
8.218183506796968019e-02,3.867110527624205152e-01,9.185318217983750033e-01
2.022488018735572879e-01,-6.121683687113289585e-01,7.644248233083624777e-01
1.829596001670674155e-01,-3.652646722355986086e-01,9.127472289321548748e-01
4.161525228020705458e-01,2.345603281093210091e-02,9.089922399505094841e-01
2.278925440104459521e-02,-5.026379211377052236e-01,8.641966038571377018e-01
1.743962879155121493e-01,5.578390665955033079e-01,8.114194418062384839e-01
-7.648224763494444467e-01,5.721167003665992429e-02,6.416957257784408064e-01
-2.409933268958215358e-01,8.721307986253322708e-01,4.258052212935205527e-01
-3.403979602016884431e-01,6.749334720950233013e-01,6.546709379041399934e-01
4.312979733995757625e-01,4.651592785328944601e-01,7.730516824483186777e-01
4.939701699491111375e-01,7.021418355518527221e-01,5.128258125019854452e-01
1.974652204884659312e-01,-5.793551916642151189e-01,7.907939356046949086e-01
6.767454656346773012e-01,-7.175142662878175592e-01,1.648904254841945805e-01
4.107344283779064409e-02,-9.993990384439538355e-02,9.941453555255508334e-01
-5.871423875411304616e-01,6.056265252605746996e-01,5.371036479612697478e-01
-3.814221928772040249e-01,-8.631083469175750977e-01,3.310001393684839366e-01
-1.083311006072888300e-01,-9.114947592362986073e-02,9.899273436369263601e-01
4.626480178971746349e-01,4.461620820390778119e-01,7.660915141720151533e-01
6.707600959448779820e-02,-5.516753140261316385e-02,9.962215378196869198e-01
3.011738895832090646e-01,-6.139374526395009468e-01,7.296403857242563795e-01
2.976946986085319581e-03,3.796627274414640651e-01,9.251201820187205938e-01
6.049626144638580588e-02,-2.438868662081591920e-01,9.679149750066760038e-01
-4.791246737797600352e-01,-6.478686284673271789e-01,5.922041769721849702e-01
9.022405459740002742e-01,-3.515059854728350697e-01,2.498110073181504520e-01
-8.060178100444124194e-01,-2.690776660395733082e-03,5.918851658997488219e-01
2.178958802983359602e-02,-8.991693399706120193e-02,9.957108811467605403e-01
-9.256365301560787184e-01,-3.478982502463081050e-01,1.488751877116263056e-01
-7.380052944106031410e-01,1.321165787848782025e-01,6.617351396382831208e-01
-3.563484823137347268e-02,3.863806967667379744e-01,9.216507553067904146e-01
-2.001768266561486029e-02,8.557887228784530897e-01,5.169380564194950844e-01
-7.593230392290923891e-01,-3.424545986718403601e-01,5.533112776226445373e-01
-2.632897650168130599e-01,9.478987610720706058e-01,1.793500443139757483e-01
2.788474331236129866e-01,1.871635314536616301e-01,9.419203371486181142e-01
-4.085453352212519706e-01,3.612620292750683415e-01,8.382007249299028295e-01
2.644455694082962771e-01,-1.912073278384580077e-01,9.452556789573911544e-01
7.122204814036450227e-01,2.751482557204767976e-01,6.457827988133002517e-01
-4.819243748823537343e-01,6.857581121136960833e-01,5.454215879157260360e-01
7.300881238817633623e-01,1.240670579737231244e-01,6.719960539263246657e-01
1.538143256344643439e-01,-9.352350104536946152e-01,3.188677287705559138e-01
2.098571979608335539e-02,8.174208811854534185e-01,5.756584947402730856e-01
-9.390702665032790719e-02,9.546780910445017421e-01,2.824379804936311134e-01
-7.989705359842934618e-01,-1.716462582561478767e-01,5.763537495806153599e-01
7.422044896026693817e-01,-5.409718281207950286e-01,3.955780287039287191e-01
7.050569650589574855e-02,-3.580186810463337199e-01,9.310486403953673884e-01
-6.924499702775260834e-01,6.919640747595220409e-01,2.042027372609190039e-01
4.340488438033639484e-01,2.918443950089617822e-02,9.004164978963800081e-01
-3.581045925779532957e-01,-2.370778784148884211e-01,9.030809378681809996e-01
-7.085233727103924517e-01,4.301934654834687621e-01,5.593998682323887417e-01
3.755054522887287249e-01,3.780471204088334258e-01,8.462127569660164994e-01
1.346313069311567967e-01,-6.008587239906615363e-01,7.879360411850206969e-01
-7.153683395520845645e-01,-2.648672759877349070e-02,6.982453666352552712e-01
-7.693838699662070013e-01,4.602173150782019190e-02,6.371267227678062417e-01
4.553240498726071062e-01,-1.934793122769039864e-01,8.690487703969576039e-01
7.240436358198724942e-02,6.365311949529204316e-01,7.678448059250609914e-01
3.231177595725605312e-02,-4.649989703077482273e-01,8.847213723807185737e-01
-5.631022665294124208e-01,6.352057176410949024e-01,5.286109473946789539e-01
7.870924935190665161e-02,3.740714584065153447e-01,9.240537852701444788e-01
1.946354813323969077e-02,-6.017908300388985499e-02,9.979978197685985819e-01
-1.714469971872943366e-01,8.325286604378498434e-02,9.816694389920446184e-01
5.205368606034327383e-02,3.911705870357407577e-01,9.188449192359096074e-01
-5.284491134238914478e-01,-5.868706229724166556e-01,6.134528559013078253e-01
-6.671815754762324691e-01,-4.080323287792097520e-01,6.232000994994042475e-01
-1.372992089461087806e-01,1.592425858188256382e-01,9.776455012347301521e-01
-3.515952305794977639e-01,8.873888512395128325e-01,-2.981976199260614746e-01
1.528113361900439726e-01,-9.601675563016527359e-01,-2.339379391153255938e-01
-9.171524888081454829e-01,-3.292135365718105722e-01,-2.246102393278317788e-01
4.646738572969199565e-01,-1.827375132366823021e-03,8.854800206921257244e-01
-7.851602992726928187e-01,-7.041520946632702505e-02,6.152763628824275965e-01
-1.609473966343620277e-01,7.848700258314079969e-02,9.838372456570931845e-01
-1.320745100903942537e-01,-6.567976490192600769e-02,9.890614198657280420e-01
7.118038087013676130e-01,-2.944246919665435280e-01,6.376907076934967833e-01
-4.033218666637268246e-01,-4.834708421410650603e-01,7.769088856940024046e-01
-3.059161241447863055e-01,7.970778561586702726e-02,9.487159711422837871e-01
4.086588261162034663e-01,2.679516531224436227e-01,8.724676930558954435e-01
9.805679074343703894e-01,-4.821143831189507456e-02,1.901637087503252332e-01
1.631795111984662150e-01,4.123500027158924497e-01,8.962923197178659374e-01
4.386615828360266450e-02,-5.636514532231658992e-01,8.248471370119746515e-01
-4.641227758538314929e-01,8.735109762705033365e-01,1.468625999657039161e-01
-7.541595318925499170e-01,-4.742920789518959568e-01,4.541920566226346767e-01
-9.943881136661114617e-01,8.293037884165351675e-03,1.054680279620537342e-01
-2.525301967534892555e-01,6.974142776808476274e-01,6.707024862146745425e-01
-2.103456539420901772e-01,3.496663867898007760e-01,9.129557074782106429e-01
-7.685942503425158279e-01,-5.044128221818803270e-01,3.934851752721276186e-01
6.725480953118518901e-01,3.525197688751141589e-01,6.506987567566395736e-01
2.975145610112168160e-01,4.481615498354704630e-01,8.429924740087375579e-01
8.112787799801977062e-01,5.844580691949942119e-01,1.534622125154728838e-02
-5.322504455894827569e-01,5.276725816630576382e-01,6.620204753108780427e-01
2.041750769439162616e-01,3.175594320925986813e-01,9.259959746370240996e-01
-1.607573474066068264e-01,8.935277144877687983e-01,4.192437223108486100e-01
-9.534131862048011996e-01,2.293697571820240977e-01,-1.959408351035296092e-01
-7.949652722889409828e-01,-4.667403568804714409e-01,3.875353598236682129e-01
-2.066914154850804652e-01,-8.692040808028824728e-01,4.491802808231791233e-01
9.121928128051408347e-02,-1.629407345337670343e-01,9.824099753932993284e-01
4.191282710133970579e-01,1.844674193131270734e-01,8.889900244936809193e-01
8.134522456495585363e-01,4.357140996273417555e-01,3.852903676886113016e-01
-3.634160750620912816e-01,-8.265868578518763277e-02,9.279527455914606815e-01
-2.657555311100300299e-01,7.960588924545496381e-01,5.437501608537341768e-01
-8.036280631835628768e-03,-9.972521760679435854e-01,-7.364452132615016688e-02
1.779643126259471131e-01,-5.937830416540145206e-01,7.846976506118016337e-01
-6.197620709750757406e-01,6.532480208305621039e-01,4.349275786399829924e-01
-3.155560790594719722e-01,-3.464465765928615437e-01,8.834020209031100412e-01
1.875235797598331644e-01,9.178159413391429045e-01,-3.499268564397432502e-01
-9.619571665654504944e-01,-2.715075956034104232e-01,3.036503290011208570e-02
-8.065044997522631542e-02,8.592917414208459462e-03,9.967054061703017886e-01
2.626004928363846469e-01,-1.110075745587938562e-01,9.584979392532161357e-01
9.372828437464553186e-02,-8.962449268020628024e-01,-4.335435847636898710e-01
-6.764631925996997808e-01,4.076069578038951091e-01,6.133955632442048556e-01
3.365393327964315562e-01,-5.563930313681542117e-01,7.597157837809406233e-01
-2.662389143298743988e-01,9.578683957846989561e-02,9.591359246008974715e-01
-3.213571639585222628e-01,-5.016437236303290526e-01,8.031706840484366117e-01
-1.746235543660243916e-01,3.253723954985959232e-01,9.293220208883902211e-01
4.647324435076930493e-01,3.372085312881954455e-01,8.187271599121572763e-01
-7.596238284218320702e-01,-3.708013585222455499e-01,5.343014053994395995e-01
6.292406537029526792e-01,-2.758528458693577101e-01,7.266095286694616018e-01
3.892159363695465446e-01,-5.904784551412540772e-01,7.069979836534012740e-01
-6.750003079116780880e-01,6.943205503550617941e-01,2.495867738358423238e-01
-3.818842390046221502e-01,-4.417599389741256322e-01,8.117959006532600164e-01
-9.491352375632440275e-01,-1.847737347712547287e-02,3.143260846400617314e-01
-7.052922009393034486e-01,1.074963115825944560e-01,7.007192407022452274e-01
1.688928808883156940e-01,1.807300256312929787e-01,9.689230375115236438e-01
-1.193938856568006884e-01,6.415502991303414504e-01,7.577323496812975456e-01
-1.543408079689208290e-02,-7.018954367867038524e-01,7.121127614134978856e-01
-1.292056326237834285e-01,9.076528222419323333e-01,3.993397786028123897e-01
8.207081489891396298e-02,-2.378616149306309879e-01,9.678255180994249640e-01
9.214118473994232783e-01,-2.147463318636820551e-01,3.238583338792987432e-01
-1.307734754175701175e-01,9.168039915686695407e-01,3.773178224931407199e-01
-2.481434784150664263e-01,5.192149281732807431e-01,8.178267985839584586e-01
-5.919064039688360923e-01,-3.107773255209793084e-01,7.436829047939104154e-01
-5.239889268725395066e-01,2.550007393733775274e-01,8.126562787759629147e-01
8.395391735222542673e-01,-1.689523398555499711e-01,5.163613879628347059e-01
3.236734913780592859e-01,4.494848906343593131e-01,8.325856136581722966e-01
-6.435885014563654805e-01,2.939432209411227404e-01,7.066761801956453759e-01
-5.581733991398573069e-01,8.296952263369580249e-01,-6.948948576710953229e-03
-2.708087834898840196e-01,-8.275466868549348209e-01,4.917612061358129782e-01
4.879257463281650442e-01,1.102662414678458186e-01,8.658925002924197090e-01
6.818040801364383396e-01,-6.390952037537288577e-01,3.559501606240474958e-01
6.761086271411820281e-01,6.720654133270517194e-01,3.020019942232260446e-01
-5.450540843894501331e-01,-3.807544997839669154e-01,7.469551900781193909e-01
-7.447606573114440298e-01,-2.714221405152127398e-01,6.096405374966187285e-01
4.369427011999811317e-01,1.681188993092455897e-01,8.836385638727588532e-01
2.048920832711770557e-01,-5.348442815419185425e-01,8.197321688909774418e-01
-7.835324561272801747e-01,3.332213686516516948e-01,5.244429517774757965e-01
5.135722295151056160e-01,3.862911677982953651e-01,7.661740655699024183e-01
-6.274332025377574729e-01,-7.674631470437369707e-01,1.316354598234719120e-01
-1.314355760181332711e-01,2.535844600394767112e-01,9.583421158350855507e-01
-6.084182247956999579e-01,6.420911892872437077e-02,7.910148246289990803e-01
-2.968207144936397812e-01,5.859828307674610492e-01,7.540037038988857132e-01
4.584740887775167195e-01,-5.742998980887730198e-01,6.782190921633295400e-01
4.656860064313768088e-01,-8.485295148747131755e-01,2.512652100878269290e-01
7.991368547780166587e-01,-1.490871826038758785e-01,5.823686970628981774e-01
-2.218372420702779957e-01,-1.398822884558040824e-01,9.649980224886578473e-01
-1.860624361973010898e-01,4.502655718155728626e-01,8.732935844685454363e-01
9.821867379986477520e-01,8.945128716881049769e-02,1.652503522641288192e-01
9.990643172740121258e-01,9.254532046538784321e-03,4.224740922721502423e-02
-3.214948105583655402e-01,-1.134903398350470410e-01,9.400856501128853626e-01
-4.396954249259411862e-02,1.650003501064774836e-01,9.853129268398603813e-01
6.683915880964274026e-01,1.982049463735606198e-01,7.169152559368434652e-01
-9.379517668841884370e-02,-1.492186593141172912e-01,9.843455981221664874e-01
3.685925986236316398e-01,2.998711585138805757e-01,8.798958941439729564e-01
-9.617505684997162962e-02,-6.344003070770258823e-01,7.669984412112452743e-01
4.527066806573440960e-01,-5.403260484245661077e-01,7.092985427040598978e-01
-4.010250302894829422e-01,-4.012492984748677327e-01,8.235155891388735716e-01
3.774496858628533305e-03,7.290430690008466996e-01,6.844574177516750124e-01
4.160674068078859533e-01,-7.528102623023639195e-01,-5.100633509324182802e-01
-5.919151712332352266e-01,-1.693393703971800834e-01,7.880105378086111889e-01
5.992385772579672532e-01,-4.412658471664935855e-01,6.679802239964024446e-01
-6.510857635528696230e-01,2.273656706272532413e-01,7.241492804104664449e-01
-5.188151197427545158e-01,8.277190095561458572e-01,2.138039119045870295e-01
-1.600834356368123212e-01,-1.618466864370748381e-01,9.737448042090154354e-01
3.549621365919605753e-01,6.167806831011756197e-01,7.025549590881253748e-01
-1.780406235629993783e-01,9.766568390660624877e-01,1.201788461701376182e-01
-4.907366253040122417e-01,-3.332970658961141863e-01,8.050407632227519761e-01
1.151137623690968032e-01,8.831245887546111950e-01,4.547964186866802483e-01
4.427646453036419572e-01,4.344291165193995830e-01,7.843665033575274448e-01
-7.045829680480037993e-01,5.699960654906501833e-01,4.226905800486262521e-01
-2.034720346027398263e-01,-2.511779950188535726e-01,9.463132388130953698e-01
-7.110394349379798307e-01,-9.536740934201194675e-02,6.966548494042595907e-01
6.716865403893879094e-01,5.780105626662346285e-01,-4.634015331286659989e-01
4.447866567343489730e-01,7.149466173415800485e-01,5.394591405685075225e-01
-2.946457915617842552e-02,2.719249050735486617e-01,9.618672905218739189e-01
5.388126749382350367e-01,1.944264541814499647e-01,8.196824112059087897e-01
1.391617169900719875e-01,-4.580116060693259494e-02,9.892099222164287831e-01
-1.655166644292338507e-01,-9.012004765693906183e-01,4.005520376022615459e-01
2.203537716196191376e-01,-8.780822501720042528e-01,4.247537842867071256e-01
-1.716546238183938068e-03,-4.958590561298806265e-01,8.684013184714749478e-01
-8.551382593402045984e-01,1.876117722503391205e-01,4.832601580160438282e-01
1.078970282174549801e-02,6.741541353968857897e-02,9.976666499038099323e-01
-1.225807055202446511e-01,4.255089691974237726e-02,9.915459605109006036e-01
-5.103450744552436857e-01,5.187046734477074317e-01,6.859251903252854277e-01
-4.953726653507543598e-01,6.216608613941562167e-01,6.067484617483306364e-01
2.525354145250603977e-01,3.765340625730605462e-01,8.913181049058088723e-01
-7.572797552928660636e-01,6.309032860430492384e-01,-1.687851174827310896e-01
-8.528927936844994395e-01,-1.585841737926038941e-01,4.974182770099697670e-01
-4.873644175027723180e-01,6.151200366857522139e-01,6.197606513968939579e-01
-9.786339552791997187e-01,-1.779884177742259155e-01,1.029354395376892439e-01
2.834351957293010371e-01,-9.512637827546451819e-01,-1.214977589966831917e-01
5.539608794134781578e-01,-7.612158889285376429e-01,3.371612589283979333e-01
6.283133912963568823e-01,-3.423395172776740880e-01,6.985885321330148612e-01
2.305215445628880366e-01,-3.130937788796968047e-01,9.213208470012888007e-01
1.290556221965333539e-01,7.779474627940881348e-02,9.885811164647988480e-01
-2.771875139611332806e-01,-1.342318099535606546e-01,9.513931381403997189e-01
-8.019900328249750521e-01,2.636029255321296616e-01,5.360275038655183399e-01
7.270343755975938738e-01,-1.550851966197091536e-01,6.688569342459140810e-01
2.970072618846427703e-01,-3.103212755075273610e-01,9.030434055764807733e-01
-5.338591169629071098e-01,-6.592775234734157275e-01,5.294786022856307062e-01
5.548238555304236819e-01,2.115863800902104130e-01,8.046127597140606547e-01
-8.226553082039195219e-01,-2.267816583926059726e-01,5.213523983838700415e-01
3.463230516581541352e-01,-9.214184052014029458e-01,1.762057503212841603e-01
-2.189135586584883830e-01,-6.764346336684939898e-01,7.032162115660068880e-01
-1.570975310223287624e-01,-9.247001970970416540e-01,3.467706897005290445e-01
6.342794351459069002e-01,-5.572163561305432111e-01,5.359100023432935567e-01
-4.331848395132217866e-01,-2.813414011338982723e-01,8.562697652164994455e-01
-2.938114653502363893e-01,4.113996873578118496e-01,8.628007418115967164e-01
-5.610987788320066505e-01,6.110420404740948275e-01,5.583867702287417245e-01
2.604366365219779600e-01,2.476876929038704378e-01,9.331792781352773458e-01
5.697917909313571228e-01,-4.449586617865837201e-01,6.909045551220004411e-01
-3.146040448810923373e-01,8.782498085272131272e-01,3.601410401028591890e-01
-2.189995928627984645e-01,-1.366240613763443079e-01,9.661123351758642563e-01
1.064104752619204897e-02,4.180955089168624794e-01,9.083407474792128955e-01
-9.047246715460359467e-02,-1.107678870953964778e-01,9.897197622940450135e-01
8.102953752618864414e-01,-2.985311140791281348e-01,5.042822411664656945e-01
-7.682534334813659882e-01,-4.589798399724168143e-01,4.462333116688927959e-01
2.566216268182940907e-01,9.660021376110395908e-01,3.138806747849103712e-02
-5.397074363308179516e-03,-4.576832364892154392e-01,8.890989408525206139e-01
8.024090968448068795e-01,-2.141924622038829662e-01,5.570109787389649902e-01
5.356985398323705905e-01,-8.596270562817644179e-02,8.400223137884789137e-01
2.370107516477133747e-01,-4.489161129457944766e-01,8.615684692124153665e-01
8.801763523496158870e-02,-9.835265153932745141e-01,-1.578875847114280528e-01
1.032615864351059815e-01,2.144101988434771178e-01,9.712699477482075183e-01
-4.580304780798172826e-01,8.738576036122133184e-01,1.630367129179623453e-01
-3.629840055337598126e-01,9.268734576234874956e-01,-9.564625073545107714e-02
-1.016715266151345942e-01,-7.066745960726077413e-01,7.001956269081982542e-01
1.584356547333117538e-01,-7.904673822394492344e-01,5.916582298292988318e-01
-1.030809683345126626e-01,6.991259437425076939e-01,7.075289596570356609e-01
4.802715515085322351e-01,1.770276266911759711e-01,8.590695293162696755e-01
-8.532042081575402781e-02,1.702259912185511703e-01,9.817044044443746786e-01
-2.398477791435429385e-01,9.234125397522305323e-02,9.664088863696327358e-01
-1.779578475400710180e-01,2.195771739712520931e-01,9.592272249940070328e-01
6.704423350172576956e-01,-7.082591922214512836e-01,2.210791533601135228e-01
2.144019698246901404e-02,-9.932796490860381633e-01,1.137359075440550343e-01
5.552457177319235493e-01,-2.338884797283750927e-01,7.981217776697431265e-01
7.127122078240319958e-01,-5.065912000204578908e-02,6.996248726133258433e-01
6.231694859664330677e-01,-2.217301644884073497e-01,7.499970172715858530e-01
-2.172707813144416633e-01,1.232535081728053233e-01,9.682984975254833593e-01
-4.409126094498784787e-01,3.276292056657700291e-01,8.356166432179984449e-01
-2.334320604956993117e-01,-2.367280617062114123e-01,9.431167997303157025e-01
7.746678131592582561e-01,-5.631934327075269753e-01,2.875811826426845075e-01
-7.402564719917655855e-01,-3.705584489261753121e-03,6.723143790801275888e-01
6.093369520499976044e-01,-5.143845451716260175e-01,6.034210955501956297e-01
6.996572148823880510e-02,-5.059806798615115175e-01,8.597024772696150174e-01
5.193160124953301038e-01,-2.102328177014640975e-01,8.283194079141531496e-01
3.483722607164711493e-01,7.859936293425414666e-01,-5.107355309710054359e-01
-4.370030059562749480e-01,1.573714657700165109e-01,8.855860175875500673e-01
-1.973671765778494680e-01,9.685755342338512319e-01,1.513526745495366310e-01
-5.167927023420689769e-01,5.359414115570616532e-01,6.676017571757927316e-01
-4.432464742778566835e-01,-7.829664402168257098e-01,4.364586080425512105e-01
-1.289578342760566154e-01,-8.309643510427674462e-01,5.411729153190334429e-01
1.736008989856224483e-01,-1.974364813254642081e-01,9.648220373277153206e-01
-7.503504893506468543e-01,-4.716074533204631658e-01,4.632068146129028063e-01
1.508116204647056424e-01,4.174316532660565238e-01,8.961063943440960022e-01
-2.739682297383931875e-01,-5.850759402931081377e-02,9.599574316264822826e-01
3.887509044126246649e-01,1.976381709443178827e-02,9.211308950698724463e-01
3.811275993021653319e-01,-3.401587406393399848e-01,8.596707417475754065e-01
3.328327624609951282e-03,-4.552852751910305140e-01,8.903393962020612618e-01
7.422905949258502833e-02,-2.902730469826329540e-01,9.540605876579666411e-01
3.234532439234475421e-01,-4.099771341929124846e-01,8.528169489605406106e-01
1.966875324984936613e-01,5.083987289541731514e-01,8.383583642795217061e-01
3.050749180547074890e-01,-6.155801249634289957e-02,9.503367326750101762e-01
-6.010532407229350893e-01,-4.328810933953276541e-01,6.718250968796293243e-01
3.066294424748225445e-01,4.142387482294304646e-01,8.569624521954822827e-01
-6.024603600101664513e-01,-6.695460043890025803e-01,4.344532916472639283e-01
-2.549949725057727989e-01,6.771436858003601067e-01,6.902564688414614125e-01
-8.178391454820288509e-01,4.305875176560100548e-01,3.817506015136850062e-01
-2.192565556163001209e-02,9.209082715975148992e-02,9.955091888984378690e-01
9.776302045288595144e-01,5.964283362051667203e-02,2.016975844936569340e-01
5.560758464196506878e-01,-3.023876610044026747e-01,7.741713993044149200e-01
-5.852375873729471767e-01,5.591571938271149289e-01,5.872309587524129348e-01
-1.883240466362648691e-01,9.046121976170339307e-01,3.823752415900151247e-01
1.093652278162802766e-03,4.818139698182125064e-01,8.762728470132513658e-01
-4.742407979386420447e-01,-5.152481027504510203e-02,8.788861470615183524e-01
1.226313318509865413e-01,-2.015738282462886666e-01,9.717662003870010112e-01
-5.378631889092688745e-01,3.393756961701360209e-01,7.717041705636868976e-01
5.296672005165923292e-01,-5.438182035228203981e-01,6.509334975357531361e-01
4.492863815144486628e-01,-3.359681634531926919e-01,8.278086376280099357e-01
-2.785825203077090806e-01,1.987973976395260300e-01,9.396123530854397776e-01
-5.338377317757524859e-02,-3.167479814895995255e-03,9.985690461019446351e-01
5.526480223418127613e-01,-1.946387935460228980e-01,8.103677581497379379e-01
7.883437854416038837e-01,1.192895415029062156e-01,6.035595092810891460e-01
-5.752908474551789997e-01,1.407162364293248480e-01,8.057539212684405872e-01
2.920027538079817964e-01,-1.410629299774286520e-02,9.563134445705639974e-01
-5.488696078518728871e-01,-2.753209439896412425e-01,7.892658179455032119e-01
4.866384348409845129e-01,7.956016962583073449e-01,3.608337216037619255e-01
5.462330741363068398e-01,7.236494776638466297e-02,8.345014937400463406e-01
6.974238294486040379e-01,-8.817670644862636575e-02,7.112136602717340494e-01
9.398749803426178495e-01,3.242646320173250274e-01,1.071796144265909634e-01
-3.239687447007146837e-01,-1.759994065342131986e-01,9.295528287067109652e-01
6.066717110169640437e-01,-4.158303582185228775e-01,6.775208839848438913e-01
3.616318748267411398e-01,4.980254884441232544e-01,7.881579790684661857e-01
1.328023135138644562e-01,8.916120452889387815e-01,4.328874059395129703e-01
-2.695892150834408585e-02,-2.766506193551206416e-01,9.605923440052680506e-01
-3.393210496099095530e-01,2.511757521928132397e-01,9.065163908071403043e-01
3.065162625808974806e-01,-6.327323358562263467e-01,7.111241607028705447e-01
-7.080161630566077502e-01,-2.941380677599807481e-01,6.420248515011113266e-01
-4.926374764607776430e-02,-3.673777687579672380e-01,9.287662021145477453e-01
1.888453294438546815e-02,7.382484806054586679e-01,6.742644550168754858e-01
4.380241228938703824e-01,-6.220990222192014363e-01,6.489435062599587800e-01
1.629358502599825842e-01,-2.443845127111189397e-01,9.558912692597446581e-01
7.330553668494430575e-01,1.878117413919029241e-02,6.799096238701007877e-01
5.152740680608327573e-01,3.582619788580120729e-02,8.562763095689894799e-01
-7.354154897003274405e-01,-5.558026730885928801e-01,3.876176545210531788e-01
-7.777469510654388962e-01,-5.606280795441679343e-01,2.842636743149428713e-01
-6.606944267777918878e-01,-5.242377736960235346e-01,5.372686767856486023e-01
-1.858716262231248362e-01,9.819931836589006480e-01,3.378055376437111984e-02
-4.378736102616360704e-01,-8.653436914793664059e-01,2.438175486984153206e-01
1.341540075378213660e-02,1.457548596141933564e-02,9.998037718630612414e-01
6.090582664306967153e-01,-4.290494793184369549e-01,6.670566485606846951e-01
-8.655669217203176835e-01,-2.604740332182680640e-01,4.277232540353893553e-01
9.005624768220179543e-01,-1.812335191513254062e-01,3.951476140333113896e-01
7.855238345598323235e-01,5.703333141875628620e-02,6.161976180136495840e-01
2.035279637983068157e-01,4.869692432643736302e-01,8.493746664850786443e-01
7.727850709215512426e-01,-4.268876726536580124e-01,4.696489636921561406e-01
-4.798628906977853714e-01,-6.745591541589203155e-01,5.609826678887390727e-01
2.510116517104084566e-01,7.349139213373987456e-01,6.299957769144967079e-01
-1.455459382466232354e-01,-3.937107543715223090e-01,9.076388167944984264e-01
-8.254481955654907610e-01,-3.858870389849854421e-01,4.119787246704322281e-01
-2.715118751665981933e-01,-2.344990607477684674e-01,9.334299610318559370e-01
-5.444321990613486956e-02,1.993368387598632996e-01,9.784174776236760351e-01
8.088648768839433734e-01,4.264332796687533844e-01,-4.048361013230835082e-01
9.644736942682962180e-03,1.621513695517919906e-01,9.867187605400966621e-01
6.375368594831282154e-01,5.751243533677756758e-01,5.126194796958929434e-01
8.209754721520514664e-01,4.720993729837634212e-01,3.211252966570116163e-01
-2.369065455465280967e-01,-8.402973190483601362e-01,4.876225018160558755e-01
-7.725720012226496847e-01,-6.267504506905833273e-01,-1.015695598394559807e-01
2.913142550298687405e-01,1.119287466546729504e-01,9.500568196106519148e-01
8.507290454339445640e-01,-3.653296660507118210e-01,-3.778813654552510837e-01
6.439021987008924919e-01,7.149145646763109818e-01,2.725566431438374293e-01
-6.149417281903948318e-01,6.199997005384617621e-01,4.872853807189667652e-01
6.259130019513354792e-01,-7.713203646509803058e-01,1.153161266386720368e-01
4.479664905889636506e-01,6.352070409526396066e-02,8.917909752069989038e-01
3.633383072410596437e-01,8.176103367415332723e-01,4.466526746193265618e-01
1.363311855277114237e-01,9.868421832426420293e-02,9.857358839498224778e-01
2.519048287612173920e-01,8.631712587507066603e-01,4.375835181008335129e-01
-4.995445406904946983e-01,-6.836884610318991751e-01,5.320012595080541029e-01
9.017428599186627647e-01,3.504905109427604581e-01,2.530142611095150262e-01
3.255823623925682697e-01,4.942980652536055897e-01,8.060183298073416713e-01
-7.246086292928439754e-01,-4.936668719550740270e-01,4.808693729989866883e-01
-5.796691419365762599e-01,2.324982505610311348e-02,8.145201848458847316e-01
1.584136221743623063e-01,-9.667841892655277825e-01,-2.005827901286516279e-01
-1.005346020763900425e-03,-4.139953516665182409e-01,9.102784398621636130e-01
9.219692467416470971e-02,-5.370572099724211235e-01,8.384922660926964477e-01
6.115744256767782216e-01,8.634121053388615907e-02,7.864616438337358462e-01
3.081807538825403481e-01,-7.177405572355750607e-01,6.243982026203753755e-01
7.820123973344604851e-01,-9.436728603903914159e-02,6.160774510894195810e-01
-2.706256405435580881e-01,2.087646056795684213e-01,9.397760914685174827e-01
-9.858867700045592652e-02,2.017543097627768900e-01,9.744616314968206350e-01
5.898242704793903446e-01,-7.924683025127660096e-02,8.036337908827505538e-01
6.885329356894515085e-01,-4.548382604079414214e-03,7.251908084680560584e-01
-6.293222442787040904e-01,4.478192979720462819e-01,6.351467462089677163e-01
-2.757148573013245563e-01,2.137979051878428072e-01,9.371615512816350302e-01
-9.173706147716722548e-01,1.086614242162524252e-01,-3.829149383880705027e-01
-4.968284348224306646e-01,8.032660637694185590e-01,3.285196145563886172e-01
-6.083375988529527989e-01,-7.828440028929406491e-01,1.306928955849614993e-01
4.662944449094780786e-01,4.206154498061900893e-01,7.782365540315477892e-01
-4.035228650187355770e-01,5.525034800039368976e-01,7.293210554965562364e-01
2.646703531365150464e-01,2.341030831467883211e-01,9.354920366479664295e-01
2.027015687734296523e-01,9.757132288572581968e-01,-8.304076739610689872e-02
-1.580571993040381373e-01,3.704841417014274607e-01,9.152919875623954926e-01
-6.373273400718389159e-02,1.987361718776107233e-01,9.779785644907572628e-01
-5.835344486135484593e-02,1.728498339442809673e-01,9.832180889193645745e-01
5.220607701211531504e-01,-7.363443391665643878e-01,4.304062807137740698e-01
-9.520505728621496411e-02,7.721024582024130778e-01,6.283261820940774234e-01
-4.904101816879850584e-01,-5.924522962687995831e-01,6.391385846141540705e-01
3.673961974672487196e-01,-3.110341433311112347e-01,8.765145724794813908e-01
6.786648491401019445e-01,-8.703458634564602281e-02,7.292729278680821769e-01
-9.008273126328139035e-01,1.622583036987043648e-01,4.027187550829507967e-01
-3.288222079160447731e-01,6.599834047866584008e-01,6.754982316686162225e-01
-5.306996238886017014e-01,-8.149208148274124097e-01,2.329419987153948657e-01
-1.998200267218122328e-01,-2.517416865394031533e-01,9.469414343977093917e-01
8.393270522633187181e-01,3.704141202854823733e-01,3.978988298953649583e-01
-6.979638682849440001e-02,-4.424791182864722394e-01,8.940585519226988964e-01
9.737642811914184460e-01,2.825243596056397841e-02,2.257984157120115909e-01
-1.657799669457847291e-01,-2.047366323149627798e-01,9.646760668471993094e-01
5.589195390985728373e-01,2.493498663652655989e-02,8.288469070071236011e-01
-1.129630695894881243e-01,-5.057997637332249941e-01,8.552227452052091339e-01
7.027128946572969159e-01,7.090851251667306121e-01,5.824837293560040929e-02
2.839352539654846352e-01,3.912164654321533819e-01,8.754030207454899237e-01
-2.915764867891367795e-01,3.538266962573800023e-01,8.887011991481120754e-01
-5.504113286945863104e-01,-1.376731310291347266e-01,8.234643150964678915e-01
-1.973916523621398744e-01,6.363774823796349012e-02,9.782570074254238746e-01
8.925515820718397941e-03,-4.108184247865834249e-01,9.116734925526817079e-01
-7.484626030718757872e-02,-6.243828408297248389e-01,7.775243439246332100e-01
-3.620831389175007686e-01,3.295710064019893859e-01,8.719396494315588830e-01
-4.863101743486590856e-01,-8.701983444552789937e-01,7.910281684155494319e-02
-2.356006225177226521e-01,8.588232934053367795e-02,9.680478150258414738e-01
8.272298262500938915e-01,-3.105422841303880910e-01,4.682459869868836333e-01
-3.892281685624517373e-01,-3.620668492865234955e-01,8.470000173820833034e-01
7.313057572077803492e-01,-5.851551106408848790e-01,3.504074570633575747e-01
1.929747911065029797e-01,-5.524085108610991834e-02,9.796474765795519790e-01
1.718493810725461868e-01,7.820856286170493332e-01,5.990073953931268624e-01
8.316361820828686024e-01,1.600651159685209102e-01,5.317522160749439397e-01
8.486575085396035334e-01,-2.797713728259978438e-01,4.488968836452413291e-01
1.801683299845875663e-01,-5.404285084957942686e-01,8.218737129727267110e-01
-9.131356711911999824e-01,3.856697276789740614e-01,1.320685698802813168e-01
1.451336575685241714e-01,5.479015204958763707e-01,8.238568718406670266e-01
-1.434545357452144676e-01,-7.917254701103856318e-01,5.937942203765661509e-01
-2.603363822210587597e-01,8.497462427253238415e-01,4.584280653125917815e-01
1.403054957138164527e-01,2.615951897968482598e-01,9.549252978886103582e-01
5.839242062309917269e-01,7.221825150550995609e-01,3.707896119448296224e-01
-5.993194470857435840e-01,-5.531907189974375472e-01,5.786157868222544520e-01
5.151377663810688956e-01,7.644415240684575563e-01,3.876367344922526659e-01
-4.510714866179699190e-01,3.835863319113119621e-04,8.924877404322036911e-01
-3.916580293002925317e-01,-4.840816660809817429e-01,7.824761521278922327e-01
-1.318741018778864064e-02,-1.000630591149198334e-01,9.948937010621301535e-01
5.739954760798264832e-01,6.119444077294803330e-01,5.441077423530278345e-01
-3.127506105110719470e-01,2.335688949922136437e-02,9.495480563604313806e-01
-6.882847308279105292e-01,2.099755294729693800e-01,6.943877924702428484e-01
3.796367054793927664e-01,8.897645809182465060e-01,2.533672480730885246e-01
4.318740303571613204e-01,-5.620605113046646117e-01,7.053884061529512861e-01
-6.465482336022969623e-01,-6.617161283951997763e-01,3.796144715990385499e-01
5.106424307284164188e-01,8.527751610746938660e-01,1.096304364389943942e-01
2.949891588684123711e-01,1.766147399780639560e-01,9.390360109029831648e-01
-6.771205841527904168e-01,4.743784095079301572e-02,7.343414503911047664e-01
6.564709206267688169e-01,1.001641479434493831e-01,7.476717687850767957e-01
2.602377821136913627e-01,2.982294398723813189e-01,9.183329994908996374e-01
1.456117546418915498e-01,7.394503125112865671e-01,6.572750202442431133e-01
-8.439910916806661612e-02,1.598027866787115614e-01,9.835343714082162014e-01
-4.521340183835187432e-01,-1.328458479689325067e-01,8.820015930245178604e-01
-6.381608527999711455e-01,7.276035921797531225e-01,2.516818201633430063e-01
-1.753222818505430491e-01,2.228701426302212019e-01,9.589530734142853730e-01
3.811735943021580253e-01,5.496390736118744735e-01,7.433731093911416510e-01
-1.944202543014353635e-01,-8.328079672035273084e-04,9.809179737104704033e-01
-6.787546429031705575e-01,-6.273190678528665076e-01,3.817891065046255528e-01
6.721370538881668022e-01,2.987042540195450346e-01,6.775009589817292399e-01
2.707095602135510259e-01,-2.024661612900663897e-03,9.626589399960606697e-01
3.732195424363127928e-02,-1.068664624082107766e-02,9.992461495165042562e-01
-5.372951019490888047e-01,4.511199249943650957e-01,7.126042286533226244e-01
-1.581855853944097723e-01,-8.406473124103259753e-01,5.179666173709690513e-01
3.671235326662834475e-01,4.550492613316996504e-01,8.112647419456259223e-01
-6.532364438075756174e-01,-3.141939837364424726e-01,6.888862671482545164e-01
-2.462819956942629077e-02,-9.659090292466729899e-01,2.577075842999551059e-01
-2.963764622216210620e-01,-7.052733495470051572e-01,6.440112538300428735e-01
-2.652138124802912444e-01,9.605863866488807412e-01,8.327921382023283081e-02
5.030266986668703311e-01,8.496407365852036431e-02,8.600844415612104443e-01
-4.960963584594259290e-02,7.748887663156334149e-01,6.301478269970219870e-01
3.317682850808547079e-01,-1.225997105879313015e-01,9.353604203611911583e-01
2.705932515600373636e-02,-1.099667109380083815e-02,9.995733420549772763e-01
6.172796144648273753e-01,4.995500031610551339e-01,6.077957485109153346e-01
2.988574215833327830e-01,-2.324976422056946601e-01,9.255425910963552827e-01
-7.776805400267555735e-01,-4.705606885696178576e-01,4.168760199826574975e-01
-6.744099971177639485e-01,-5.679952506241564558e-01,4.717547573220849944e-01
-6.330818045688560436e-02,-5.679388894287066281e-01,8.206323733327401948e-01
-5.857870024454348012e-01,4.642458758530874086e-01,6.643262410287522624e-01
-1.295300651510901124e-01,-1.446663436226936217e-01,9.809656524286644030e-01
2.580783749838779992e-02,-9.846809357948493879e-01,1.724453832546312682e-01
9.363408388486976763e-01,1.829499709467594451e-02,3.506153541780834826e-01
-3.270071395211373022e-01,-1.692733664837758611e-01,9.297380588646744215e-01
-3.944299743556457100e-02,-4.252282235524697945e-02,9.983166128700063924e-01
-8.864324658731063122e-01,1.220508218710695952e-01,4.464762931295686577e-01
2.591351263832034069e-02,7.036443962779098671e-01,7.100796106419613452e-01
7.859633615198576839e-01,-1.081319365855406001e-01,6.087438530602721221e-01
2.591811527670975779e-01,1.643447933498952962e-01,9.517436203879164891e-01
-4.569911967693294219e-01,-1.028274318047787128e-01,8.835075355330985758e-01
5.910750597459494271e-01,-4.647559336612701597e-01,6.592664073596981034e-01
-1.219566630842309866e-02,3.576787409175957166e-01,9.337650582554999357e-01
-2.656477468538052111e-01,-5.465619360605005195e-01,7.941670634326848388e-01
1.056835523849489478e-01,-4.488177173205439852e-01,8.873520402717707256e-01
-6.656319407393700427e-01,2.319133649382802698e-01,7.093308893813548011e-01
3.649192958078936178e-01,3.967087695765846855e-01,8.422921462818606653e-01
-1.286836965845590819e-01,-3.498015945815632355e-01,9.279436139451194832e-01
5.558780953032415040e-01,-2.103619103336966389e-01,8.042060742389343098e-01
5.504366316967975736e-01,-5.596840072051078030e-01,6.194944120531815646e-01
-9.947802856651397629e-01,-4.768305545005008944e-02,9.021368784685868114e-02
4.944311319243722136e-01,9.483585718497290762e-02,8.640277865763205112e-01
1.120024480288349805e-01,-5.616712509347257520e-02,9.921193001319360549e-01
-5.166532058055641752e-01,2.873037335534214254e-01,8.065519385737648372e-01
-2.386277532318117622e-01,1.386716680182795147e-01,9.611591771796000883e-01
-9.462294098221684102e-01,-1.733667964880266643e-01,2.731187614629763671e-01
-5.179866828706316539e-01,-1.130470387803254317e-01,8.478857018441102733e-01
8.514161221265993673e-02,-5.426107292909634339e-01,8.356581252690348238e-01
8.904524775733255737e-01,1.996948071378392142e-01,4.089209815914406909e-01
-2.814073256816879143e-01,-6.658693407229239192e-01,6.909616039534318688e-01
-3.810552726889391839e-01,2.829872803817597982e-01,8.801790035544438950e-01
9.484547234536152560e-01,9.672016980087444482e-02,3.017927207740712103e-01
-3.563768699826032060e-01,-9.167267774376416378e-01,1.805755854765518365e-01
-7.361078905218129131e-01,5.863245883709218287e-01,3.381843440835129999e-01
3.517180416605616422e-01,-5.005589937720855698e-01,7.910342046487853773e-01
-2.968406456465229604e-01,3.679169829143703607e-01,8.812052682408012538e-01
-4.946921855822966618e-02,5.863846576889873985e-01,8.085207663642333120e-01
2.269092035202433799e-01,7.984483717542337766e-01,5.576669355456012056e-01
-8.642198536404938070e-01,1.981511304001001839e-01,4.624501855278750906e-01
-4.829394817698401399e-01,4.574180136634231064e-01,7.466848181957945751e-01
-2.432733444579600057e-01,5.572712052132638982e-01,7.938934964567950781e-01
-4.957670668827914295e-01,2.127815480849718499e-01,8.419851710030269443e-01
-3.751727003224967216e-01,-6.632435438851945753e-01,6.475750508067262823e-01
6.022625374228337547e-01,4.249530359099089050e-01,6.757919452671521388e-01
-2.838118460554897582e-02,2.325088241789032562e-01,9.721801042190328923e-01
-5.580393375413805757e-01,2.936260896860189429e-01,7.761287375249515952e-01
-3.575520821790403869e-01,-8.244747120224016346e-01,4.386319160355420799e-01
7.052540518220591359e-01,-2.832280105603603507e-02,7.083886936766484732e-01
6.957360532365629568e-01,6.696415958690902226e-01,2.598681921834768427e-01
6.366169209178553778e-01,-2.073367229611985593e-02,7.709014274433446667e-01
-1.813455247972831363e-01,4.857883676339159185e-01,8.550575784750249486e-01
-3.487400327229641661e-01,-8.311716003829082711e-01,4.330521450048492871e-01
1.257494584228805445e-01,-6.985192421263133333e-01,7.044557772391629724e-01
2.703043413358732217e-01,-6.266421414422171932e-01,7.309276226985077507e-01
9.034998193174009762e-01,1.557239366527805313e-01,3.992970473804992593e-01
-6.418002623193735934e-01,7.099764015264078965e-02,7.635782594990113692e-01
4.638331349607121568e-01,8.858959600433462533e-01,-6.868106827638754963e-03
7.466773877048774044e-02,-9.085279625317062013e-01,4.110981270753845118e-01
-3.433487449343460285e-01,-1.637021641082560264e-01,9.248314661700710593e-01
2.008825077456259656e-01,-3.438639348825750508e-01,9.172806617218639547e-01
-7.743526765610184714e-01,-2.534952196310464867e-01,5.797569369373638537e-01
-8.567142746887695948e-01,2.845864951784804475e-01,4.301757528110157769e-01
2.516186098444787578e-01,-1.673984453815922924e-01,9.532396527965872890e-01
3.165151775998222283e-01,2.902237696637951503e-01,9.030992779706390472e-01
-2.480053925754447872e-02,-5.879338360029093824e-01,8.085287488614361084e-01
-4.291841326568480303e-02,-8.409103387759183645e-01,5.394699360877545091e-01
-3.908636473033299391e-02,-4.782377509952853711e-02,9.980907486934228467e-01
2.296698087973512437e-01,6.194004289738567204e-01,7.507295701609137950e-01
-8.685087044211888818e-01,-4.045543568166306558e-01,2.864060102814018904e-01
-3.473307887354143975e-01,2.121065341441698560e-01,9.134397305623306318e-01
-2.417287124243997290e-02,4.714420621137767609e-01,8.815656835232451582e-01
9.419262341102677683e-01,3.721935764109426253e-02,3.337509384430755177e-01
-5.159581543636458933e-01,-8.563022198064742518e-01,2.310175967680489287e-02
-1.614789113642425278e-01,-2.287631103382776754e-01,9.599958336018841187e-01
-8.254637055964814119e-01,3.900182169402110488e-01,4.080385535678021092e-01
5.532294821075258717e-01,-8.286660143645855348e-01,8.514562093350121208e-02
-3.863116067168152479e-01,-1.648451866673467658e-01,9.075182681073038493e-01
8.621464608886663106e-01,-5.047455503954478839e-01,-4.399328736459644923e-02
-2.680670071145128674e-01,-8.424433832744522288e-01,4.673641253602615619e-01
9.797704427527732796e-02,7.067956135716139954e-02,9.926756259732782972e-01
1.962875622695247138e-03,-9.669928947855979118e-01,2.547957781311523950e-01
8.856995939380193361e-01,1.614770478196453085e-01,4.352716305084444182e-01
-9.853154400963172188e-01,5.762232931725889962e-02,1.607269444488204080e-01
3.087061847085139643e-01,-6.470931244840631980e-01,6.971161881409481120e-01
6.707233181158449575e-01,-4.536237677108698185e-01,5.868182920661778601e-01
-5.187327392020326181e-03,-9.247224278053796098e-01,3.806067828458298830e-01
4.061730633656001621e-01,3.267838544182872784e-01,8.533673037372194736e-01
-7.419347208200786081e-01,5.852358598998145256e-01,3.271572379284259924e-01
-5.541519442227438308e-01,9.958735560671107268e-02,8.264369191398794889e-01
1.400440703271832177e-01,4.747813357768881359e-01,8.688902931694593157e-01
-4.890846848704520633e-02,1.662442746708761576e-01,9.848709574606239192e-01
-5.269503817997703288e-02,-3.276911141168299957e-01,9.433142459859712448e-01
7.096832283855365464e-01,-1.690363549216227224e-01,6.839418294439183477e-01
-7.291536582474709149e-01,6.060187248116265524e-01,3.179249091248125825e-01
6.707364528735091369e-01,-1.042723792641819282e-02,7.416224669573385775e-01
6.253756837711245409e-02,8.178452507845837549e-02,9.946860529831355047e-01
3.187480973519097871e-01,-8.977774924514877464e-01,3.039658278196025187e-01
1.556042882506223912e-01,-2.263149129923648917e-01,9.615450408770644941e-01
1.806775562440147975e-01,-1.014261623753857505e-01,9.782987040037888216e-01
-8.883770972337466931e-01,-2.812124645797759448e-01,-3.629127758504933077e-01
-8.548142410880961162e-01,3.631427649181003803e-01,3.707019632003851761e-01
-3.320755721624785856e-02,-5.213917524163713679e-01,8.526710377724313616e-01
5.920961972196190498e-02,-8.743129568563963172e-01,4.817375576031062145e-01
8.647510361375385646e-01,-2.111673449682432147e-01,4.556467907470835299e-01
8.495880357194850463e-01,-4.735097583950977351e-01,2.323546390045255483e-01
4.523177005368081982e-01,-8.606344292961256581e-01,2.339168161788000577e-01
2.008522650774796081e-01,-2.401346970491435306e-01,9.497334862404094302e-01
-5.640784686709000573e-01,-6.906338001919558600e-01,4.525930127767223143e-01
-2.663400964482928179e-01,7.035236028729279223e-01,6.588759315869786581e-01
-2.065766017455015202e-01,1.408878616958237906e-01,9.682338137237610498e-01
9.951077461592781892e-02,-7.053390268902826055e-01,7.018507411699494991e-01
-2.636214483995092950e-01,-4.866314487565875230e-02,9.633979604890989812e-01
3.997905098408069402e-01,-7.241841741313120862e-01,5.618939670248980223e-01
-1.978724867392630538e-01,2.239480266070036918e-01,9.543027613763093164e-01
1.010309856570752868e-01,-3.362957819591188557e-01,9.363214656161978899e-01
2.687928459055654029e-01,-8.823975290775437630e-02,9.591476174170301405e-01
2.071638351862336025e-01,9.731784092579434109e-01,1.000346397259958553e-01
-2.207770580894716506e-01,-9.732303479099653210e-01,6.387629081596840619e-02
5.476271125097235126e-01,-4.142460635304304195e-01,7.269833178923744699e-01
9.180939396976078859e-01,2.116546263602659961e-01,3.351206305658031570e-01
-4.709721905260105812e-01,-3.825973511982771330e-02,8.813179837151240426e-01
7.904873961274545557e-01,5.967582255011454340e-01,1.378742066536045308e-01
-7.810760022835643301e-01,-4.582154342795107804e-01,4.242156225845117312e-01
2.433814132846234823e-01,1.743418409112868217e-01,9.541333293493330370e-01
-8.695494187192152891e-02,-7.372565439003953003e-02,9.934804305917712686e-01
-4.446028620363298156e-01,1.831507678688946705e-01,8.768033367284471247e-01
6.959169410782756193e-01,2.510529982156505802e-01,6.728090391836221151e-01
3.068074541309612768e-01,1.441870659879005145e-01,9.407865199350377017e-01
-2.112163973638136738e-01,5.658076409052820166e-01,7.970253113784095955e-01
-9.740900121117496147e-01,1.955718701954502481e-01,1.135794518933146563e-01
-4.940307562894311610e-01,-7.748804934816365675e-01,3.943270630602823124e-01
-4.160126890737064209e-01,-4.299632462233105579e-01,8.012896164476215333e-01
-6.997554632201750946e-02,3.037911533207654502e-01,9.501654372165799778e-01
-3.856453825824344706e-01,7.791809369549616004e-01,4.941201335493586866e-01
8.263671152022863398e-01,-2.321506115101756029e-01,5.130531010409185022e-01
6.785730251184416417e-01,-5.856758852392716097e-01,-4.433084784106912646e-01
-7.499400061849801347e-01,-4.606172823676941142e-01,4.747859584143910849e-01
-8.513545213910750364e-02,6.340408361754926170e-02,9.943499771054901126e-01
-5.508559360797932181e-01,-4.727709252034502097e-01,6.877829526587064812e-01
-4.030238261907531094e-01,7.960655914887267981e-01,4.514990249937084199e-01
3.473727498501705258e-01,-7.140601489505743471e-01,6.078242150015203960e-01
-1.573299117578001727e-01,3.555794283020941027e-01,9.213091603987441092e-01
6.549519941515872246e-01,3.678903743291601081e-01,6.600716308347223116e-01
6.582904190664899680e-02,-5.513251149022200259e-01,8.316893379860694768e-01
8.281726613276277904e-01,-4.498754876803836011e-01,3.342784596916941742e-01
6.506695541313680664e-01,-7.555545323664426549e-01,-7.593734224354206641e-02
5.335040669116712930e-01,7.297447448551734883e-01,4.276049788589522116e-01
-8.294448422144994337e-01,-2.169510021468001593e-01,-5.147363561972898571e-01
2.040371700162925406e-01,-9.202870043336004446e-01,3.338272950290769314e-01
8.278151631899322016e-01,1.684665223884730667e-01,5.351084809897524996e-01
-3.673911127686599332e-01,2.259549426899662983e-01,9.022018256092037003e-01
7.662105278289226273e-01,1.022601502002912915e-01,6.344007319708400150e-01
9.500572149896121532e-01,2.928309116866125716e-01,1.078950666479664700e-01
-1.838488318993688475e-01,5.719730463991622438e-01,7.994038035949663223e-01
-7.977110567787087936e-02,4.498029621809834233e-01,8.895582420011309832e-01
3.340817838846103505e-01,-7.097998874866836561e-01,6.201398885738343969e-01
-1.356880163127706096e-01,1.371341827546759262e-01,9.812150519378065594e-01
2.652422526874292363e-01,-6.415347126285606549e-01,7.197775766734387792e-01
4.694730525829731715e-01,1.071637109561492385e-01,8.764194155497310179e-01
3.551745062673947878e-02,-6.285232850891587786e-01,7.769794017872733161e-01
8.047493740127386053e-01,3.293177988954349988e-01,-4.938909113931653216e-01
-2.020319046132448004e-01,4.557875833719831626e-01,8.668568442149329201e-01
-2.446079514660202403e-01,-1.114111279984670716e-01,9.632001404888324014e-01
4.545839146230473138e-01,-2.953531683089113402e-01,8.403094492720371012e-01
-3.583627179518998895e-01,-6.407943671424980447e-01,6.789394239698948175e-01
-9.150602120406480244e-01,2.761217794439366768e-01,2.939754602970090502e-01
-2.852733511159686874e-01,7.971912624296216832e-01,5.320763161886943315e-01
-6.048519498186852861e-01,3.518782486142966182e-01,7.143779230580058481e-01
-5.003773692850753685e-01,4.717221758462218917e-01,7.260169950643396986e-01
-3.176467596299398233e-01,-9.049410473047158066e-01,-2.831646817660060100e-01
1.190593349579069232e-01,-6.065314549024112267e-01,7.860944402381595530e-01
5.632103179789755831e-01,4.451470773761286859e-01,6.961596205077625887e-01
-7.954799583581895206e-01,-6.034365745115985447e-02,6.029678920604895076e-01
-4.419423798205984188e-01,-9.724883365221657916e-02,8.917564674684391735e-01
-3.628936503564511584e-01,-3.517373692759935833e-01,8.628957188361600084e-01
6.203225257102919221e-02,5.417387995685387647e-01,8.382547779064565274e-01
4.023133219999476817e-01,1.135940639826535890e-02,9.154315675284774301e-01
7.716478462283985484e-01,-4.769650312774260659e-01,4.207896866007981296e-01
-4.578338243462327650e-01,-3.426576233996659337e-01,8.203498902362306167e-01
-4.065813903797932949e-01,-6.015621662148898929e-01,6.876151054010400943e-01
7.201695020120334467e-01,-4.537288894460988486e-01,5.248675864003699010e-01
-7.641443069766992169e-01,2.311143178973291690e-01,6.022205992640509153e-01
5.182851018381666730e-01,-4.294690914427493067e-02,8.541288639353870060e-01
7.591378506200541221e-01,2.128822542124881798e-02,6.505816898855810715e-01
9.632475560650244351e-01,-9.467024612876103265e-03,2.684483584970060455e-01
-2.874488143217694969e-01,3.969599928941486278e-01,8.716627462421957517e-01
-7.610160710240010395e-02,-2.691923375498306847e-01,9.600750131114182961e-01
4.874537933363260467e-01,5.268776309660551105e-01,6.962677368294640790e-01
5.936148410520436514e-01,-4.281508771583479311e-01,6.814016780660980821e-01
2.638232786755951298e-01,-5.885035036258928764e-01,7.642387741072210749e-01
6.128280751129150383e-01,-3.319358536696258577e-01,7.171194735900123796e-01
9.412330838273230693e-01,-7.736782265736495690e-02,3.287772831662280626e-01
2.167249022890837540e-01,-6.667456573740117021e-01,7.130782180803760806e-01
1.049955617594901941e-02,-3.291377730153023373e-01,9.442235358720071359e-01
1.791140454877959975e-01,3.710767907973235857e-01,9.111641861050923108e-01
-7.931520384745537056e-02,5.554759656044088167e-01,8.277412337648079044e-01
-5.935356797056604572e-01,-4.877931253889183916e-01,6.401353479848231887e-01
9.582825957748780654e-01,-1.616697026413884408e-01,2.357061176185440421e-01
5.449852081380893720e-01,-8.197584581254128144e-01,-1.760317961123197272e-01
1.784580181121902531e-01,3.784872512849351417e-02,9.832193090951871772e-01
3.737374563701929553e-01,5.564242928252810527e-01,7.420999394015768136e-01
4.146006851151075590e-01,2.281921222778330871e-01,8.809282758729124474e-01
-6.431034795802005426e-03,2.400507047648479386e-01,9.707390488351415048e-01
-1.705544720017058979e-01,3.099951949369743054e-01,9.353150010537663039e-01
6.772518260698088925e-03,5.759055055506260290e-01,8.174882150055047259e-01
4.852008744660847583e-02,-5.369872046656407605e-01,8.421938869046454723e-01
5.084355480308304642e-01,-5.216180349256460680e-01,6.851335046097924986e-01
-7.737507147072927305e-01,-7.493186754932153193e-02,6.290429609458522142e-01
1.360493182385818789e-01,-1.444601382053138650e-01,9.801131829929228267e-01
-3.373466607932870120e-01,-7.132228267084120277e-02,9.386747905671269931e-01
9.949587371552451875e-01,2.529512568019430530e-02,-9.704260907077305598e-02
-3.010378639061398465e-01,-1.878254310505758640e-01,9.349319825235918868e-01
-4.091036650416973730e-01,5.564556901684292178e-01,7.231813438748456724e-01
4.382860117097099883e-01,-4.713741405935283901e-01,7.653180982567368007e-01
4.945351155547423883e-01,7.899655793689485117e-01,3.624767618696946303e-01
-2.512229527215982805e-01,-5.321716885592698426e-02,9.664651886978659068e-01
4.793436074141320669e-01,-3.684389909813589048e-01,7.965440452076989475e-01
-4.432054320675309356e-01,-6.843169254405161439e-01,5.790330651538582174e-01
-6.842184441881578039e-01,-3.443868214326265553e-01,6.428396673014734608e-01
-8.891714185863373032e-01,2.668821336584531120e-02,4.567952797878935267e-01
-7.870154136482183649e-01,6.555905255295407796e-02,6.134400943111584237e-01
-6.671699231343906078e-01,5.566547337238518800e-01,4.949947485455567509e-01
-1.796051572523825746e-01,7.289262600983600349e-01,6.606122121391375668e-01
1.831377797783166339e-01,8.140795413041563844e-01,5.511216327163027673e-01
6.805524572571665098e-01,-3.271675910838588164e-02,7.319685557417591193e-01
1.705622498937146292e-01,9.531316854746147982e-01,2.498969968917478246e-01
5.174251298317970038e-01,9.169610325535940132e-02,8.508014219935993161e-01
-9.410207100108769485e-02,-2.769994899084045059e-01,9.562510563778687800e-01
-4.315052994932931374e-01,-1.669347614535987290e-01,8.865302938578205616e-01
-7.761919250586271080e-01,3.725770512453323580e-01,5.086378243496209040e-01
6.694459186053323130e-01,7.850161024474372473e-02,7.387013329158443886e-01
8.815293055959037005e-01,9.213712653481775927e-02,4.630516529389683278e-01
2.113542188179457215e-01,-7.243517511065218351e-01,6.562346644735947976e-01
-4.943686005720328569e-01,-6.272220370479817397e-01,6.018240631694864451e-01
-2.171172638280293721e-01,3.553890837183758533e-01,9.091527335501131679e-01
1.248278038719384878e-02,-6.408887941743633965e-01,7.675322362582145397e-01
6.357565247469336711e-01,7.159279159077520660e-01,2.885495806021630139e-01
6.815923353610976454e-01,2.767751869064530301e-01,-6.773679829235385030e-01
3.974606777339428909e-02,7.669595804422000285e-01,6.404633104749072325e-01
2.147062135456952181e-01,4.524135743643794422e-03,9.766682005986697668e-01
8.613119470590582250e-01,4.246424954859120415e-01,2.789632249613400172e-01
-7.729066459737885531e-01,5.649070518802696839e-01,2.889556009934587943e-01
-8.689127753468979254e-01,-2.781745310191379716e-01,4.094014156439055308e-01
-1.391541576921250800e-01,-8.775496359800558643e-01,4.588493835544151800e-01
4.510077205166597158e-01,-2.924722632165600023e-01,8.432390000962656229e-01
-2.258143530839628044e-01,7.980513193094218583e-01,5.586787714686882733e-01
3.767457926338791396e-01,-2.425967846906709746e-01,8.939851272758503331e-01
-8.045797441515985249e-02,1.758266868051149845e-01,9.811276627229229552e-01
4.252432202394967886e-01,2.889675031009546480e-01,8.577097328303688872e-01
-4.337722596134624409e-01,2.458721598762297900e-01,8.668266884375611658e-01
-5.985323578091750196e-01,5.498465335055267023e-01,5.826043307832045048e-01
9.224215778822095202e-02,-9.630571563926952905e-01,2.530065174010124318e-01
9.219551295555120651e-01,-4.425552645640473681e-02,3.847599088579080062e-01
3.049414889284269847e-01,1.669743961368855834e-01,9.376194533843870138e-01
-1.705623655584556642e-01,-5.243652586111926528e-01,8.342359108889528807e-01
-4.817680998094092670e-01,-8.614698853695531566e-01,1.605276755185854332e-01
3.360715366766571233e-01,9.385028173194811529e-01,7.917312750666781473e-02
-3.822474925609014029e-01,-8.079852455762762675e-01,4.483823116069010073e-01
5.160966883498393498e-01,8.198332610254636943e-02,8.525977612658224292e-01
1.271356243267575403e-01,-4.040427413535500611e-01,9.058620182933788678e-01
3.740274902144692937e-01,-8.920298992319100062e-01,2.537441535093439282e-01
1.654084865298650897e-01,4.654118173071246090e-01,8.695009332339898034e-01
2.499149820770100727e-01,-1.507551122303447955e-01,9.564598255388796488e-01
2.782553079262942153e-01,-1.257907933035023462e-01,9.522345614032915462e-01
3.452474318433013112e-03,-3.037129674107246213e-01,9.527573215922577887e-01
-3.660154264794694967e-01,-6.434081517059139221e-01,6.723530753238448066e-01
-6.887571406202402935e-01,5.339786962140155024e-01,-4.903879619589072147e-01
2.522884963539354652e-01,3.230373731212782262e-01,9.121388985096372526e-01
-7.184958347199874584e-01,1.519578035856062881e-01,6.787286360685444997e-01
7.952382697275420798e-01,-6.018203183086223707e-01,7.354181689116526255e-02
-8.540286205794888064e-01,-5.185285484446575666e-01,4.199118572953179640e-02
1.268616947261956562e-01,-5.006469562250090988e-01,8.563052817972287567e-01
-4.472063950129473442e-01,5.602314192395255743e-01,6.972425669423739647e-01
-4.587432329405040088e-01,-8.246847126876701850e-01,3.308319375310512789e-01
-6.425539824458114113e-01,4.246632930229234382e-01,6.377973559069953779e-01
8.702162507847842621e-01,-4.918439699541810595e-01,2.851641789889294148e-02
-1.712271045954335824e-01,-9.792840280116111851e-01,1.080928819729519430e-01
-7.013891700810154228e-01,-6.413091019058521081e-01,3.110881995604682926e-01
1.233075844639913987e-01,-5.318888439775552035e-01,8.377884561545806408e-01
4.900296027651792063e-01,-2.667078732548719411e-01,8.299023429040695010e-01
-6.140590870505726606e-01,-7.886744581325217940e-01,-3.039797197167184648e-02
2.381250342378944118e-01,9.412154469319963246e-01,2.396037364604400033e-01
-7.032527187540161817e-01,-6.263922600992819500e-01,3.362563754827530005e-01
-5.839189753578164499e-01,8.029333495693751210e-01,1.197358190617227314e-01
2.085684260639307230e-01,9.344838970745653617e-01,2.885117982986968310e-01
-4.114426811040596682e-02,-8.475257579358346227e-01,-5.291571022266905455e-01
2.502198523063572377e-01,9.098528600107268494e-01,3.309951640765854131e-01
1.230069439298219214e-01,7.328281793100390740e-01,6.692026235410160062e-01
-8.148987422593294283e-02,-7.710643964700060193e-01,6.315212560911843687e-01
-6.429772205731973389e-02,-3.876914141522035950e-01,9.195440013022239123e-01
-4.514016916397728951e-01,-2.413694234789320603e-01,8.590560599833979571e-01
-2.197656055389593799e-01,9.723239366791552873e-01,7.930473367236416660e-02
5.642712019233010468e-01,-7.009051160349393239e-01,4.362682993251764119e-01
8.530995451450872347e-01,-1.738634302312494218e-01,4.919275085838043515e-01
-3.943987813318011182e-01,5.319758030729607734e-01,7.493005713522903344e-01
9.745074482189168830e-01,-1.513863947887108818e-01,1.655819822285366782e-01
-4.785995093543212175e-01,-5.984086651420496006e-01,6.425337182815493708e-01
2.057192054452989527e-01,-5.931376117615960730e-01,7.783748338844883596e-01
-3.181163019853744944e-01,-4.161528357215050211e-01,8.518326336388505338e-01
-5.258887369065788908e-01,-2.001307797799689869e-01,8.266732772864167078e-01
-3.723598023618974184e-01,1.948416704215149842e-01,9.074055879552220816e-01
5.569408108057853635e-02,-8.142663017316298379e-01,5.778136024678585114e-01
-7.674194173283178655e-01,-6.011109317243403666e-02,6.383213096749005278e-01
-2.967059165167192925e-01,9.229681477047413374e-01,2.451436261183478071e-01
-4.728245796200467033e-01,5.594350998418631260e-01,6.807857856712719036e-01
9.751169092617899548e-01,-1.147092955494838085e-01,1.897071184385956677e-01
-2.515359846706561875e-01,9.640711080085125895e-01,-8.541982860555522028e-02
5.984523215492616455e-01,-6.952261469410883077e-01,3.981399545910302429e-01
2.703376291514351104e-01,-9.531595328692590297e-01,1.356630795951398183e-01
3.520391044176532369e-01,-7.715220173676484716e-01,5.299266417890035052e-01
-3.564427315148395725e-01,-7.216225463172311061e-01,5.934723917730929665e-01
-9.882797610086104800e-01,-5.249134667703996698e-02,1.433449423760553010e-01
1.259110299624615348e-01,-8.993726498969323302e-01,-4.186588696673728682e-01
8.412099351143469406e-01,3.176600594888668305e-01,4.375590607797373299e-01
6.603712595264847884e-01,2.918344748019320867e-01,6.919121612665041221e-01
-7.732151828432755336e-02,-9.365613919124485820e-01,3.418686033978893257e-01
-2.664206340457145328e-01,-2.431544480028429156e-01,9.326821324390814905e-01
2.015498016156564917e-02,-6.086648581672396974e-01,7.931713983792790801e-01
-8.710899118508080852e-01,2.114847398916435972e-01,4.432567768965472998e-01
1.634716914919298603e-01,8.306134957565071142e-01,5.323140302001464486e-01
-3.976221620405774870e-01,6.821466139259163564e-02,9.150100415980529922e-01
-7.206931866364669759e-01,-4.947679621675699080e-01,4.855985938492046738e-01
6.448860786257809563e-01,6.271022717680196923e-02,7.617016299064199858e-01
-3.436003497451791538e-02,-2.530929453254982323e-02,9.990889988418523160e-01
9.733219737307095831e-02,3.668260685148494460e-01,9.251838081227257149e-01
2.152454644245401505e-01,-1.897036457325223524e-01,9.579571581445872619e-01
1.744944928179750221e-01,-7.551007651131222964e-01,6.319608425383451689e-01
-7.757679010463482960e-01,4.092598102426680540e-01,4.803025831975908377e-01
-5.061857103980613726e-01,-3.068728457361461492e-01,8.059808205773941747e-01
7.363722566712231909e-01,-2.646780718684804135e-01,6.226567416136389310e-01
9.870976365696252364e-01,-1.379169160259899607e-01,8.134605185588347775e-02
5.790051402349257748e-01,7.502234034755629610e-02,8.118649493790882632e-01
-1.382323027297234497e-01,6.437452076107452736e-01,7.526512726091922900e-01
2.086452956156493732e-01,-4.109012386729260502e-01,8.874836971316788503e-01
1.868601935573220574e-01,-9.101339753825153922e-01,3.697829294574575543e-01
7.149504520947124186e-01,3.795250118706369191e-01,5.872023641081152157e-01
