4.985566711425781250e+01,2.799205322265625000e+02,2.627245605468750000e+03,3.166341308593750000e+03,-8.149160156250000000e+02,8.260800170898437500e+02,-5.283529785156250000e+03,1.106150878906250000e+03,6.249848632812500000e+02,1.003403472900390625e+01,-4.880549011230468750e+02,-1.548028442382812500e+03,-1.484289062500000000e+03,-3.474057312011718750e+02,-6.569633178710937500e+02,3.236662597656250000e+03,2.511346191406250000e+03,-2.154089355468750000e+03,-2.169596435546875000e+03,-1.666276733398437500e+03,-1.756213745117187500e+03,1.314927612304687500e+03,-3.462919921875000000e+03,1.076389892578125000e+03,-4.476741333007812500e+02,4.951620788574218750e+02,1.063873657226562500e+03,2.203199462890625000e+03,1.036216552734375000e+03,4.246421051025390625e+01,-2.536963867187500000e+03,-6.871872558593750000e+02
7.657861328125000000e+01,2.983872680664062500e+02,2.642006103515625000e+03,3.174029541015625000e+03,-8.419067993164062500e+02,8.302974853515625000e+02,-5.250120605468750000e+03,1.102853393554687500e+03,6.259447021484375000e+02,1.249093151092529297e+01,-4.865274963378906250e+02,-1.537584960937500000e+03,-1.508659790039062500e+03,-3.713214111328125000e+02,-6.554638061523437500e+02,3.251602783203125000e+03,2.508315429687500000e+03,-2.136856445312500000e+03,-2.187177734375000000e+03,-1.685520019531250000e+03,-1.787844360351562500e+03,1.343269409179687500e+03,-3.480712890625000000e+03,1.076228149414062500e+03,-4.780120239257812500e+02,5.120782470703125000e+02,1.084556640625000000e+03,2.193696777343750000e+03,1.048756835937500000e+03,5.634450912475585938e+01,-2.530520019531250000e+03,-6.812041015625000000e+02
7.636825561523437500e+01,3.470634155273437500e+02,2.621930419921875000e+03,3.181217529296875000e+03,-8.667207031250000000e+02,8.518524169921875000e+02,-5.231418457031250000e+03,1.139803100585937500e+03,6.610308837890625000e+02,-3.696925163269042969e+00,-4.502762145996093750e+02,-1.528397216796875000e+03,-1.546175292968750000e+03,-3.765584411621093750e+02,-6.387078247070312500e+02,3.203107421875000000e+03,2.514553955078125000e+03,-2.119794921875000000e+03,-2.234892822265625000e+03,-1.687364624023437500e+03,-1.779088134765625000e+03,1.314432983398437500e+03,-3.462941406250000000e+03,1.110763061523437500e+03,-4.568572692871093750e+02,5.184912719726562500e+02,1.101552490234375000e+03,2.206045166015625000e+03,1.037281982421875000e+03,3.719282913208007812e+01,-2.572210449218750000e+03,-6.934306640625000000e+02
7.492913055419921875e+01,3.392117309570312500e+02,2.611951904296875000e+03,3.153424072265625000e+03,-8.568090820312500000e+02,8.728284301757812500e+02,-5.231894531250000000e+03,1.165000488281250000e+03,6.565181274414062500e+02,-1.762545394897460938e+01,-4.483989562988281250e+02,-1.542992919921875000e+03,-1.548039062500000000e+03,-3.926918029785156250e+02,-6.217187500000000000e+02,3.181126220703125000e+03,2.472499267578125000e+03,-2.133716064453125000e+03,-2.228718994140625000e+03,-1.664831909179687500e+03,-1.761800537109375000e+03,1.297348144531250000e+03,-3.458703613281250000e+03,1.068810791015625000e+03,-4.322800292968750000e+02,5.459879760742187500e+02,1.051452392578125000e+03,2.210228759765625000e+03,1.041660766601562500e+03,2.184970283508300781e+01,-2.589421630859375000e+03,-6.997110595703125000e+02
7.522759246826171875e+01,3.089445495605468750e+02,2.599855468750000000e+03,3.149901611328125000e+03,-9.054333496093750000e+02,8.854373168945312500e+02,-5.270138671875000000e+03,1.135412963867187500e+03,6.756899414062500000e+02,-2.265329360961914062e+00,-4.467864074707031250e+02,-1.555659057617187500e+03,-1.519083007812500000e+03,-3.930718383789062500e+02,-5.982932739257812500e+02,3.206514648437500000e+03,2.485190429687500000e+03,-2.140726562500000000e+03,-2.248014892578125000e+03,-1.666366577148437500e+03,-1.800127929687500000e+03,1.283259765625000000e+03,-3.464725830078125000e+03,1.136461181640625000e+03,-4.210192260742187500e+02,5.592672119140625000e+02,1.116783203125000000e+03,2.207091552734375000e+03,1.080480346679687500e+03,4.114048004150390625e+00,-2.596946533203125000e+03,-7.112518920898437500e+02
9.498600769042968750e+01,2.636286621093750000e+02,2.621904296875000000e+03,3.138991455078125000e+03,-8.854061889648437500e+02,8.640674438476562500e+02,-5.291751464843750000e+03,1.180639160156250000e+03,6.426986083984375000e+02,2.444446563720703125e+01,-4.476076354980468750e+02,-1.573341186523437500e+03,-1.514406982421875000e+03,-3.597539978027343750e+02,-5.839708251953125000e+02,3.220171386718750000e+03,2.524475341796875000e+03,-2.127318359375000000e+03,-2.259146240234375000e+03,-1.669660644531250000e+03,-1.849161132812500000e+03,1.277818603515625000e+03,-3.460436279296875000e+03,1.137928466796875000e+03,-4.528760986328125000e+02,5.557160644531250000e+02,1.089041625976562500e+03,2.161234130859375000e+03,1.080395019531250000e+03,3.690021896362304688e+01,-2.591937011718750000e+03,-7.316313476562500000e+02
1.192449569702148438e+02,2.731833801269531250e+02,2.622991943359375000e+03,3.131052490234375000e+03,-8.733920288085937500e+02,8.663887939453125000e+02,-5.301448242187500000e+03,1.195505004882812500e+03,6.309171752929687500e+02,3.784001159667968750e+01,-4.319304809570312500e+02,-1.590834716796875000e+03,-1.512895507812500000e+03,-3.703649902343750000e+02,-5.868877563476562500e+02,3.218166015625000000e+03,2.527642578125000000e+03,-2.130681152343750000e+03,-2.267594482421875000e+03,-1.669683593750000000e+03,-1.848840209960937500e+03,1.304861694335937500e+03,-3.440817871093750000e+03,1.145039062500000000e+03,-4.301461486816406250e+02,5.859808349609375000e+02,1.045804687500000000e+03,2.151256591796875000e+03,1.102185180664062500e+03,3.106898117065429688e+01,-2.596793212890625000e+03,-7.280895996093750000e+02
1.023530426025390625e+02,2.869866027832031250e+02,2.585686523437500000e+03,3.147222412109375000e+03,-9.018620605468750000e+02,9.050787353515625000e+02,-5.308874023437500000e+03,1.222442626953125000e+03,6.544248657226562500e+02,3.800320053100585938e+01,-4.106271362304687500e+02,-1.596647827148437500e+03,-1.529282470703125000e+03,-4.086453247070312500e+02,-5.794628906250000000e+02,3.232753417968750000e+03,2.552346679687500000e+03,-2.143437988281250000e+03,-2.302703613281250000e+03,-1.669739624023437500e+03,-1.835195068359375000e+03,1.326717407226562500e+03,-3.432353027343750000e+03,1.211945068359375000e+03,-3.958496398925781250e+02,6.013341674804687500e+02,1.086699584960937500e+03,2.156195800781250000e+03,1.070631347656250000e+03,5.284609222412109375e+01,-2.559810302734375000e+03,-7.607358398437500000e+02
1.099382019042968750e+02,2.923717041015625000e+02,2.556221435546875000e+03,3.187599121093750000e+03,-8.920910034179687500e+02,8.978634643554687500e+02,-5.358586914062500000e+03,1.207464843750000000e+03,6.645161743164062500e+02,2.393618774414062500e+01,-4.151967163085937500e+02,-1.585157104492187500e+03,-1.519447509765625000e+03,-4.148120422363281250e+02,-6.152617187500000000e+02,3.246591796875000000e+03,2.522885009765625000e+03,-2.142357421875000000e+03,-2.285938232421875000e+03,-1.691295166015625000e+03,-1.835675659179687500e+03,1.316496093750000000e+03,-3.444447509765625000e+03,1.206377075195312500e+03,-3.851128540039062500e+02,6.072047729492187500e+02,1.107621093750000000e+03,2.176502929687500000e+03,1.054318969726562500e+03,1.116229019165039062e+02,-2.544201171875000000e+03,-7.575102539062500000e+02
1.111257171630859375e+02,2.901504211425781250e+02,2.520376953125000000e+03,3.158895507812500000e+03,-8.882588500976562500e+02,9.165160522460937500e+02,-5.358503417968750000e+03,1.211317871093750000e+03,6.777340087890625000e+02,5.481101608276367188e+01,-4.181919555664062500e+02,-1.550122802734375000e+03,-1.508475830078125000e+03,-3.675734558105468750e+02,-6.351356201171875000e+02,3.192614257812500000e+03,2.508762695312500000e+03,-2.136794189453125000e+03,-2.297586425781250000e+03,-1.703654907226562500e+03,-1.857987182617187500e+03,1.340594116210937500e+03,-3.443680419921875000e+03,1.210794433593750000e+03,-4.115915527343750000e+02,5.974305419921875000e+02,1.131449096679687500e+03,2.193748535156250000e+03,1.053880981445312500e+03,1.095314254760742188e+02,-2.531382568359375000e+03,-7.488212890625000000e+02
9.354730987548828125e+01,2.886186828613281250e+02,2.528333496093750000e+03,3.170139404296875000e+03,-9.080202636718750000e+02,9.255029296875000000e+02,-5.371101562500000000e+03,1.204460449218750000e+03,6.615160522460937500e+02,6.200301361083984375e+01,-4.116625366210937500e+02,-1.564032226562500000e+03,-1.511819824218750000e+03,-3.610952758789062500e+02,-6.377209472656250000e+02,3.197741699218750000e+03,2.483212158203125000e+03,-2.142394775390625000e+03,-2.271841796875000000e+03,-1.719460571289062500e+03,-1.844021850585937500e+03,1.333960449218750000e+03,-3.441449951171875000e+03,1.221964355468750000e+03,-3.857667541503906250e+02,6.077482299804687500e+02,1.141475585937500000e+03,2.204038330078125000e+03,1.048166137695312500e+03,9.173508453369140625e+01,-2.511749023437500000e+03,-7.409178466796875000e+02
5.679189300537109375e+01,2.832043151855468750e+02,2.515531738281250000e+03,3.155234863281250000e+03,-9.136128540039062500e+02,9.469614868164062500e+02,-5.377302246093750000e+03,1.188019287109375000e+03,6.610435791015625000e+02,5.547757720947265625e+01,-4.221805725097656250e+02,-1.555147827148437500e+03,-1.459646606445312500e+03,-3.925240478515625000e+02,-6.306256103515625000e+02,3.228026855468750000e+03,2.473455322265625000e+03,-2.159141357421875000e+03,-2.264286132812500000e+03,-1.695206054687500000e+03,-1.821246948242187500e+03,1.276310546875000000e+03,-3.418068359375000000e+03,1.221513671875000000e+03,-3.823550720214843750e+02,5.931625976562500000e+02,1.151706787109375000e+03,2.205186767578125000e+03,1.090357299804687500e+03,9.187838745117187500e+01,-2.517295166015625000e+03,-7.778239135742187500e+02
4.091104888916015625e+01,2.781841735839843750e+02,2.543668457031250000e+03,3.163304199218750000e+03,-9.187503051757812500e+02,9.449779663085937500e+02,-5.402323242187500000e+03,1.172154418945312500e+03,6.360236816406250000e+02,7.112323760986328125e+01,-4.187181701660156250e+02,-1.556922241210937500e+03,-1.479652221679687500e+03,-4.049965209960937500e+02,-6.489532470703125000e+02,3.259367187500000000e+03,2.472380371093750000e+03,-2.176026855468750000e+03,-2.258530761718750000e+03,-1.710529663085937500e+03,-1.834080810546875000e+03,1.291508544921875000e+03,-3.404315185546875000e+03,1.226038696289062500e+03,-4.033386230468750000e+02,5.804567260742187500e+02,1.150447875976562500e+03,2.209524902343750000e+03,1.083425170898437500e+03,7.320588684082031250e+01,-2.526363525390625000e+03,-7.622123413085937500e+02
3.271409606933593750e+01,2.665242919921875000e+02,2.566022949218750000e+03,3.184518554687500000e+03,-9.028410034179687500e+02,8.976130371093750000e+02,-5.389022949218750000e+03,1.156427612304687500e+03,6.418731689453125000e+02,6.511499023437500000e+01,-4.131609802246093750e+02,-1.582929931640625000e+03,-1.498271362304687500e+03,-3.798818359375000000e+02,-6.491289062500000000e+02,3.265254394531250000e+03,2.525575927734375000e+03,-2.168275390625000000e+03,-2.224552246093750000e+03,-1.724783569335937500e+03,-1.828330322265625000e+03,1.293123046875000000e+03,-3.432375976562500000e+03,1.211783081054687500e+03,-3.978731994628906250e+02,5.966854248046875000e+02,1.125605468750000000e+03,2.199135009765625000e+03,1.093504150390625000e+03,9.185208129882812500e+01,-2.519635009765625000e+03,-7.818704833984375000e+02
5.650598144531250000e+01,2.716530456542968750e+02,2.592050781250000000e+03,3.193792236328125000e+03,-8.832920532226562500e+02,8.766970214843750000e+02,-5.421378906250000000e+03,1.176739746093750000e+03,6.425233764648437500e+02,6.109552764892578125e+01,-3.850949401855468750e+02,-1.608941162109375000e+03,-1.498686279296875000e+03,-3.946376342773437500e+02,-6.401985473632812500e+02,3.242956298828125000e+03,2.534222656250000000e+03,-2.151132324218750000e+03,-2.229588134765625000e+03,-1.714903808593750000e+03,-1.780006225585937500e+03,1.308675415039062500e+03,-3.456119384765625000e+03,1.187928833007812500e+03,-3.820946655273437500e+02,6.026137695312500000e+02,1.116039184570312500e+03,2.191080322265625000e+03,1.103680053710937500e+03,1.046414031982421875e+02,-2.513986328125000000e+03,-8.030806884765625000e+02
6.304600524902343750e+01,2.513523559570312500e+02,2.617294921875000000e+03,3.165340087890625000e+03,-8.789879150390625000e+02,8.510390625000000000e+02,-5.441745605468750000e+03,1.193389160156250000e+03,6.651313476562500000e+02,6.222778320312500000e+01,-4.336278076171875000e+02,-1.610508544921875000e+03,-1.511419677734375000e+03,-4.003211059570312500e+02,-6.536462402343750000e+02,3.278921875000000000e+03,2.568258544921875000e+03,-2.183684570312500000e+03,-2.237113281250000000e+03,-1.705189208984375000e+03,-1.791198730468750000e+03,1.316053466796875000e+03,-3.412579101562500000e+03,1.189147949218750000e+03,-3.776086425781250000e+02,6.027893066406250000e+02,1.100026855468750000e+03,2.181355712890625000e+03,1.132067016601562500e+03,1.070296173095703125e+02,-2.499823730468750000e+03,-8.298990478515625000e+02
4.623989868164062500e+01,2.603257141113281250e+02,2.631415039062500000e+03,3.161157470703125000e+03,-8.825078735351562500e+02,8.375253906250000000e+02,-5.443107910156250000e+03,1.182771606445312500e+03,6.799238891601562500e+02,3.974323272705078125e+01,-4.241169738769531250e+02,-1.611470092773437500e+03,-1.526318847656250000e+03,-4.148907165527343750e+02,-6.558931274414062500e+02,3.308578125000000000e+03,2.577674560546875000e+03,-2.178749267578125000e+03,-2.230367919921875000e+03,-1.701765747070312500e+03,-1.775627197265625000e+03,1.299043945312500000e+03,-3.406645996093750000e+03,1.168749755859375000e+03,-3.659713745117187500e+02,6.087265625000000000e+02,1.097768432617187500e+03,2.167959472656250000e+03,1.142594970703125000e+03,1.011034469604492188e+02,-2.484106445312500000e+03,-8.685528564453125000e+02
2.881226730346679688e+01,2.108418273925781250e+02,2.666221679687500000e+03,3.145881591796875000e+03,-8.865017700195312500e+02,8.300531005859375000e+02,-5.411408691406250000e+03,1.242025512695312500e+03,6.468309326171875000e+02,4.902421188354492188e+01,-4.530749206542968750e+02,-1.591980834960937500e+03,-1.538886108398437500e+03,-3.748767089843750000e+02,-6.439016113281250000e+02,3.340686279296875000e+03,2.607209716796875000e+03,-2.158524902343750000e+03,-2.240431640625000000e+03,-1.690579101562500000e+03,-1.753191406250000000e+03,1.300567382812500000e+03,-3.378678222656250000e+03,1.100091186523437500e+03,-3.987408752441406250e+02,5.855996704101562500e+02,1.046178710937500000e+03,2.109559570312500000e+03,1.163187377929687500e+03,7.007214355468750000e+01,-2.489964355468750000e+03,-8.560297241210937500e+02
1.424348163604736328e+01,2.150520629882812500e+02,2.674714111328125000e+03,3.107349853515625000e+03,-8.630833129882812500e+02,7.989761962890625000e+02,-5.401564941406250000e+03,1.237925659179687500e+03,6.255559082031250000e+02,5.663757705688476562e+01,-4.724897460937500000e+02,-1.618668823242187500e+03,-1.558012695312500000e+03,-3.753417968750000000e+02,-6.367325439453125000e+02,3.364209472656250000e+03,2.621063720703125000e+03,-2.166141601562500000e+03,-2.229870849609375000e+03,-1.637734252929687500e+03,-1.741473754882812500e+03,1.280169555664062500e+03,-3.376263427734375000e+03,1.090439086914062500e+03,-3.752248535156250000e+02,5.733402709960937500e+02,9.927697753906250000e+02,2.101922363281250000e+03,1.170400390625000000e+03,3.844388580322265625e+01,-2.512262451171875000e+03,-8.514528808593750000e+02
2.335871887207031250e+01,2.312518310546875000e+02,2.646046142578125000e+03,3.098320800781250000e+03,-8.568848876953125000e+02,7.752500610351562500e+02,-5.395369140625000000e+03,1.221918701171875000e+03,6.411730346679687500e+02,5.634474563598632812e+01,-4.720251159667968750e+02,-1.613193725585937500e+03,-1.575385986328125000e+03,-3.589391479492187500e+02,-6.438293457031250000e+02,3.337436035156250000e+03,2.633103759765625000e+03,-2.158768554687500000e+03,-2.218312988281250000e+03,-1.637081787109375000e+03,-1.736107666015625000e+03,1.295438354492187500e+03,-3.394645751953125000e+03,1.122943603515625000e+03,-3.572312622070312500e+02,5.858084106445312500e+02,9.747641601562500000e+02,2.134500244140625000e+03,1.168283691406250000e+03,5.084416580200195312e+01,-2.520360107421875000e+03,-8.542928466796875000e+02
9.760490417480468750e+00,2.279376983642578125e+02,2.673885498046875000e+03,3.136614257812500000e+03,-8.485021972656250000e+02,7.731100463867187500e+02,-5.361928222656250000e+03,1.224102416992187500e+03,6.207735595703125000e+02,6.572650909423828125e+01,-4.761467285156250000e+02,-1.642172973632812500e+03,-1.594728759765625000e+03,-3.299118652343750000e+02,-6.365317382812500000e+02,3.356133789062500000e+03,2.639208251953125000e+03,-2.178430664062500000e+03,-2.222200439453125000e+03,-1.648416015625000000e+03,-1.734224487304687500e+03,1.294471069335937500e+03,-3.407017822265625000e+03,1.128058349609375000e+03,-3.598211975097656250e+02,5.929204711914062500e+02,9.706398315429687500e+02,2.106643554687500000e+03,1.177792236328125000e+03,3.752616882324218750e+01,-2.506422119140625000e+03,-8.555283813476562500e+02
-1.600457382202148438e+01,2.629199218750000000e+02,2.634331787109375000e+03,3.132729003906250000e+03,-8.401495361328125000e+02,7.899353027343750000e+02,-5.344276855468750000e+03,1.195372802734375000e+03,5.936326293945312500e+02,4.670880508422851562e+01,-5.010753173828125000e+02,-1.668144287109375000e+03,-1.575084716796875000e+03,-3.623483276367187500e+02,-6.658228149414062500e+02,3.366288574218750000e+03,2.574321533203125000e+03,-2.164486328125000000e+03,-2.206442138671875000e+03,-1.627831420898437500e+03,-1.731438110351562500e+03,1.264222045898437500e+03,-3.402040527343750000e+03,1.111275634765625000e+03,-3.707749938964843750e+02,5.784077758789062500e+02,9.893422851562500000e+02,2.103771728515625000e+03,1.151790161132812500e+03,1.473974418640136719e+01,-2.535444335937500000e+03,-8.713968505859375000e+02
-4.176539230346679688e+01,2.601725463867187500e+02,2.612092041015625000e+03,3.144957763671875000e+03,-8.307384643554687500e+02,8.265067749023437500e+02,-5.325446777343750000e+03,1.227906982421875000e+03,5.440159301757812500e+02,6.135438156127929688e+01,-5.230160522460937500e+02,-1.673879394531250000e+03,-1.571284912109375000e+03,-4.005585021972656250e+02,-6.714880371093750000e+02,3.373419677734375000e+03,2.555945312500000000e+03,-2.175504882812500000e+03,-2.186311035156250000e+03,-1.627094116210937500e+03,-1.711951538085937500e+03,1.283622070312500000e+03,-3.392355957031250000e+03,1.101906127929687500e+03,-3.701931762695312500e+02,5.863045654296875000e+02,1.003426391601562500e+03,2.123625732421875000e+03,1.149513671875000000e+03,-4.955106735229492188e+00,-2.578176757812500000e+03,-8.677352294921875000e+02
8.040920257568359375e+00,2.839876098632812500e+02,2.584973388671875000e+03,3.147426513671875000e+03,-8.306288452148437500e+02,8.307116699218750000e+02,-5.325740722656250000e+03,1.231764892578125000e+03,5.640272216796875000e+02,5.779753875732421875e+01,-5.163354492187500000e+02,-1.696628906250000000e+03,-1.567358520507812500e+03,-3.868117065429687500e+02,-6.636159057617187500e+02,3.344136474609375000e+03,2.560385498046875000e+03,-2.151646972656250000e+03,-2.188459960937500000e+03,-1.650475341796875000e+03,-1.750479614257812500e+03,1.292643310546875000e+03,-3.375688720703125000e+03,1.133713867187500000e+03,-3.636067504882812500e+02,6.109159545898437500e+02,1.038075317382812500e+03,2.114028808593750000e+03,1.118578735351562500e+03,1.278905677795410156e+01,-2.585783935546875000e+03,-8.646566162109375000e+02
8.460906982421875000e+00,3.137662658691406250e+02,2.600008056640625000e+03,3.165307128906250000e+03,-8.548963623046875000e+02,8.246966552734375000e+02,-5.349929199218750000e+03,1.203153808593750000e+03,6.148465576171875000e+02,5.050949096679687500e+01,-4.873325805664062500e+02,-1.688309692382812500e+03,-1.582060546875000000e+03,-4.185886230468750000e+02,-6.628459472656250000e+02,3.357106933593750000e+03,2.556922851562500000e+03,-2.163196044921875000e+03,-2.201266113281250000e+03,-1.668441650390625000e+03,-1.764129150390625000e+03,1.287617431640625000e+03,-3.394333984375000000e+03,1.133163208007812500e+03,-3.193603210449218750e+02,6.272249145507812500e+02,1.102582885742187500e+03,2.138742187500000000e+03,1.132325805664062500e+03,1.496915531158447266e+01,-2.580164794921875000e+03,-8.836213378906250000e+02
-9.061912536621093750e+00,3.220023498535156250e+02,2.560999267578125000e+03,3.157976074218750000e+03,-8.748015136718750000e+02,8.607811889648437500e+02,-5.299486816406250000e+03,1.201354980468750000e+03,5.865888671875000000e+02,4.096592330932617188e+01,-5.082691955566406250e+02,-1.684944824218750000e+03,-1.595733398437500000e+03,-4.179258422851562500e+02,-7.158035888671875000e+02,3.370296875000000000e+03,2.478489990234375000e+03,-2.141375732421875000e+03,-2.202758789062500000e+03,-1.676588623046875000e+03,-1.745822631835937500e+03,1.281616210937500000e+03,-3.382635986328125000e+03,1.134824584960937500e+03,-3.517469787597656250e+02,6.272235717773437500e+02,1.145786376953125000e+03,2.159921386718750000e+03,1.103068359375000000e+03,2.450912475585937500e+01,-2.573728759765625000e+03,-8.695100708007812500e+02
4.727342605590820312e+00,3.288143005371093750e+02,2.559429443359375000e+03,3.153058837890625000e+03,-8.843234863281250000e+02,8.733846435546875000e+02,-5.283316894531250000e+03,1.211984130859375000e+03,6.166214599609375000e+02,7.205516815185546875e+01,-4.951094055175781250e+02,-1.664107910156250000e+03,-1.588809692382812500e+03,-4.052754821777343750e+02,-7.090354003906250000e+02,3.312461425781250000e+03,2.480364990234375000e+03,-2.106130371093750000e+03,-2.207852050781250000e+03,-1.723266235351562500e+03,-1.760203857421875000e+03,1.296565185546875000e+03,-3.379822753906250000e+03,1.148785034179687500e+03,-3.757920837402343750e+02,6.396121215820312500e+02,1.174952392578125000e+03,2.175246337890625000e+03,1.084935668945312500e+03,3.762256240844726562e+01,-2.584300292968750000e+03,-8.445341186523437500e+02
-8.732259750366210938e+00,3.379563903808593750e+02,2.544744628906250000e+03,3.196040771484375000e+03,-8.874392089843750000e+02,8.760494995117187500e+02,-5.306410156250000000e+03,1.157844604492187500e+03,6.272534179687500000e+02,4.015611267089843750e+01,-4.805508422851562500e+02,-1.670684814453125000e+03,-1.581538208007812500e+03,-4.517155456542968750e+02,-7.058940429687500000e+02,3.323671386718750000e+03,2.487623291015625000e+03,-2.102524414062500000e+03,-2.180458007812500000e+03,-1.717499023437500000e+03,-1.760083496093750000e+03,1.288363037109375000e+03,-3.384709716796875000e+03,1.150707641601562500e+03,-3.575627136230468750e+02,6.496676635742187500e+02,1.183662841796875000e+03,2.189590332031250000e+03,1.110497070312500000e+03,1.890221595764160156e+01,-2.591709716796875000e+03,-8.443140258789062500e+02
-3.663592147827148438e+01,3.622263488769531250e+02,2.534225585937500000e+03,3.199903808593750000e+03,-9.086279907226562500e+02,8.623543090820312500e+02,-5.268922363281250000e+03,1.132524169921875000e+03,6.495701904296875000e+02,4.927636718750000000e+01,-4.529268798828125000e+02,-1.653603515625000000e+03,-1.563617553710937500e+03,-4.107558288574218750e+02,-6.865222778320312500e+02,3.314815673828125000e+03,2.524190673828125000e+03,-2.135230957031250000e+03,-2.196244384765625000e+03,-1.713784423828125000e+03,-1.776436645507812500e+03,1.273688598632812500e+03,-3.375039306640625000e+03,1.167163452148437500e+03,-3.742344665527343750e+02,6.557752685546875000e+02,1.184718994140625000e+03,2.185822265625000000e+03,1.115701293945312500e+03,6.802541732788085938e+00,-2.564083740234375000e+03,-8.484406738281250000e+02
-2.415806770324707031e+01,3.568768310546875000e+02,2.522353271484375000e+03,3.182215820312500000e+03,-8.891286621093750000e+02,8.607779541015625000e+02,-5.253096679687500000e+03,1.147723144531250000e+03,6.456812133789062500e+02,8.525325012207031250e+01,-4.485800170898437500e+02,-1.680051635742187500e+03,-1.606371337890625000e+03,-4.080414123535156250e+02,-7.048699340820312500e+02,3.287596191406250000e+03,2.533597900390625000e+03,-2.124069580078125000e+03,-2.216105224609375000e+03,-1.710259399414062500e+03,-1.783511230468750000e+03,1.316407592773437500e+03,-3.392578125000000000e+03,1.167201049804687500e+03,-3.919847106933593750e+02,6.367294311523437500e+02,1.183699829101562500e+03,2.182878417968750000e+03,1.081126831054687500e+03,7.244005203247070312e-01,-2.579562988281250000e+03,-8.422669677734375000e+02
-3.726695251464843750e+01,3.741329650878906250e+02,2.493408935546875000e+03,3.213245117187500000e+03,-9.224565429687500000e+02,8.693671264648437500e+02,-5.239054199218750000e+03,1.136325683593750000e+03,6.338074340820312500e+02,7.673744964599609375e+01,-4.548348999023437500e+02,-1.650080688476562500e+03,-1.637818115234375000e+03,-4.297761840820312500e+02,-6.930247192382812500e+02,3.302468994140625000e+03,2.543103759765625000e+03,-2.120585205078125000e+03,-2.221524414062500000e+03,-1.716523071289062500e+03,-1.772307861328125000e+03,1.347203735351562500e+03,-3.393046142578125000e+03,1.179836669921875000e+03,-4.142658386230468750e+02,6.521970825195312500e+02,1.221093750000000000e+03,2.205235839843750000e+03,1.098933959960937500e+03,4.362316608428955078e+00,-2.568497558593750000e+03,-8.478243408203125000e+02
-2.358093643188476562e+01,3.337326049804687500e+02,2.534121582031250000e+03,3.159067138671875000e+03,-8.700541992187500000e+02,8.312254638671875000e+02,-5.242073730468750000e+03,1.164506591796875000e+03,6.494953002929687500e+02,8.638525390625000000e+01,-4.569473266601562500e+02,-1.672732910156250000e+03,-1.639972045898437500e+03,-3.817452087402343750e+02,-6.799146118164062500e+02,3.290402343750000000e+03,2.573586425781250000e+03,-2.085547119140625000e+03,-2.223575683593750000e+03,-1.703438964843750000e+03,-1.795962036132812500e+03,1.331746215820312500e+03,-3.405806152343750000e+03,1.133200805664062500e+03,-4.269086914062500000e+02,6.392557373046875000e+02,1.132235717773437500e+03,2.161368408203125000e+03,1.110186401367187500e+03,3.313852691650390625e+01,-2.549705078125000000e+03,-8.631132812500000000e+02
-3.781010437011718750e+01,3.112664794921875000e+02,2.527548095703125000e+03,3.137373046875000000e+03,-8.949576416015625000e+02,8.601799316406250000e+02,-5.269069824218750000e+03,1.144213012695312500e+03,6.589584960937500000e+02,1.057901916503906250e+02,-4.708076477050781250e+02,-1.693957763671875000e+03,-1.624196899414062500e+03,-3.387589416503906250e+02,-7.127601928710937500e+02,3.288281738281250000e+03,2.578500976562500000e+03,-2.097071289062500000e+03,-2.213850341796875000e+03,-1.722425781250000000e+03,-1.802078491210937500e+03,1.327141357421875000e+03,-3.376300781250000000e+03,1.137014404296875000e+03,-4.067292480468750000e+02,6.482976684570312500e+02,1.128214355468750000e+03,2.150478027343750000e+03,1.090924438476562500e+03,6.266098022460937500e-01,-2.544063964843750000e+03,-8.433026733398437500e+02
-3.654962158203125000e+01,3.311364135742187500e+02,2.479787841796875000e+03,3.179912353515625000e+03,-9.038460693359375000e+02,8.451369018554687500e+02,-5.246972167968750000e+03,1.104248291015625000e+03,6.668831787109375000e+02,7.030508422851562500e+01,-4.600035095214843750e+02,-1.720063476562500000e+03,-1.637394653320312500e+03,-3.728752746582031250e+02,-7.059334716796875000e+02,3.299977050781250000e+03,2.593733154296875000e+03,-2.117156005859375000e+03,-2.224902832031250000e+03,-1.669161254882812500e+03,-1.808878784179687500e+03,1.315192016601562500e+03,-3.424030273437500000e+03,1.167690795898437500e+03,-3.985318908691406250e+02,6.601210937500000000e+02,1.125832397460937500e+03,2.161734619140625000e+03,1.105234741210937500e+03,-1.047818660736083984e+01,-2.541952392578125000e+03,-8.280587158203125000e+02
1.085170364379882812e+01,3.254511108398437500e+02,2.513613525390625000e+03,3.185510009765625000e+03,-9.034140625000000000e+02,8.322239379882812500e+02,-5.273510742187500000e+03,1.132903564453125000e+03,6.724710083007812500e+02,8.800656127929687500e+01,-4.595658874511718750e+02,-1.724924194335937500e+03,-1.656326660156250000e+03,-3.715985717773437500e+02,-7.044423217773437500e+02,3.317155029296875000e+03,2.605110595703125000e+03,-2.128077880859375000e+03,-2.195781494140625000e+03,-1.684369873046875000e+03,-1.811743896484375000e+03,1.307879272460937500e+03,-3.471232910156250000e+03,1.169370483398437500e+03,-4.139588317871093750e+02,6.630038452148437500e+02,1.135568115234375000e+03,2.157209228515625000e+03,1.086051025390625000e+03,1.168680286407470703e+01,-2.540303955078125000e+03,-8.228009643554687500e+02
-1.108957386016845703e+01,3.358896484375000000e+02,2.511887939453125000e+03,3.188843994140625000e+03,-9.393259887695312500e+02,8.608444213867187500e+02,-5.279327636718750000e+03,1.145623168945312500e+03,6.775814819335937500e+02,9.632559967041015625e+01,-4.404138793945312500e+02,-1.697720092773437500e+03,-1.658433227539062500e+03,-3.855099487304687500e+02,-6.675996093750000000e+02,3.322080078125000000e+03,2.625232177734375000e+03,-2.126577880859375000e+03,-2.214899414062500000e+03,-1.695292724609375000e+03,-1.823492797851562500e+03,1.340918334960937500e+03,-3.463308593750000000e+03,1.202053588867187500e+03,-3.609829101562500000e+02,6.760866699218750000e+02,1.174995971679687500e+03,2.167617919921875000e+03,1.073800292968750000e+03,1.909523963928222656e+00,-2.546651367187500000e+03,-8.251916503906250000e+02
1.770155525207519531e+01,3.652019653320312500e+02,2.514039550781250000e+03,3.190475830078125000e+03,-9.746818847656250000e+02,8.617702636718750000e+02,-5.266671386718750000e+03,1.124006469726562500e+03,6.775296630859375000e+02,1.107369079589843750e+02,-3.983444519042968750e+02,-1.693776000976562500e+03,-1.638018920898437500e+03,-3.482207031250000000e+02,-6.519453735351562500e+02,3.295587158203125000e+03,2.610672119140625000e+03,-2.094616210937500000e+03,-2.221262695312500000e+03,-1.717243286132812500e+03,-1.832011596679687500e+03,1.334321899414062500e+03,-3.472660400390625000e+03,1.241900878906250000e+03,-3.823970336914062500e+02,6.477302856445312500e+02,1.231086303710937500e+03,2.156740966796875000e+03,1.065171386718750000e+03,1.579947471618652344e+01,-2.545633300781250000e+03,-8.082701416015625000e+02
6.186557769775390625e+01,3.603780822753906250e+02,2.508765869140625000e+03,3.177850585937500000e+03,-9.916337280273437500e+02,8.939426269531250000e+02,-5.290660156250000000e+03,1.132817626953125000e+03,6.526931762695312500e+02,1.687349853515625000e+02,-4.181704101562500000e+02,-1.722978027343750000e+03,-1.604595703125000000e+03,-2.993168945312500000e+02,-6.783975219726562500e+02,3.309506103515625000e+03,2.599516357421875000e+03,-2.087767578125000000e+03,-2.255089111328125000e+03,-1.747310058593750000e+03,-1.859604980468750000e+03,1.360435302734375000e+03,-3.460706787109375000e+03,1.260263061523437500e+03,-4.008904418945312500e+02,6.215831909179687500e+02,1.246843383789062500e+03,2.140203613281250000e+03,1.028349853515625000e+03,-6.375793457031250000e+00,-2.554911621093750000e+03,-7.780414428710937500e+02
6.698551177978515625e+01,3.350051879882812500e+02,2.544344970703125000e+03,3.211826904296875000e+03,-9.602267456054687500e+02,8.502667236328125000e+02,-5.285152343750000000e+03,1.093343505859375000e+03,6.288269042968750000e+02,1.544982910156250000e+02,-4.368859558105468750e+02,-1.772451904296875000e+03,-1.664368774414062500e+03,-3.189189758300781250e+02,-7.196660156250000000e+02,3.328693115234375000e+03,2.634818115234375000e+03,-2.097633544921875000e+03,-2.228110351562500000e+03,-1.740134887695312500e+03,-1.825245361328125000e+03,1.372329345703125000e+03,-3.455981445312500000e+03,1.222990844726562500e+03,-3.924671936035156250e+02,6.303240966796875000e+02,1.204558105468750000e+03,2.139580810546875000e+03,1.028198974609375000e+03,-3.145888519287109375e+01,-2.566515136718750000e+03,-7.819948730468750000e+02
7.792681884765625000e+01,3.391363220214843750e+02,2.542764892578125000e+03,3.208750488281250000e+03,-9.577791137695312500e+02,8.678542480468750000e+02,-5.285131835937500000e+03,1.110807250976562500e+03,6.429174804687500000e+02,1.647222900390625000e+02,-4.283748474121093750e+02,-1.740013183593750000e+03,-1.660944580078125000e+03,-3.223204040527343750e+02,-7.178848876953125000e+02,3.296802001953125000e+03,2.627581054687500000e+03,-2.104178466796875000e+03,-2.216540771484375000e+03,-1.758873901367187500e+03,-1.817869995117187500e+03,1.357574462890625000e+03,-3.452379394531250000e+03,1.211728637695312500e+03,-3.979688110351562500e+02,6.482912597656250000e+02,1.222691894531250000e+03,2.150926269531250000e+03,1.032836669921875000e+03,-2.259310150146484375e+01,-2.583302734375000000e+03,-7.773713378906250000e+02
1.336793975830078125e+02,3.201328125000000000e+02,2.560878906250000000e+03,3.258541259765625000e+03,-9.600831298828125000e+02,8.428259277343750000e+02,-5.267021484375000000e+03,1.084914306640625000e+03,5.956571044921875000e+02,1.447093200683593750e+02,-4.172422790527343750e+02,-1.789393798828125000e+03,-1.659047607421875000e+03,-3.410617065429687500e+02,-7.375253906250000000e+02,3.337604248046875000e+03,2.632881347656250000e+03,-2.118809814453125000e+03,-2.220814697265625000e+03,-1.738826171875000000e+03,-1.827063354492187500e+03,1.371680664062500000e+03,-3.454610839843750000e+03,1.241405273437500000e+03,-4.033633728027343750e+02,6.610561523437500000e+02,1.199918701171875000e+03,2.118679687500000000e+03,1.021896362304687500e+03,1.336378097534179688e+00,-2.565927246093750000e+03,-7.915613403320312500e+02
1.700913543701171875e+02,3.299051513671875000e+02,2.554422363281250000e+03,3.278052734375000000e+03,-9.732727661132812500e+02,8.737294921875000000e+02,-5.273861816406250000e+03,1.098302978515625000e+03,5.231690673828125000e+02,1.638821105957031250e+02,-4.112847900390625000e+02,-1.821541137695312500e+03,-1.644893066406250000e+03,-3.510379028320312500e+02,-7.740004882812500000e+02,3.345356689453125000e+03,2.628735839843750000e+03,-2.107076171875000000e+03,-2.213952880859375000e+03,-1.737478759765625000e+03,-1.863026123046875000e+03,1.380065673828125000e+03,-3.479560058593750000e+03,1.273870361328125000e+03,-4.194312133789062500e+02,6.358942260742187500e+02,1.230487060546875000e+03,2.099125976562500000e+03,9.630788574218750000e+02,1.473545169830322266e+01,-2.572873535156250000e+03,-7.848667602539062500e+02
1.772032928466796875e+02,3.403568420410156250e+02,2.528291748046875000e+03,3.284232177734375000e+03,-1.008685241699218750e+03,8.987490234375000000e+02,-5.271048339843750000e+03,1.108773803710937500e+03,5.624073486328125000e+02,1.165809097290039062e+02,-4.262591857910156250e+02,-1.810158203125000000e+03,-1.647540405273437500e+03,-3.638646240234375000e+02,-7.571691284179687500e+02,3.327288818359375000e+03,2.591025146484375000e+03,-2.124467285156250000e+03,-2.196009277343750000e+03,-1.732481201171875000e+03,-1.828164062500000000e+03,1.345618896484375000e+03,-3.499290527343750000e+03,1.289535034179687500e+03,-3.799145202636718750e+02,6.549096679687500000e+02,1.245793334960937500e+03,2.126941894531250000e+03,9.876898803710937500e+02,3.878373146057128906e+00,-2.589340087890625000e+03,-8.080098876953125000e+02
1.792539978027343750e+02,3.174504394531250000e+02,2.571346435546875000e+03,3.239853027343750000e+03,-9.564428710937500000e+02,8.444926147460937500e+02,-5.256284667968750000e+03,1.129092041015625000e+03,5.236865844726562500e+02,1.227198715209960938e+02,-4.490711059570312500e+02,-1.810294433593750000e+03,-1.653250244140625000e+03,-3.406343994140625000e+02,-7.544123535156250000e+02,3.316585449218750000e+03,2.559800781250000000e+03,-2.129876708984375000e+03,-2.144761230468750000e+03,-1.718861206054687500e+03,-1.820061523437500000e+03,1.329980102539062500e+03,-3.504190185546875000e+03,1.229307983398437500e+03,-3.897506408691406250e+02,6.428938598632812500e+02,1.188979858398437500e+03,2.132921142578125000e+03,1.023316467285156250e+03,3.934664916992187500e+01,-2.563909912109375000e+03,-7.989679565429687500e+02
1.900305480957031250e+02,3.381691894531250000e+02,2.555151123046875000e+03,3.232679199218750000e+03,-9.523208007812500000e+02,8.235396728515625000e+02,-5.265851074218750000e+03,1.135341064453125000e+03,5.727318725585937500e+02,1.270796279907226562e+02,-4.518088989257812500e+02,-1.788567138671875000e+03,-1.673711181640625000e+03,-3.447332458496093750e+02,-7.208134155273437500e+02,3.289327636718750000e+03,2.604440429687500000e+03,-2.116556152343750000e+03,-2.180880126953125000e+03,-1.716121948242187500e+03,-1.833288940429687500e+03,1.362824951171875000e+03,-3.501635498046875000e+03,1.214094848632812500e+03,-4.083415832519531250e+02,6.629654541015625000e+02,1.183943481445312500e+03,2.127878173828125000e+03,1.047492675781250000e+03,2.839551544189453125e+01,-2.554540527343750000e+03,-7.982911376953125000e+02
2.176220855712890625e+02,3.281795959472656250e+02,2.569615966796875000e+03,3.250209228515625000e+03,-9.465765380859375000e+02,8.137602539062500000e+02,-5.238299316406250000e+03,1.125737304687500000e+03,5.864035644531250000e+02,1.127243652343750000e+02,-4.163826599121093750e+02,-1.802035766601562500e+03,-1.674154174804687500e+03,-3.396380310058593750e+02,-7.195485839843750000e+02,3.270885986328125000e+03,2.624978027343750000e+03,-2.133382568359375000e+03,-2.202565185546875000e+03,-1.731034545898437500e+03,-1.814996704101562500e+03,1.361033447265625000e+03,-3.501306640625000000e+03,1.265938110351562500e+03,-3.851124572753906250e+02,6.708552246093750000e+02,1.151044799804687500e+03,2.151202636718750000e+03,1.047322753906250000e+03,2.975159263610839844e+01,-2.564316406250000000e+03,-8.041506958007812500e+02
2.139277648925781250e+02,3.118243408203125000e+02,2.550792968750000000e+03,3.248936767578125000e+03,-9.281635131835937500e+02,8.129069213867187500e+02,-5.239122070312500000e+03,1.138276977539062500e+03,5.312849731445312500e+02,9.981826782226562500e+01,-4.232267456054687500e+02,-1.788348144531250000e+03,-1.660597534179687500e+03,-3.599335632324218750e+02,-7.450156250000000000e+02,3.282126953125000000e+03,2.600016357421875000e+03,-2.128235839843750000e+03,-2.164149658203125000e+03,-1.704226806640625000e+03,-1.836565795898437500e+03,1.367708618164062500e+03,-3.530429199218750000e+03,1.248350585937500000e+03,-4.111627197265625000e+02,6.783451538085937500e+02,1.142067871093750000e+03,2.153485351562500000e+03,1.030503662109375000e+03,6.433618164062500000e+01,-2.571175781250000000e+03,-7.916489868164062500e+02
2.631500854492187500e+02,2.847363586425781250e+02,2.519266357421875000e+03,3.271600097656250000e+03,-9.620358276367187500e+02,8.451488647460937500e+02,-5.299684570312500000e+03,1.190663452148437500e+03,5.143245239257812500e+02,6.724291992187500000e+01,-4.078808593750000000e+02,-1.825894897460937500e+03,-1.653115722656250000e+03,-3.728852539062500000e+02,-7.504650878906250000e+02,3.287284179687500000e+03,2.599770507812500000e+03,-2.102765136718750000e+03,-2.175403808593750000e+03,-1.687678588867187500e+03,-1.807790039062500000e+03,1.384645019531250000e+03,-3.501872070312500000e+03,1.272855102539062500e+03,-3.524998168945312500e+02,6.811235351562500000e+02,1.140468017578125000e+03,2.154199218750000000e+03,9.759647216796875000e+02,6.362162017822265625e+01,-2.591347167968750000e+03,-7.990322265625000000e+02
2.391912689208984375e+02,3.223621215820312500e+02,2.495415771484375000e+03,3.238816406250000000e+03,-9.614393310546875000e+02,8.387687377929687500e+02,-5.286337890625000000e+03,1.200068969726562500e+03,5.321606445312500000e+02,7.718729400634765625e+01,-3.853850708007812500e+02,-1.811765747070312500e+03,-1.650663574218750000e+03,-3.074192199707031250e+02,-7.055241088867187500e+02,3.253950683593750000e+03,2.626590576171875000e+03,-2.074382324218750000e+03,-2.217147705078125000e+03,-1.680059814453125000e+03,-1.819681640625000000e+03,1.368152954101562500e+03,-3.497139160156250000e+03,1.269622680664062500e+03,-3.634754028320312500e+02,6.718942260742187500e+02,1.134674682617187500e+03,2.130606445312500000e+03,9.999889526367187500e+02,8.302927398681640625e+01,-2.570397705078125000e+03,-8.229059448242187500e+02
2.820026245117187500e+02,3.414258117675781250e+02,2.492142822265625000e+03,3.238264892578125000e+03,-9.574223632812500000e+02,8.307080688476562500e+02,-5.274620117187500000e+03,1.200068847656250000e+03,5.445164184570312500e+02,1.184335174560546875e+02,-3.657982177734375000e+02,-1.799853881835937500e+03,-1.661953247070312500e+03,-3.057837524414062500e+02,-6.926176757812500000e+02,3.203571289062500000e+03,2.623567382812500000e+03,-2.053595703125000000e+03,-2.244217529296875000e+03,-1.706631225585937500e+03,-1.833343383789062500e+03,1.389661743164062500e+03,-3.495469726562500000e+03,1.286285644531250000e+03,-3.878565368652343750e+02,6.895543823242187500e+02,1.159981323242187500e+03,2.140916503906250000e+03,9.752033081054687500e+02,8.132098388671875000e+01,-2.596147460937500000e+03,-7.943034667968750000e+02
2.569611816406250000e+02,3.384445190429687500e+02,2.488558349609375000e+03,3.224058349609375000e+03,-9.551315307617187500e+02,8.022899780273437500e+02,-5.244499023437500000e+03,1.184885498046875000e+03,5.814072875976562500e+02,1.132501296997070312e+02,-3.837588195800781250e+02,-1.798230468750000000e+03,-1.646730834960937500e+03,-2.671462097167968750e+02,-6.788010864257812500e+02,3.208029052734375000e+03,2.631726318359375000e+03,-2.073083251953125000e+03,-2.239345214843750000e+03,-1.723273071289062500e+03,-1.831635009765625000e+03,1.355688110351562500e+03,-3.504016357421875000e+03,1.280508911132812500e+03,-3.735956115722656250e+02,6.861212768554687500e+02,1.133378173828125000e+03,2.148416259765625000e+03,9.942540283203125000e+02,6.790773773193359375e+01,-2.608585205078125000e+03,-7.736159057617187500e+02
2.497186889648437500e+02,3.167368164062500000e+02,2.506288574218750000e+03,3.195421875000000000e+03,-9.397420654296875000e+02,7.905740966796875000e+02,-5.257812988281250000e+03,1.167469726562500000e+03,6.053876342773437500e+02,9.117270660400390625e+01,-3.748972167968750000e+02,-1.786661132812500000e+03,-1.656007324218750000e+03,-3.045995178222656250e+02,-6.787875976562500000e+02,3.188194580078125000e+03,2.643434570312500000e+03,-2.078241699218750000e+03,-2.191515625000000000e+03,-1.732084228515625000e+03,-1.793203613281250000e+03,1.389094360351562500e+03,-3.479787109375000000e+03,1.282580810546875000e+03,-3.188541870117187500e+02,7.108522949218750000e+02,1.128588500976562500e+03,2.167234130859375000e+03,9.943441162109375000e+02,7.401023864746093750e+01,-2.605501464843750000e+03,-8.053920288085937500e+02
2.729152526855468750e+02,3.249073791503906250e+02,2.509362304687500000e+03,3.205393554687500000e+03,-9.494368286132812500e+02,8.010176391601562500e+02,-5.293995117187500000e+03,1.153927612304687500e+03,6.411105346679687500e+02,8.227101898193359375e+01,-3.378874816894531250e+02,-1.776462768554687500e+03,-1.617353027343750000e+03,-3.023762512207031250e+02,-6.638312988281250000e+02,3.169224121093750000e+03,2.606203857421875000e+03,-2.100000976562500000e+03,-2.164967041015625000e+03,-1.766214111328125000e+03,-1.780665527343750000e+03,1.367389648437500000e+03,-3.476950683593750000e+03,1.336023193359375000e+03,-2.957359924316406250e+02,7.323677978515625000e+02,1.135778076171875000e+03,2.187236083984375000e+03,9.877225341796875000e+02,9.368690490722656250e+01,-2.610372314453125000e+03,-8.063393554687500000e+02
2.949848327636718750e+02,3.319162292480468750e+02,2.498029785156250000e+03,3.208674804687500000e+03,-9.360788574218750000e+02,8.058140258789062500e+02,-5.327412597656250000e+03,1.116639526367187500e+03,6.689251098632812500e+02,6.541220855712890625e+01,-3.279925842285156250e+02,-1.801536987304687500e+03,-1.647512329101562500e+03,-3.098027648925781250e+02,-6.769095458984375000e+02,3.149415039062500000e+03,2.624044189453125000e+03,-2.091027587890625000e+03,-2.184034667968750000e+03,-1.771563110351562500e+03,-1.789185668945312500e+03,1.375072875976562500e+03,-3.483620605468750000e+03,1.368946533203125000e+03,-2.597572937011718750e+02,7.325847778320312500e+02,1.140697143554687500e+03,2.182426269531250000e+03,9.774522705078125000e+02,6.861177825927734375e+01,-2.635729248046875000e+03,-8.195235595703125000e+02
2.761221618652343750e+02,3.173209228515625000e+02,2.526620117187500000e+03,3.211281005859375000e+03,-9.441781005859375000e+02,8.184083251953125000e+02,-5.309183593750000000e+03,1.099021850585937500e+03,6.390993041992187500e+02,8.557859802246093750e+01,-3.573955688476562500e+02,-1.810396362304687500e+03,-1.652314575195312500e+03,-2.480477752685546875e+02,-7.054177856445312500e+02,3.155204589843750000e+03,2.590835449218750000e+03,-2.088242675781250000e+03,-2.178883789062500000e+03,-1.814453979492187500e+03,-1.776363647460937500e+03,1.380569091796875000e+03,-3.482685546875000000e+03,1.332741699218750000e+03,-2.984655761718750000e+02,7.289434204101562500e+02,1.153643920898437500e+03,2.192408935546875000e+03,9.919755859375000000e+02,4.591546630859375000e+01,-2.633319335937500000e+03,-7.824252319335937500e+02
2.627015380859375000e+02,3.111483764648437500e+02,2.513062255859375000e+03,3.189475830078125000e+03,-9.367979125976562500e+02,8.212716064453125000e+02,-5.286227050781250000e+03,1.130126953125000000e+03,6.627974853515625000e+02,8.845897674560546875e+01,-3.739253845214843750e+02,-1.748011840820312500e+03,-1.658078002929687500e+03,-2.442483520507812500e+02,-6.857785034179687500e+02,3.142703125000000000e+03,2.603283447265625000e+03,-2.107736816406250000e+03,-2.162321044921875000e+03,-1.814480834960937500e+03,-1.761819580078125000e+03,1.379073608398437500e+03,-3.465202880859375000e+03,1.287382446289062500e+03,-2.877403259277343750e+02,7.409846801757812500e+02,1.131729858398437500e+03,2.208272460937500000e+03,1.016048645019531250e+03,4.959363174438476562e+01,-2.640864990234375000e+03,-7.876448974609375000e+02
2.602260742187500000e+02,2.818729248046875000e+02,2.508328613281250000e+03,3.163631103515625000e+03,-9.129788818359375000e+02,7.991054077148437500e+02,-5.289547363281250000e+03,1.146423583984375000e+03,6.657904052734375000e+02,8.144886779785156250e+01,-3.703340759277343750e+02,-1.746109863281250000e+03,-1.663116577148437500e+03,-2.132806091308593750e+02,-6.740163574218750000e+02,3.117109130859375000e+03,2.652080078125000000e+03,-2.078868408203125000e+03,-2.184806152343750000e+03,-1.782963012695312500e+03,-1.742333129882812500e+03,1.389034179687500000e+03,-3.458487792968750000e+03,1.248912353515625000e+03,-2.758502197265625000e+02,7.413488769531250000e+02,1.071312866210937500e+03,2.162662597656250000e+03,1.018287414550781250e+03,4.563272857666015625e+01,-2.631809082031250000e+03,-7.756798095703125000e+02
2.332444152832031250e+02,2.859970092773437500e+02,2.495073242187500000e+03,3.117065429687500000e+03,-8.989743652343750000e+02,8.014965209960937500e+02,-5.274090332031250000e+03,1.173255981445312500e+03,6.675377807617187500e+02,1.020819091796875000e+02,-3.666166076660156250e+02,-1.721422607421875000e+03,-1.678035156250000000e+03,-2.080999450683593750e+02,-6.314918212890625000e+02,3.110552001953125000e+03,2.650444824218750000e+03,-2.049279052734375000e+03,-2.175917480468750000e+03,-1.774738525390625000e+03,-1.750499877929687500e+03,1.414513183593750000e+03,-3.403498779296875000e+03,1.238551757812500000e+03,-2.564238891601562500e+02,7.507454833984375000e+02,1.063134277343750000e+03,2.182559814453125000e+03,1.008157653808593750e+03,4.485842514038085938e+01,-2.643815185546875000e+03,-7.736026611328125000e+02
2.254958343505859375e+02,2.764804992675781250e+02,2.483762939453125000e+03,3.109125000000000000e+03,-8.798248901367187500e+02,8.036813964843750000e+02,-5.258943359375000000e+03,1.192919799804687500e+03,6.590983276367187500e+02,9.723223114013671875e+01,-3.565164489746093750e+02,-1.716453613281250000e+03,-1.698322631835937500e+03,-2.273139495849609375e+02,-6.180778808593750000e+02,3.107924804687500000e+03,2.664454345703125000e+03,-2.043422607421875000e+03,-2.196657714843750000e+03,-1.762799926757812500e+03,-1.723086547851562500e+03,1.420652343750000000e+03,-3.393317138671875000e+03,1.243975097656250000e+03,-2.512225036621093750e+02,7.478931274414062500e+02,1.025093505859375000e+03,2.170580810546875000e+03,1.005216125488281250e+03,1.991926193237304688e+01,-2.678563964843750000e+03,-7.858021850585937500e+02
2.512724151611328125e+02,2.953087158203125000e+02,2.489008544921875000e+03,3.130868652343750000e+03,-8.749584350585937500e+02,8.000999755859375000e+02,-5.263005859375000000e+03,1.180733032226562500e+03,6.598375244140625000e+02,7.001919555664062500e+01,-3.069798889160156250e+02,-1.728356201171875000e+03,-1.675429199218750000e+03,-2.076434783935546875e+02,-6.002466430664062500e+02,3.092497558593750000e+03,2.650869873046875000e+03,-2.045938598632812500e+03,-2.198943115234375000e+03,-1.766407226562500000e+03,-1.723770996093750000e+03,1.394639038085937500e+03,-3.415990234375000000e+03,1.286562988281250000e+03,-2.355526733398437500e+02,7.538056640625000000e+02,1.045991821289062500e+03,2.198833251953125000e+03,1.022759765625000000e+03,4.337339019775390625e+01,-2.649104492187500000e+03,-8.052904052734375000e+02
2.461483306884765625e+02,3.046130065917968750e+02,2.481016601562500000e+03,3.127734619140625000e+03,-8.720653686523437500e+02,7.857811889648437500e+02,-5.273739746093750000e+03,1.203025390625000000e+03,6.365750732421875000e+02,7.652967834472656250e+01,-3.116354064941406250e+02,-1.707462524414062500e+03,-1.730374511718750000e+03,-2.289629211425781250e+02,-5.898916015625000000e+02,3.080703857421875000e+03,2.668627685546875000e+03,-2.028687255859375000e+03,-2.197971191406250000e+03,-1.758687988281250000e+03,-1.725548706054687500e+03,1.445364501953125000e+03,-3.396058349609375000e+03,1.258052124023437500e+03,-2.429120635986328125e+02,7.585246582031250000e+02,1.045557617187500000e+03,2.206525878906250000e+03,9.942431640625000000e+02,3.416432189941406250e+01,-2.626921630859375000e+03,-7.901212158203125000e+02
2.147030944824218750e+02,3.351971435546875000e+02,2.455101318359375000e+03,3.155917480468750000e+03,-8.656668701171875000e+02,8.000347290039062500e+02,-5.260086914062500000e+03,1.199663574218750000e+03,6.089809570312500000e+02,5.150827789306640625e+01,-2.878833618164062500e+02,-1.721773071289062500e+03,-1.714369873046875000e+03,-2.743798828125000000e+02,-5.664564819335937500e+02,3.089047119140625000e+03,2.695691894531250000e+03,-2.030193359375000000e+03,-2.210717529296875000e+03,-1.741408447265625000e+03,-1.725984985351562500e+03,1.444382324218750000e+03,-3.419485107421875000e+03,1.257330810546875000e+03,-2.266500701904296875e+02,7.618123168945312500e+02,1.041469482421875000e+03,2.231896972656250000e+03,1.021884704589843750e+03,2.245673179626464844e+01,-2.618741210937500000e+03,-8.146324462890625000e+02
1.960899505615234375e+02,3.493032836914062500e+02,2.445195800781250000e+03,3.146271972656250000e+03,-8.723361206054687500e+02,8.165405883789062500e+02,-5.266033691406250000e+03,1.212821289062500000e+03,6.097023315429687500e+02,6.897454071044921875e+01,-2.946952819824218750e+02,-1.687246459960937500e+03,-1.752269165039062500e+03,-2.749841613769531250e+02,-5.711718139648437500e+02,3.097105712890625000e+03,2.692106689453125000e+03,-2.008355590820312500e+03,-2.190211425781250000e+03,-1.750129760742187500e+03,-1.722757446289062500e+03,1.464806274414062500e+03,-3.441547363281250000e+03,1.213998657226562500e+03,-2.227322845458984375e+02,7.873437500000000000e+02,1.053278686523437500e+03,2.261490966796875000e+03,1.012236206054687500e+03,2.535856246948242188e+00,-2.631289306640625000e+03,-8.026188354492187500e+02
2.233517456054687500e+02,3.476782836914062500e+02,2.458167480468750000e+03,3.138875976562500000e+03,-8.929943847656250000e+02,8.370657348632812500e+02,-5.292935058593750000e+03,1.188899902343750000e+03,6.545315551757812500e+02,7.486237335205078125e+01,-3.145490112304687500e+02,-1.696361328125000000e+03,-1.741722167968750000e+03,-3.032633361816406250e+02,-5.796149902343750000e+02,3.125828613281250000e+03,2.653560791015625000e+03,-1.997240112304687500e+03,-2.145917480468750000e+03,-1.799015502929687500e+03,-1.713697265625000000e+03,1.470860717773437500e+03,-3.415747558593750000e+03,1.232149658203125000e+03,-1.954429168701171875e+02,8.081627807617187500e+02,1.104312500000000000e+03,2.251404785156250000e+03,9.800227661132812500e+02,2.353953742980957031e+01,-2.607874023437500000e+03,-7.957658691406250000e+02
2.374046020507812500e+02,3.274861145019531250e+02,2.438894042968750000e+03,3.141546875000000000e+03,-8.918125610351562500e+02,8.351606445312500000e+02,-5.328964355468750000e+03,1.181009277343750000e+03,7.190089721679687500e+02,5.831388473510742188e+01,-3.236971740722656250e+02,-1.654987548828125000e+03,-1.776481201171875000e+03,-3.050261535644531250e+02,-5.384739379882812500e+02,3.088428710937500000e+03,2.620679443359375000e+03,-2.001513549804687500e+03,-2.127466552734375000e+03,-1.841480957031250000e+03,-1.679852416992187500e+03,1.485635253906250000e+03,-3.386072509765625000e+03,1.201014648437500000e+03,-1.430245513916015625e+02,8.707268066406250000e+02,1.111540893554687500e+03,2.281534179687500000e+03,9.738694458007812500e+02,9.372262954711914062e+00,-2.625125976562500000e+03,-7.858445434570312500e+02
2.074464416503906250e+02,3.396024475097656250e+02,2.430537841796875000e+03,3.132794433593750000e+03,-9.102926025390625000e+02,8.605983886718750000e+02,-5.319587890625000000e+03,1.181446166992187500e+03,6.996101074218750000e+02,4.947149658203125000e+01,-3.335251159667968750e+02,-1.659499511718750000e+03,-1.774264892578125000e+03,-3.178637390136718750e+02,-5.297205200195312500e+02,3.107000976562500000e+03,2.590068359375000000e+03,-2.009751953125000000e+03,-2.127248535156250000e+03,-1.838610717773437500e+03,-1.657857788085937500e+03,1.480256347656250000e+03,-3.388719238281250000e+03,1.224383178710937500e+03,-1.090161743164062500e+02,8.780302734375000000e+02,1.126925659179687500e+03,2.286959960937500000e+03,9.739422607421875000e+02,-1.142723369598388672e+01,-2.607721679687500000e+03,-7.973391113281250000e+02
2.114881744384765625e+02,3.523812561035156250e+02,2.438944091796875000e+03,3.144331054687500000e+03,-9.296903076171875000e+02,8.673423461914062500e+02,-5.324960449218750000e+03,1.189885986328125000e+03,7.142860107421875000e+02,7.273107910156250000e+01,-3.012469482421875000e+02,-1.645034301757812500e+03,-1.786518676757812500e+03,-3.337114257812500000e+02,-4.998898010253906250e+02,3.134536376953125000e+03,2.642448974609375000e+03,-2.009670898437500000e+03,-2.141335693359375000e+03,-1.859401855468750000e+03,-1.691585449218750000e+03,1.497203369140625000e+03,-3.372608886718750000e+03,1.243703002929687500e+03,-1.077727737426757812e+02,8.673316040039062500e+02,1.176698120117187500e+03,2.261913818359375000e+03,9.919166259765625000e+02,-8.994009971618652344e+00,-2.610553955078125000e+03,-8.166156616210937500e+02
2.198005065917968750e+02,3.584797973632812500e+02,2.417937744140625000e+03,3.157872070312500000e+03,-9.357841796875000000e+02,8.764420776367187500e+02,-5.287187500000000000e+03,1.219296508789062500e+03,7.437984008789062500e+02,7.938050079345703125e+01,-3.156245117187500000e+02,-1.634616943359375000e+03,-1.788500732421875000e+03,-3.041438293457031250e+02,-4.855694274902343750e+02,3.132858642578125000e+03,2.606528564453125000e+03,-2.003524169921875000e+03,-2.138327880859375000e+03,-1.905833129882812500e+03,-1.684947753906250000e+03,1.504058105468750000e+03,-3.361697998046875000e+03,1.248986938476562500e+03,-1.050384292602539062e+02,9.000563964843750000e+02,1.200374633789062500e+03,2.280081787109375000e+03,9.759066162109375000e+02,2.115738296508789062e+01,-2.615314697265625000e+03,-7.892054443359375000e+02
1.858993988037109375e+02,3.516402282714843750e+02,2.421486328125000000e+03,3.147926757812500000e+03,-9.179047851562500000e+02,8.749698486328125000e+02,-5.252034179687500000e+03,1.239463745117187500e+03,7.527594604492187500e+02,9.059100341796875000e+01,-3.429692993164062500e+02,-1.581116088867187500e+03,-1.792104003906250000e+03,-2.922686767578125000e+02,-4.877781677246093750e+02,3.143230224609375000e+03,2.601265380859375000e+03,-1.976525878906250000e+03,-2.116908447265625000e+03,-1.918646484375000000e+03,-1.678496704101562500e+03,1.522271850585937500e+03,-3.355957031250000000e+03,1.202582519531250000e+03,-1.086809997558593750e+02,8.747614746093750000e+02,1.225089111328125000e+03,2.302228271484375000e+03,1.016772888183593750e+03,3.706040954589843750e+01,-2.610692626953125000e+03,-7.862434692382812500e+02
1.907088623046875000e+02,3.705549926757812500e+02,2.393114013671875000e+03,3.126330810546875000e+03,-9.555662231445312500e+02,8.899248657226562500e+02,-5.215486816406250000e+03,1.234329345703125000e+03,7.944971313476562500e+02,7.940950775146484375e+01,-3.371278076171875000e+02,-1.555264038085937500e+03,-1.779247558593750000e+03,-2.663506164550781250e+02,-4.522003784179687500e+02,3.119968261718750000e+03,2.629072998046875000e+03,-1.979003051757812500e+03,-2.168101562500000000e+03,-1.937221069335937500e+03,-1.666131347656250000e+03,1.518189208984375000e+03,-3.328853759765625000e+03,1.207510009765625000e+03,-1.039409255981445312e+02,8.745012207031250000e+02,1.235366088867187500e+03,2.268876953125000000e+03,1.000841369628906250e+03,3.114886856079101562e+01,-2.617122070312500000e+03,-8.207887573242187500e+02
1.824513244628906250e+02,3.703816223144531250e+02,2.382228515625000000e+03,3.113181152343750000e+03,-9.461705932617187500e+02,9.057858886718750000e+02,-5.213335449218750000e+03,1.245237426757812500e+03,7.750512084960937500e+02,1.116277160644531250e+02,-3.350673828125000000e+02,-1.573507690429687500e+03,-1.752555175781250000e+03,-2.791622314453125000e+02,-4.513419799804687500e+02,3.139427001953125000e+03,2.630693115234375000e+03,-1.982005493164062500e+03,-2.193344970703125000e+03,-1.936248779296875000e+03,-1.697475097656250000e+03,1.531435302734375000e+03,-3.347456787109375000e+03,1.245144531250000000e+03,-1.024410095214843750e+02,8.698541870117187500e+02,1.260451416015625000e+03,2.271264160156250000e+03,9.887507934570312500e+02,4.191939544677734375e+01,-2.612537841796875000e+03,-8.346249389648437500e+02
1.823030853271484375e+02,3.633406066894531250e+02,2.381228027343750000e+03,3.094590332031250000e+03,-9.421503906250000000e+02,8.910937500000000000e+02,-5.214610351562500000e+03,1.224003417968750000e+03,7.831758422851562500e+02,1.139000244140625000e+02,-3.134561767578125000e+02,-1.572542114257812500e+03,-1.728481201171875000e+03,-2.546315460205078125e+02,-4.579940490722656250e+02,3.100189453125000000e+03,2.648743408203125000e+03,-1.992275268554687500e+03,-2.203808837890625000e+03,-1.897743408203125000e+03,-1.703537719726562500e+03,1.517006713867187500e+03,-3.347593750000000000e+03,1.228593994140625000e+03,-7.408278656005859375e+01,8.692311401367187500e+02,1.206383422851562500e+03,2.257185302734375000e+03,9.919230346679687500e+02,3.616784667968750000e+01,-2.619412841796875000e+03,-8.427709960937500000e+02
1.789948883056640625e+02,3.558801574707031250e+02,2.369171630859375000e+03,3.094366210937500000e+03,-9.655077514648437500e+02,9.018997192382812500e+02,-5.225691894531250000e+03,1.230535766601562500e+03,7.874753417968750000e+02,1.104166717529296875e+02,-2.851550292968750000e+02,-1.564309936523437500e+03,-1.741303222656250000e+03,-2.464654998779296875e+02,-4.319219970703125000e+02,3.103394042968750000e+03,2.631891113281250000e+03,-1.993103881835937500e+03,-2.194393310546875000e+03,-1.884461914062500000e+03,-1.695065063476562500e+03,1.534846313476562500e+03,-3.349310546875000000e+03,1.218145385742187500e+03,-8.641429901123046875e+01,8.888074951171875000e+02,1.200093261718750000e+03,2.258475097656250000e+03,9.671452636718750000e+02,5.835550308227539062e+01,-2.600239990234375000e+03,-8.416235961914062500e+02
1.802660522460937500e+02,3.321533203125000000e+02,2.363669921875000000e+03,3.090101074218750000e+03,-9.729598388671875000e+02,8.994293823242187500e+02,-5.253893066406250000e+03,1.217430664062500000e+03,8.065167236328125000e+02,9.658275604248046875e+01,-2.560971374511718750e+02,-1.557148681640625000e+03,-1.773299926757812500e+03,-2.266351318359375000e+02,-4.336623535156250000e+02,3.063807128906250000e+03,2.614729248046875000e+03,-1.976010375976562500e+03,-2.148426513671875000e+03,-1.882689941406250000e+03,-1.677532836914062500e+03,1.557474609375000000e+03,-3.373277343750000000e+03,1.230023437500000000e+03,-4.596744537353515625e+01,9.124635009765625000e+02,1.199697998046875000e+03,2.289813476562500000e+03,9.306376342773437500e+02,5.147392272949218750e+01,-2.616195312500000000e+03,-8.249420776367187500e+02
1.838796539306640625e+02,3.345690002441406250e+02,2.348578125000000000e+03,3.093966064453125000e+03,-9.636895141601562500e+02,9.366771240234375000e+02,-5.295608886718750000e+03,1.200548828125000000e+03,7.713104248046875000e+02,1.081543502807617188e+02,-2.336386260986328125e+02,-1.553395019531250000e+03,-1.751656005859375000e+03,-2.396117401123046875e+02,-4.272691955566406250e+02,3.063712646484375000e+03,2.607168212890625000e+03,-1.992351074218750000e+03,-2.126614746093750000e+03,-1.890805908203125000e+03,-1.682451416015625000e+03,1.543793701171875000e+03,-3.355202392578125000e+03,1.231313354492187500e+03,-7.869188690185546875e+01,8.982618408203125000e+02,1.192655029296875000e+03,2.282940917968750000e+03,9.380817871093750000e+02,3.724428558349609375e+01,-2.620125488281250000e+03,-8.455416870117187500e+02
1.497373657226562500e+02,3.450452575683593750e+02,2.366251464843750000e+03,3.115633300781250000e+03,-9.633524780273437500e+02,9.020193481445312500e+02,-5.246469726562500000e+03,1.205063964843750000e+03,8.299063720703125000e+02,8.899986267089843750e+01,-2.255824584960937500e+02,-1.568301635742187500e+03,-1.749785278320312500e+03,-2.488859558105468750e+02,-4.088583374023437500e+02,3.085352783203125000e+03,2.641189697265625000e+03,-1.988061401367187500e+03,-2.154537353515625000e+03,-1.883298461914062500e+03,-1.623101318359375000e+03,1.550849365234375000e+03,-3.332116455078125000e+03,1.199300415039062500e+03,-5.744439697265625000e+01,8.907615356445312500e+02,1.164389526367187500e+03,2.254395507812500000e+03,9.541667480468750000e+02,2.039136123657226562e+01,-2.610843505859375000e+03,-8.784425048828125000e+02
1.737957000732421875e+02,3.385108947753906250e+02,2.381375488281250000e+03,3.137112060546875000e+03,-9.870278930664062500e+02,9.124897460937500000e+02,-5.263320800781250000e+03,1.197989990234375000e+03,8.243195800781250000e+02,1.095828247070312500e+02,-2.000982513427734375e+02,-1.564162109375000000e+03,-1.741536865234375000e+03,-2.331938171386718750e+02,-4.137799987792968750e+02,3.071439208984375000e+03,2.638694335937500000e+03,-1.966429443359375000e+03,-2.149261230468750000e+03,-1.906000732421875000e+03,-1.655549194335937500e+03,1.548065429687500000e+03,-3.341412353515625000e+03,1.197347656250000000e+03,-7.642031097412109375e+01,8.863929443359375000e+02,1.171833007812500000e+03,2.254830566406250000e+03,9.291557006835937500e+02,2.213312530517578125e+01,-2.618372314453125000e+03,-8.625960693359375000e+02
1.859761352539062500e+02,3.176395874023437500e+02,2.384635742187500000e+03,3.128944091796875000e+03,-9.800010375976562500e+02,9.156813354492187500e+02,-5.290578125000000000e+03,1.222194335937500000e+03,8.134060058593750000e+02,1.370891723632812500e+02,-2.052029876708984375e+02,-1.571866455078125000e+03,-1.687885131835937500e+03,-2.353814392089843750e+02,-4.177926025390625000e+02,3.086857910156250000e+03,2.649677734375000000e+03,-1.955332641601562500e+03,-2.143138916015625000e+03,-1.919035400390625000e+03,-1.702347290039062500e+03,1.540622558593750000e+03,-3.358427978515625000e+03,1.222864624023437500e+03,-9.102068328857421875e+01,8.696367187500000000e+02,1.164100097656250000e+03,2.243121826171875000e+03,9.225540771484375000e+02,6.014885711669921875e+01,-2.620231933593750000e+03,-8.538840332031250000e+02
1.969682006835937500e+02,3.006476440429687500e+02,2.380865478515625000e+03,3.145261962890625000e+03,-9.826069946289062500e+02,9.338262329101562500e+02,-5.282400390625000000e+03,1.211447387695312500e+03,7.842911376953125000e+02,1.213112945556640625e+02,-2.111796417236328125e+02,-1.577205688476562500e+03,-1.706118164062500000e+03,-2.337667541503906250e+02,-4.504263610839843750e+02,3.102586669921875000e+03,2.661160888671875000e+03,-1.951662231445312500e+03,-2.131775634765625000e+03,-1.919840820312500000e+03,-1.704129516601562500e+03,1.537311767578125000e+03,-3.346072998046875000e+03,1.195130249023437500e+03,-8.842591857910156250e+01,8.517747192382812500e+02,1.165848632812500000e+03,2.247391113281250000e+03,9.082164916992187500e+02,5.242772674560546875e+01,-2.639484130859375000e+03,-8.397985839843750000e+02
1.814127655029296875e+02,3.244536132812500000e+02,2.366477539062500000e+03,3.131648437500000000e+03,-9.982773437500000000e+02,9.379398193359375000e+02,-5.242582519531250000e+03,1.209229492187500000e+03,7.983438720703125000e+02,8.998085784912109375e+01,-2.402911987304687500e+02,-1.561202270507812500e+03,-1.715696533203125000e+03,-2.246902923583984375e+02,-4.312916259765625000e+02,3.089729736328125000e+03,2.670416503906250000e+03,-1.949728515625000000e+03,-2.151782470703125000e+03,-1.907551147460937500e+03,-1.703372070312500000e+03,1.538106567382812500e+03,-3.327838867187500000e+03,1.175444580078125000e+03,-8.859600067138671875e+01,8.405217285156250000e+02,1.139047607421875000e+03,2.256557861328125000e+03,9.439005126953125000e+02,4.196244049072265625e+01,-2.649295410156250000e+03,-8.532187500000000000e+02
2.091146240234375000e+02,3.396957397460937500e+02,2.393484619140625000e+03,3.148784912109375000e+03,-1.008454528808593750e+03,9.235300292968750000e+02,-5.272903320312500000e+03,1.185723510742187500e+03,7.884425048828125000e+02,8.042391967773437500e+01,-2.671618347167968750e+02,-1.584088378906250000e+03,-1.721235595703125000e+03,-2.122547149658203125e+02,-4.672314453125000000e+02,3.088307861328125000e+03,2.672342773437500000e+03,-1.946526977539062500e+03,-2.140667968750000000e+03,-1.909261596679687500e+03,-1.723381713867187500e+03,1.547358642578125000e+03,-3.337889404296875000e+03,1.162710327148437500e+03,-8.067742156982421875e+01,8.547800903320312500e+02,1.158595336914062500e+03,2.249261474609375000e+03,9.438007202148437500e+02,4.629692459106445312e+01,-2.622755859375000000e+03,-8.640148315429687500e+02
2.116687011718750000e+02,3.323483581542968750e+02,2.425218750000000000e+03,3.175722900390625000e+03,-1.006838745117187500e+03,9.214887695312500000e+02,-5.303522460937500000e+03,1.167640136718750000e+03,7.671604003906250000e+02,9.056120300292968750e+01,-2.572910461425781250e+02,-1.572358764648437500e+03,-1.739151855468750000e+03,-2.071454620361328125e+02,-4.669906616210937500e+02,3.096468750000000000e+03,2.651382324218750000e+03,-1.927465209960937500e+03,-2.136225830078125000e+03,-1.931999633789062500e+03,-1.725050048828125000e+03,1.538982177734375000e+03,-3.325010986328125000e+03,1.169580444335937500e+03,-7.374193572998046875e+01,8.734020996093750000e+02,1.169715576171875000e+03,2.241458984375000000e+03,9.167949218750000000e+02,2.195390319824218750e+01,-2.616267578125000000e+03,-8.494519653320312500e+02
2.332729187011718750e+02,3.739906005859375000e+02,2.419052246093750000e+03,3.169845703125000000e+03,-1.038494018554687500e+03,9.409283447265625000e+02,-5.345401855468750000e+03,1.153130126953125000e+03,7.770803222656250000e+02,9.501873779296875000e+01,-2.555723266601562500e+02,-1.590508178710937500e+03,-1.730195434570312500e+03,-1.863548431396484375e+02,-4.562796325683593750e+02,3.089355468750000000e+03,2.644959228515625000e+03,-1.914320678710937500e+03,-2.141456054687500000e+03,-1.943688476562500000e+03,-1.759456420898437500e+03,1.540496948242187500e+03,-3.344836669921875000e+03,1.187486206054687500e+03,-6.528833007812500000e+01,8.533356323242187500e+02,1.183690429687500000e+03,2.231404296875000000e+03,9.148976440429687500e+02,2.793413352966308594e+01,-2.597428466796875000e+03,-8.495129394531250000e+02
2.298112792968750000e+02,4.016525878906250000e+02,2.408634765625000000e+03,3.182355224609375000e+03,-1.046090576171875000e+03,9.398331298828125000e+02,-5.323498046875000000e+03,1.190239257812500000e+03,8.163087768554687500e+02,1.225687408447265625e+02,-2.467009277343750000e+02,-1.592235473632812500e+03,-1.759616821289062500e+03,-1.449878540039062500e+02,-4.562154235839843750e+02,3.054662109375000000e+03,2.638126953125000000e+03,-1.906736328125000000e+03,-2.156048583984375000e+03,-1.964656127929687500e+03,-1.741867553710937500e+03,1.572472534179687500e+03,-3.351025878906250000e+03,1.184269653320312500e+03,-5.622861862182617188e+01,8.633754272460937500e+02,1.185083862304687500e+03,2.235420898437500000e+03,8.651964111328125000e+02,2.057493209838867188e+01,-2.583166015625000000e+03,-8.429856567382812500e+02
2.405687103271484375e+02,4.327322387695312500e+02,2.397863525390625000e+03,3.198055175781250000e+03,-1.065916015625000000e+03,9.665681152343750000e+02,-5.313229980468750000e+03,1.160043334960937500e+03,7.863173217773437500e+02,1.345116729736328125e+02,-2.315740203857421875e+02,-1.616395629882812500e+03,-1.756284301757812500e+03,-1.702254791259765625e+02,-4.662844238281250000e+02,3.059473876953125000e+03,2.621459228515625000e+03,-1.923448242187500000e+03,-2.161071533203125000e+03,-1.942994140625000000e+03,-1.728114746093750000e+03,1.610437133789062500e+03,-3.374295410156250000e+03,1.194550537109375000e+03,-5.981227111816406250e+01,8.535076904296875000e+02,1.228155029296875000e+03,2.246835205078125000e+03,8.493574829101562500e+02,1.129104232788085938e+01,-2.565903808593750000e+03,-8.364569091796875000e+02
2.369923248291015625e+02,4.691853332519531250e+02,2.356635986328125000e+03,3.169512695312500000e+03,-1.068371337890625000e+03,9.848571166992187500e+02,-5.325935546875000000e+03,1.199645141601562500e+03,7.736174316406250000e+02,1.390703277587890625e+02,-2.556465301513671875e+02,-1.606666503906250000e+03,-1.757195922851562500e+03,-1.596842651367187500e+02,-4.791997070312500000e+02,3.062331298828125000e+03,2.574780761718750000e+03,-1.924319580078125000e+03,-2.176717773437500000e+03,-1.912294799804687500e+03,-1.736838745117187500e+03,1.614760864257812500e+03,-3.361031982421875000e+03,1.169231201171875000e+03,-5.841626739501953125e+01,8.417416992187500000e+02,1.209860229492187500e+03,2.220133544921875000e+03,8.593582763671875000e+02,4.653141403198242188e+01,-2.541806152343750000e+03,-8.445080566406250000e+02
2.377109527587890625e+02,4.823338928222656250e+02,2.352871582031250000e+03,3.185857910156250000e+03,-1.046391113281250000e+03,1.001265014648437500e+03,-5.311898925781250000e+03,1.218135009765625000e+03,7.713991699218750000e+02,1.445225524902343750e+02,-2.512671203613281250e+02,-1.573853515625000000e+03,-1.782010986328125000e+03,-1.883763732910156250e+02,-4.755599670410156250e+02,3.060225830078125000e+03,2.562606933593750000e+03,-1.910875000000000000e+03,-2.159747558593750000e+03,-1.913189697265625000e+03,-1.740041015625000000e+03,1.665542846679687500e+03,-3.351191406250000000e+03,1.160694824218750000e+03,-5.566015625000000000e+01,8.448002319335937500e+02,1.234554687500000000e+03,2.240718261718750000e+03,8.672238769531250000e+02,4.944355773925781250e+01,-2.573052978515625000e+03,-8.226588745117187500e+02
2.591524047851562500e+02,4.841742858886718750e+02,2.382975097656250000e+03,3.215823974609375000e+03,-1.061908935546875000e+03,9.850923461914062500e+02,-5.340404785156250000e+03,1.220241699218750000e+03,7.495302124023437500e+02,1.583471679687500000e+02,-2.338722076416015625e+02,-1.595021728515625000e+03,-1.755865356445312500e+03,-1.870187072753906250e+02,-4.695108642578125000e+02,3.060081298828125000e+03,2.587484130859375000e+03,-1.914977172851562500e+03,-2.213058349609375000e+03,-1.913718139648437500e+03,-1.790995117187500000e+03,1.671645141601562500e+03,-3.368696289062500000e+03,1.215058959960937500e+03,-7.802896118164062500e+01,8.597629394531250000e+02,1.228439941406250000e+03,2.210739990234375000e+03,8.426373901367187500e+02,5.494786834716796875e+01,-2.556299804687500000e+03,-8.253019409179687500e+02
2.768810424804687500e+02,5.083158874511718750e+02,2.391934570312500000e+03,3.189703613281250000e+03,-1.064355712890625000e+03,9.718652343750000000e+02,-5.342304199218750000e+03,1.211591308593750000e+03,7.788200073242187500e+02,1.250212783813476562e+02,-2.413683624267578125e+02,-1.603408935546875000e+03,-1.747348754882812500e+03,-1.772368774414062500e+02,-4.829928283691406250e+02,3.046252197265625000e+03,2.565875488281250000e+03,-1.911903930664062500e+03,-2.185279052734375000e+03,-1.918496459960937500e+03,-1.787418212890625000e+03,1.634067871093750000e+03,-3.357789794921875000e+03,1.211465942382812500e+03,-4.356789398193359375e+01,8.772315063476562500e+02,1.207788574218750000e+03,2.193076904296875000e+03,8.531010131835937500e+02,1.089967041015625000e+02,-2.545043457031250000e+03,-8.454472656250000000e+02
2.327011108398437500e+02,5.069765014648437500e+02,2.376552246093750000e+03,3.188237548828125000e+03,-1.060223022460937500e+03,9.618939819335937500e+02,-5.352060546875000000e+03,1.234179687500000000e+03,7.742808837890625000e+02,1.091480865478515625e+02,-2.749752502441406250e+02,-1.588285156250000000e+03,-1.774841552734375000e+03,-1.793235931396484375e+02,-5.175642700195312500e+02,3.038884521484375000e+03,2.562836425781250000e+03,-1.906471069335937500e+03,-2.173075683593750000e+03,-1.901249755859375000e+03,-1.755246459960937500e+03,1.612268188476562500e+03,-3.381150634765625000e+03,1.186356933593750000e+03,-3.653461837768554688e+01,8.644863281250000000e+02,1.202533203125000000e+03,2.208765869140625000e+03,8.238442382812500000e+02,1.164350509643554688e+02,-2.555743896484375000e+03,-8.354009399414062500e+02
2.438368530273437500e+02,5.234675903320312500e+02,2.374220214843750000e+03,3.187810791015625000e+03,-1.042154785156250000e+03,9.465751342773437500e+02,-5.352084960937500000e+03,1.241201171875000000e+03,7.550007324218750000e+02,1.129138641357421875e+02,-2.611100158691406250e+02,-1.597665039062500000e+03,-1.784848876953125000e+03,-1.979656066894531250e+02,-5.143826293945312500e+02,3.026723632812500000e+03,2.567795410156250000e+03,-1.873864135742187500e+03,-2.165385986328125000e+03,-1.853202636718750000e+03,-1.780202270507812500e+03,1.628200683593750000e+03,-3.398182128906250000e+03,1.184030761718750000e+03,-5.607187271118164062e+01,8.470396728515625000e+02,1.183036865234375000e+03,2.208805664062500000e+03,8.343477172851562500e+02,1.393886260986328125e+02,-2.535169189453125000e+03,-8.186853027343750000e+02
2.337909393310546875e+02,5.250955200195312500e+02,2.355607910156250000e+03,3.202618408203125000e+03,-1.026904052734375000e+03,9.460784912109375000e+02,-5.389468750000000000e+03,1.221703002929687500e+03,7.578259277343750000e+02,7.668315124511718750e+01,-2.486963043212890625e+02,-1.602952148437500000e+03,-1.763279296875000000e+03,-2.314274597167968750e+02,-5.277725830078125000e+02,3.030279541015625000e+03,2.536701660156250000e+03,-1.885744140625000000e+03,-2.147813476562500000e+03,-1.823505981445312500e+03,-1.776233520507812500e+03,1.599914916992187500e+03,-3.444897460937500000e+03,1.208517211914062500e+03,-4.873745346069335938e+01,8.403577880859375000e+02,1.193832397460937500e+03,2.255008544921875000e+03,8.555313720703125000e+02,1.711744537353515625e+02,-2.530074707031250000e+03,-8.200780639648437500e+02
2.167877960205078125e+02,5.680995483398437500e+02,2.338892089843750000e+03,3.173216796875000000e+03,-1.026279418945312500e+03,9.327824096679687500e+02,-5.379074707031250000e+03,1.215336547851562500e+03,7.763344726562500000e+02,4.622479629516601562e+01,-2.451009979248046875e+02,-1.598250000000000000e+03,-1.766938842773437500e+03,-2.073949279785156250e+02,-5.371105957031250000e+02,2.987414794921875000e+03,2.518219238281250000e+03,-1.888586425781250000e+03,-2.166529541015625000e+03,-1.828057250976562500e+03,-1.767931640625000000e+03,1.560753295898437500e+03,-3.454340576171875000e+03,1.255970458984375000e+03,-2.854545211791992188e+01,8.598737182617187500e+02,1.178637207031250000e+03,2.272455078125000000e+03,8.476788940429687500e+02,1.734592742919921875e+02,-2.534743896484375000e+03,-8.342850341796875000e+02
2.078653869628906250e+02,5.294647827148437500e+02,2.335441406250000000e+03,3.129784912109375000e+03,-1.015073669433593750e+03,9.435179443359375000e+02,-5.394834472656250000e+03,1.242294311523437500e+03,7.412301025390625000e+02,4.288480377197265625e+01,-2.652583007812500000e+02,-1.594299560546875000e+03,-1.774618041992187500e+03,-2.053570861816406250e+02,-5.591386718750000000e+02,2.995295654296875000e+03,2.495044433593750000e+03,-1.840936157226562500e+03,-2.166556152343750000e+03,-1.817071533203125000e+03,-1.784977172851562500e+03,1.586957641601562500e+03,-3.430388916015625000e+03,1.245304809570312500e+03,-3.397095870971679688e+01,8.465793457031250000e+02,1.149710693359375000e+03,2.268547607421875000e+03,8.424442749023437500e+02,2.034290924072265625e+02,-2.527865478515625000e+03,-8.188066406250000000e+02
2.076335144042968750e+02,5.304835205078125000e+02,2.351375244140625000e+03,3.132867919921875000e+03,-1.026091430664062500e+03,9.373598632812500000e+02,-5.373725097656250000e+03,1.200511840820312500e+03,7.299367065429687500e+02,5.622377395629882812e+01,-2.649612426757812500e+02,-1.584161499023437500e+03,-1.759388305664062500e+03,-1.625093078613281250e+02,-5.488203125000000000e+02,2.994918212890625000e+03,2.468660644531250000e+03,-1.828290161132812500e+03,-2.177265380859375000e+03,-1.841926025390625000e+03,-1.781718017578125000e+03,1.587353149414062500e+03,-3.418957763671875000e+03,1.240276733398437500e+03,-5.110027313232421875e+01,8.482819213867187500e+02,1.166561035156250000e+03,2.288490234375000000e+03,8.698798217773437500e+02,1.720483245849609375e+02,-2.520518798828125000e+03,-7.933707275390625000e+02
2.092183837890625000e+02,4.968638305664062500e+02,2.356453857421875000e+03,3.145825195312500000e+03,-9.973460693359375000e+02,9.413049316406250000e+02,-5.416591796875000000e+03,1.221774536132812500e+03,6.861050415039062500e+02,6.980916595458984375e+01,-2.867711181640625000e+02,-1.582955200195312500e+03,-1.757337036132812500e+03,-1.758775482177734375e+02,-5.574818115234375000e+02,3.037369873046875000e+03,2.483263427734375000e+03,-1.797415893554687500e+03,-2.181727783203125000e+03,-1.818511596679687500e+03,-1.780729370117187500e+03,1.580550415039062500e+03,-3.421095947265625000e+03,1.180443603515625000e+03,-9.520446777343750000e+01,8.049129638671875000e+02,1.159693481445312500e+03,2.247656494140625000e+03,8.777006835937500000e+02,1.740422515869140625e+02,-2.512503906250000000e+03,-7.661757812500000000e+02
1.950566864013671875e+02,5.010268249511718750e+02,2.367002929687500000e+03,3.112827392578125000e+03,-9.715223999023437500e+02,9.541495361328125000e+02,-5.383794433593750000e+03,1.239278808593750000e+03,6.554543457031250000e+02,3.954798126220703125e+01,-2.936114807128906250e+02,-1.617855468750000000e+03,-1.747656372070312500e+03,-1.818558044433593750e+02,-5.701408691406250000e+02,3.043021972656250000e+03,2.460390625000000000e+03,-1.775938354492187500e+03,-2.215077392578125000e+03,-1.783338378906250000e+03,-1.738995605468750000e+03,1.555208007812500000e+03,-3.438031005859375000e+03,1.197516113281250000e+03,-7.574112701416015625e+01,8.053914794921875000e+02,1.123273315429687500e+03,2.244956787109375000e+03,8.753281250000000000e+02,1.717037658691406250e+02,-2.499867187500000000e+03,-7.932492675781250000e+02
1.491856994628906250e+02,4.886347351074218750e+02,2.355982177734375000e+03,3.106520263671875000e+03,-9.853063964843750000e+02,9.666480102539062500e+02,-5.374414550781250000e+03,1.242473510742187500e+03,6.724810791015625000e+02,2.122229766845703125e+01,-2.883071594238281250e+02,-1.587181030273437500e+03,-1.741341064453125000e+03,-1.885196075439453125e+02,-5.577564086914062500e+02,3.032197998046875000e+03,2.446047851562500000e+03,-1.776778930664062500e+03,-2.222834716796875000e+03,-1.782145263671875000e+03,-1.684603759765625000e+03,1.554269775390625000e+03,-3.443457275390625000e+03,1.192968505859375000e+03,-4.878176879882812500e+01,8.257632446289062500e+02,1.101652587890625000e+03,2.254434814453125000e+03,8.531470336914062500e+02,1.477462005615234375e+02,-2.492326171875000000e+03,-7.884195556640625000e+02
1.543524322509765625e+02,4.862013549804687500e+02,2.370477294921875000e+03,3.127351074218750000e+03,-9.484688720703125000e+02,9.512332763671875000e+02,-5.385298339843750000e+03,1.237980102539062500e+03,6.784545288085937500e+02,-1.424163055419921875e+01,-2.675052185058593750e+02,-1.619212890625000000e+03,-1.733283081054687500e+03,-2.163730316162109375e+02,-5.612951660156250000e+02,3.050716552734375000e+03,2.441512451171875000e+03,-1.774723510742187500e+03,-2.232575195312500000e+03,-1.759518432617187500e+03,-1.654887817382812500e+03,1.541601562500000000e+03,-3.434816406250000000e+03,1.182931884765625000e+03,-4.472366333007812500e+00,8.267214965820312500e+02,1.082472167968750000e+03,2.251327880859375000e+03,8.676450195312500000e+02,1.482312164306640625e+02,-2.484923095703125000e+03,-8.048103027343750000e+02
1.422820281982421875e+02,4.575426635742187500e+02,2.372418701171875000e+03,3.096802001953125000e+03,-9.642730712890625000e+02,9.356119384765625000e+02,-5.362544921875000000e+03,1.230246826171875000e+03,6.926217651367187500e+02,2.195138931274414062e+00,-2.979239807128906250e+02,-1.604368896484375000e+03,-1.745263793945312500e+03,-1.933216247558593750e+02,-5.747187500000000000e+02,3.072080810546875000e+03,2.438261474609375000e+03,-1.796154785156250000e+03,-2.202454345703125000e+03,-1.769813598632812500e+03,-1.671465454101562500e+03,1.517061279296875000e+03,-3.445109130859375000e+03,1.201355468750000000e+03,-1.322035884857177734e+01,8.372840576171875000e+02,1.088973632812500000e+03,2.260444580078125000e+03,8.675080566406250000e+02,1.683662261962890625e+02,-2.484017089843750000e+03,-8.174010009765625000e+02
