-2.038503530355012527e-01,-7.338794616990594877e-01,5.014269125301661356e-01
-4.697222708143850012e-01,-7.119726467829362582e-01,5.430426834658449442e-01
2.078454084890108411e-01,-7.826470788700915504e-01,-1.169402432436057460e+00
-2.196094855052580785e-01,7.062442873185198478e-01,6.356154556928058641e-01
-5.182334922104707697e-01,6.867953422140531394e-01,-1.413722866608071893e+00
-7.575971706929879312e-01,1.184429013196643288e+00,8.444197089588350025e-01
-3.632679438837027597e-01,-4.987768180915945759e-01,-4.372169353707410777e-01
-1.015842830333598401e-01,-2.909696560212283734e-01,2.922811618618298413e-01
4.056613374239733671e-01,-9.885195856070833065e-01,-9.028888386994943227e-01
1.154183949446269120e+00,-6.742162400943677580e-01,7.661713751630152558e-01
-1.174081489160315184e-01,-9.252269035777057615e-01,1.455138904373052711e+00
1.484264187606908036e+00,-5.211154233686696724e-01,4.801434652579038564e-01
7.547512656993429214e-01,2.723047627496889000e-01,8.632490968786736829e-01
2.749995450972894662e-02,-1.309133166011183569e+00,5.225089584620599137e-01
3.494346785414252921e-01,1.474547992224102891e-02,6.965917065215431192e-01
2.619362122082685707e-01,8.811173545631419968e-01,1.240672332141943057e+00
-2.032914719020208205e-01,-8.186006262050673499e-01,3.217952706528240392e-01
9.854055204911423838e-01,-3.329573338959623818e-01,-2.848338552254565670e-01
-5.626389179469076796e-01,5.174302486294961589e-01,9.522034862363741858e-01
8.263914958156615143e-01,-6.954510343891063817e-01,1.398583742112153860e-01
7.665196770039550689e-01,1.097598567378961443e+00,8.986132738811647425e-01
1.534500451240111696e-01,-1.106751045683271734e-01,-1.129424603660573179e-01
-9.229743003530541667e-01,-1.726045239432178469e-01,4.204452160577714093e-01
8.114000935979497342e-01,-1.484567175647478754e+00,-1.353279200013154604e+00
4.920846119754102022e-01,-9.010738094982750912e-01,-4.416503141411841082e-01
1.726235802205383363e-01,-2.967641997841883802e-02,-4.862575746451048841e-01
1.852592400359644870e-02,1.205668866134312234e+00,5.643314571335306118e-01
1.157366627188803482e-01,1.421834046620219727e+00,1.230500142672397823e+00
6.241585603434487428e-01,1.095278310485852113e+00,1.794797708072699116e+00
-6.690939344338829864e-01,6.561876153519486943e-01,4.674214677125300699e-01
-1.137472385642867456e+00,3.993486402904011801e-01,-9.912867990980370747e-01
-9.088529420091920885e-01,-3.214028633475404101e-02,-1.987723604042129222e-01
1.405548853147734034e+00,8.146891898951375000e-01,8.487933908582775411e-01
4.957068074227038434e-01,-6.960417696929891429e-01,3.711389338977065244e-01
-5.388087783718316093e-01,8.903644422910063361e-02,5.410958209253770024e-01
5.245912834427337579e-01,-4.736844516071803124e-01,-1.010361514102777969e+00
-4.585742732894519391e-01,1.917450972695814881e+00,6.035783016189700811e-01
-3.565403494139713358e-01,-1.121572906022472171e+00,3.762939555772098488e-01
9.312389158011988854e-01,2.435410263522986563e-01,-8.395855887090939440e-01
-1.081244875428359759e-01,-2.602808985078365889e-01,-4.667357439442459399e-01
-6.646600907363303667e-01,-1.079171393880583363e+00,-1.006340912155429645e+00
-1.613354105640842362e-01,-7.399683668583911800e-01,3.066842050941585018e-01
9.385570183893452434e-01,-8.002447853725129789e-01,-2.508274588275494765e-01
4.397997717745774082e-01,-4.168586340296950854e-01,1.546324839755151892e+00
-2.099712929592367494e-01,1.264754220359818770e+00,-5.419146363405004108e-01
6.565306576055678356e-01,2.176911381283384850e-01,2.727577972640268245e-01
4.098908659600082327e-01,-5.230149295821044930e-01,-5.558141425838030170e-01
2.849731822999244102e-01,-9.765447180577821809e-03,5.170193636154698513e-01
1.029967502824773229e+00,-2.577054214342522354e-02,3.129936772512386112e-01
2.496164650170774324e-01,2.636370203187052286e-01,6.471129614311140754e-01
2.026787695402427758e-01,3.858161541698570396e-01,6.707927509809588074e-01
-2.901337895554073065e-01,4.727088712166280238e-01,-1.082602577079421202e-01
1.060339011041639273e-01,1.633131107818517613e-01,-2.092128796066682561e+00
-1.242375338539803142e-01,-8.578734922972953980e-02,-1.223997953395893568e+00
-2.806256732237279866e-02,-7.313715607876540847e-01,-6.694832068201403974e-01
-2.463983709644012032e-01,5.821161268823711599e-02,-2.016109602615361041e-01
-3.167789587394866380e-01,-1.485253642863150203e+00,-9.176750822898112059e-01
3.009615611808906244e-01,-5.526432842762616371e-01,-2.865929168811843786e-01
7.960010285369666372e-01,-1.114599616643395130e+00,3.736979802489423519e-02
1.383216596716307367e-01,3.383237971897575802e-01,5.883226715512521743e-01
5.433921985156985324e-01,5.542752662778237943e-02,1.678006541662999895e+00
2.311719182395907402e-01,1.780516021044205310e-01,2.001309670369783300e-01
1.261793643245987750e+00,-5.978732716531894864e-01,5.551978491524726111e-01
3.059624609817146457e-02,-3.226886427232371624e-01,4.519574207189525628e-01
4.649306564217038917e-01,-2.897292842706807869e-01,-1.401184078341301653e+00
5.460285263038719972e-01,4.812910430670043205e-01,2.018465630768717656e-01
2.508546465249621438e-01,-1.353914318364072278e-01,3.778109014860103199e-01
8.859138808290095701e-02,-7.383570572269990695e-01,7.291946591197485950e-02
6.506234828478020260e-01,1.993764054738328684e-01,1.577230007878903661e-01
4.099480058892482903e-01,6.343935092746806337e-01,-4.695882319490530810e-01
7.982213760653196488e-02,1.323001687792378034e+00,2.940626115018601383e-01
9.908334658724253785e-01,6.226250923867804321e-01,8.783980345836184256e-01
-8.552060252565549248e-02,-7.263273941519954313e-01,8.306343217690618230e-01
-2.169039258049160757e-01,-1.326206330153597845e-01,-1.237431592526781809e+00
-3.097867884924033755e-01,-3.143271481398487444e-01,-1.558178251473930354e-01
1.605280424994514066e-01,-4.437774161979164411e-01,3.645566566410403664e-01
-3.592994472488375557e-01,6.298158873353287834e-01,-3.635797773804418376e-01
-2.920749766745413534e-01,-7.059626262616661707e-01,-4.327981984113698499e-01
1.502317155259263348e+00,4.649745869575534485e-01,-1.584718837300979954e+00
1.488590515266229986e+00,2.074938566678997121e-01,1.598105419914212622e+00
5.178989006574934439e-01,6.842404432346811394e-01,7.184843925009969379e-01
-8.828967154751937718e-01,5.676381571884334676e-01,1.989094558228962084e-01
1.596211195478382194e+00,-7.459785684368118730e-01,-3.682785866808301334e-01
1.665123468639693183e+00,-1.094799066968589418e+00,7.031359953693158138e-01
-1.134285117219649558e-01,-1.783080658933309248e-01,1.199795180055494237e+00
-8.963896171562844017e-01,2.199808176071134658e-01,-2.909292790282221874e-01
-2.046229888686704190e-01,-1.808421228809053982e-01,-1.890714528311115417e-01
4.258911622001339548e-01,-9.290971293827832156e-01,2.365712267300107141e-01
1.238563452835875073e-01,9.587728571736750527e-02,-5.525685244879579017e-01
1.036688287620380011e+00,-1.008358209970974251e+00,-3.385215227967800500e-01
-4.393821860954461034e-02,-7.499797505836610645e-01,3.158894441445688761e-01
4.498445099689258320e-01,-3.025812492493959449e-01,-6.653172241369434969e-01
2.813840866419041187e-01,-5.427300310536329331e-01,4.893172553691399473e-01
5.993044031350540368e-02,3.448607546914527200e-01,4.850741680298472636e-01
4.210260643966063920e-01,9.751446924267123118e-01,1.245056462597417868e+00
-2.342588266074796810e-01,6.856862508014904822e-02,-4.441781128310056115e-01
-2.965183969887755788e-01,8.435848944641248792e-01,4.111990462167065125e-02
-1.212196724074735416e-01,-7.804813616269348220e-01,-7.185478153077905494e-01
-4.547876598360532929e-01,-8.744937215144892306e-01,1.859868646871469522e-01
-1.075727774197942077e+00,9.429102419211431441e-01,2.344598306718707337e-01
-1.272601613959316036e-01,2.385389733153038538e-01,-2.125342860863186356e-01
7.302596605756852544e-01,-1.041068369351014489e-01,-5.363184698410812246e-01
2.294268550414176322e-01,2.909704409451526197e-01,2.044240413813974422e-01
-2.986908406538827943e-01,-4.159023072288774436e-01,-8.003395183638348787e-01
2.602012500098612735e-01,1.243286361269024809e-01,-1.506661995745688598e+00
9.459442975509189111e-01,6.954312932523701307e-04,-2.345299874659417111e-02
2.218651791767723980e-01,6.187849673225900848e-02,-1.397856584767481480e-01
8.562584997910859252e-01,8.739455707596168743e-01,1.287435240449363028e-01
-5.390511235109460841e-01,-4.060843556165194546e-01,-4.343582096839883055e-01
8.820454809887412484e-01,-5.417886870326934501e-01,-2.162878344200795389e-01
-2.989863694654258386e-01,-3.997606808588171634e-01,9.665987263285280573e-01
-7.387791009045526769e-01,1.752070225375346180e-01,-6.456250323655713386e-01
1.359078756644389374e+00,2.109412122633424480e-01,-2.119581868683471648e-01
3.316576424191914341e-01,1.030820331206523832e+00,8.362938653625519025e-01
5.117948862249377395e-01,-2.184301457473840080e-01,1.204464961197539319e+00
-1.282796919876392661e+00,-5.440502179666499849e-01,6.999528248908917782e-02
-6.457180904419173029e-01,-1.301652536670805105e-01,6.998719322997195569e-01
6.624622176034474785e-01,-1.045281698806664217e+00,-8.834996129249113317e-02
2.382573087814335189e+00,-3.019147736084561440e-01,-6.975945773821222440e-02
6.349006504468247547e-01,8.170300097900921044e-01,-4.105423358214523311e-01
2.076431369311740605e-01,-8.856382691786068850e-01,-1.056904601212679956e-01
3.037877871580915365e-02,-5.034247724629317133e-01,3.859954937152445531e-01
-3.310743875253904234e-01,-4.160471469476972328e-01,-2.992439858822833476e-01
1.687401608491573279e+00,2.922511039900081431e-01,-1.328472869395227685e+00
-8.866844813718771645e-02,2.166009056764505725e-01,-4.658681833814515283e-02
9.816992969285261994e-01,-4.644112524314262802e-01,1.488081873051899928e-01
-2.318856733016960159e-01,-6.086506564748965786e-01,-1.924299796946928320e-01
5.594235803806459767e-02,-1.601521748888646846e+00,-2.548455043149124855e-01
1.002549445287049812e+00,3.345267606845319097e-01,7.839658278071571784e-01
-1.336530989987375351e-01,-4.221073839108000492e-01,-9.545808267903854727e-02
-7.131371241364221625e-01,1.355713371456710170e-01,1.650982148975929376e-01
3.425117578294856746e-01,-4.556955842338404339e-01,-4.543495194881874699e-01
2.485948448410742195e-01,-2.942894897402508203e-01,-3.532715813932857385e-01
7.769082655294499290e-03,2.413549940365378177e-01,1.649750767229365200e+00
6.909027097700362052e-01,8.193101897427086389e-01,-5.355353050491959976e-01
1.271074506987592612e+00,5.280898204307622468e-01,-6.645032649123043533e-02
-2.419777737567075371e-01,-9.324191236418442885e-02,-8.578034842439277163e-01
9.569421757135452289e-01,2.485199731896306496e-01,-5.821759725901896054e-01
5.441617255691224564e-01,1.079006467240580108e-01,-4.978148345749350834e-01
4.552515656924482901e-01,7.236339217894254272e-01,1.225839941150208418e-01
1.060569012618584939e+00,7.214928289486277624e-01,-1.077096019208091837e+00
-6.313359669423716791e-02,-3.734340139805282233e-01,1.661053964562945739e-01
8.708854184704171997e-02,3.333795291404792471e-02,7.487046974252138387e-01
1.272953180529791339e+00,-6.840433384477087597e-02,1.996669959072104872e-01
1.440041731644951861e+00,2.108942495422817753e+00,-1.530471833360367573e-01
-2.530927655002254001e-02,-1.154501217764653198e+00,-1.777694461573832707e-01
5.773129543144039921e-01,-8.361753734902868107e-01,-1.326715900034859397e+00
-1.213155465859872412e-01,1.072111444733392510e-01,-1.627514808656184767e-02
2.406873571440229231e-01,-3.427026405546303445e-01,-3.223465335471522586e-01
-8.143488477724420971e-01,-1.418636252276648246e-01,2.420460169512561877e-01
-2.250812288674733264e+00,-2.558171113003582797e-01,-3.881937703645723103e-01
4.844983901154930050e-01,-4.361879342137306437e-01,2.478488381686040909e-01
3.503515596410093635e-03,-9.322481195595658243e-02,-1.171777627811768641e+00
-5.066999315687065186e-01,-2.409355255907263960e-01,2.231274988749398502e-01
6.201844733828176803e-01,-5.407744860959654565e-01,-1.137334709753974327e+00
-9.711412954796010411e-01,-1.017153860365939827e-01,2.495967340126599154e-01
5.125075532898289155e-02,-4.665763428946440028e-01,1.553629868763619415e+00
8.061422195768097598e-01,9.806350382126670651e-01,-2.353541251945295010e-01
-3.973725650707751189e-01,3.465351723698756881e-01,-6.085181112630861922e-01
-4.357629086853326283e-02,-6.571756121213534474e-02,-5.435688961653897255e-01
-2.612520211147553728e-01,-1.192851427997709823e-01,-6.887456511076330834e-01
1.533025321236502148e+00,9.416457314303031678e-01,2.672444251830543779e-03
-6.607524670051702076e-01,-1.084972758857245090e+00,-4.747408464279526119e-01
-1.073366921206243330e+00,-1.099866248675571034e+00,-4.584368537587367731e-01
-9.372851159382493691e-01,4.578201892222331093e-01,-3.403998706201011304e-01
-3.924481903659411408e-01,2.835171147138151881e-02,1.544620235617602255e-01
2.520175001688211847e+00,1.550841953438533816e+00,3.322303816769832663e-01
1.168699659259636592e+00,-4.192581342312057813e-01,9.719050955438598982e-02
1.031700044679142225e+00,-4.930648903205275824e-01,7.769140770814406682e-01
1.090514005671360115e-01,2.203838427712159487e-01,-7.040940608016623692e-01
-8.665735167947966056e-02,-1.417018333255412266e+00,4.614187634149080064e-01
1.122964537908291149e-01,2.829850979671088423e-02,7.418664401575573164e-01
-1.616609511979126279e-01,1.224399254893089595e-02,1.506788707345220635e+00
-8.066681345579050921e-01,3.757837801025903368e-01,-1.040849495758524867e-01
3.544815674324483523e-01,2.923196672056136980e-01,3.929403529879568757e-01
-1.200500537184210903e-01,8.103682976275330407e-01,6.241497442646523064e-01
9.486004677196690354e-03,7.540151385966405995e-01,-4.804182275737017144e-02
2.400446388314633472e-01,-7.346491038483986546e-01,2.120350147382502326e-01
-1.474191342984659259e-01,1.659943120832512164e-01,-1.619016629441083044e+00
-1.147831418992925956e+00,1.355367107146991379e-01,4.035296297586372094e-01
3.110869091219367610e-01,7.965336281139517860e-01,-4.706570980188668485e-01
4.342597076430916303e-01,-5.569899662772791471e-01,9.632878554486012934e-01
5.261764474813660497e-01,-1.624335925806535963e-01,-7.179524673419375169e-01
-2.300098801429084350e-01,-7.161559061563829154e-01,3.415942615321801989e-01
3.680084584773458123e-01,2.017025963874396477e-01,-2.942082488666381002e-01
9.271335970565203199e-01,4.980721308722275142e-01,-3.407909164990586826e-01
-6.476131038730023048e-01,-2.918965654660670150e-01,5.892471869432430731e-01
-9.868293502793124006e-01,3.745475702722448341e-01,-6.884508321509778123e-03
3.165396618390008965e-01,3.934649668197545691e-02,-1.111580984240117642e+00
1.378300759862451708e+00,-2.555264889271592899e-01,-2.630939879192288888e-01
4.513382597844103894e-01,2.477367873050766167e-01,-2.515835510156163024e-01
-1.390153824540823146e+00,1.214591660217096303e+00,-2.967114949145684411e-01
8.552694933813306255e-01,1.595582023087038226e-01,4.481188510240668998e-01
1.460633412655543140e-01,1.199008440587077673e-01,8.108824889182982831e-01
1.824900213197218346e-02,8.119696106427645166e-01,-8.248864164803619836e-01
1.844152969045887103e+00,-7.481215984813816000e-01,-1.578281178798290441e+00
-6.491398474550450493e-01,1.276302251060435211e-01,-3.820925266093287420e-01
-1.791887791211156655e-01,-1.023601150637694523e+00,-1.028074380623324346e+00
-1.267226161145142305e+00,-3.166443333163942997e-01,-2.768589349801605093e-01
7.091772801345863630e-02,-8.236314609271823128e-01,5.196524003263356395e-01
-4.227041528530439130e-01,-3.954856560317113745e-01,-1.228091999431113468e+00
6.236993540269407665e-01,1.940569422176228187e-01,2.825043221146275596e-01
-2.513249698529264609e-01,-9.601897664462775150e-01,-1.024761351155641709e+00
-9.513508746016026141e-01,-2.018861988855742973e-01,9.621686616863670549e-01
6.499400693966272957e-02,1.302129895055516906e+00,1.302587441807542934e+00
1.115222845175510402e+00,-1.074684197222167681e+00,-2.304409500617746742e-01
-9.036043290691506136e-02,-6.795575411279505262e-01,2.409027394348657314e-01
1.314993989846481526e+00,-6.744454883498963715e-01,-1.576374395438832066e+00
2.926831546758776881e-01,4.324436735193563641e-01,9.389127621287598480e-01
-4.743032324766823238e-01,-2.598479688566481816e-01,3.169416007008093450e-01
4.539154141027955669e-01,1.847559179232609594e-01,-4.545541599129094834e-01
1.236346653651954480e-01,-1.566141912176943762e-01,-1.217321885499674128e+00
-1.582443320172489232e+00,-5.059645244836316058e-01,-7.553430176495025128e-01
5.106794460982014977e-02,4.336190635918321656e-01,5.339985888664877667e-01
2.336301499591602882e-01,-5.714591294255455534e-01,4.951799888902533309e-01
6.319485706314428297e-01,-3.924159413441338784e-01,4.790900777620809015e-01
7.302545474776765966e-01,5.298108390395925293e-02,1.207630281881396872e+00
8.640822438526247692e-03,-3.180156503584464223e-01,-6.023190272411996782e-01
1.560426369535193314e-01,1.143684817121229713e+00,-1.857974157125898418e-01
-1.208710814872197892e+00,-2.074982207086427111e-01,2.268272508717302516e-01
-2.893415561763687527e-01,9.713613435166313925e-01,-4.364032551105706537e-01
-6.317912344959957238e-01,8.629755787560917657e-01,-1.901202030149755917e-01
1.683382739359337577e-01,6.001956556390842801e-01,1.955666921666545099e-01
1.270074113558343987e+00,9.785195957949069934e-01,-1.679779795533240250e-01
3.523668533808697045e-01,-8.975833685606576795e-01,7.443591123181351188e-01
1.574145947676953927e+00,-1.111138549318675839e+00,-2.545394371301608061e-01
9.271868905099679703e-02,-1.408451716373532864e-02,3.357003947919086628e-01
-8.450761701607830689e-01,7.731422315075118235e-01,-3.428951914393504885e-01
-4.618712138073705620e-01,-7.032697145918279658e-01,-1.201368380964291438e+00
-1.023691499016978756e-01,-1.148457927205594475e-01,9.899463321404264327e-02
3.971517071765657270e-01,5.080378579327375910e-01,6.528046315349123052e-02
6.140385307065259618e-02,-1.099311742894768656e-01,-2.281414931783707356e-01
2.616165016137577196e-02,-1.078985325888397684e+00,3.899800752092655864e-01
1.393608325923757947e-02,1.135568612596745020e+00,7.892473177542037588e-01
3.974454379772732748e-01,-1.845645035701128922e-01,6.938807875595233154e-01
-1.001881699505000611e+00,-8.665029965142819757e-01,8.161063370616549184e-01
1.372350036244686100e+00,-5.340407361335423042e-01,-3.728557480344905639e-01
-9.618905697526315413e-01,9.786031548879429998e-02,-3.754710700033497828e-01
-6.873888786903076253e-02,2.989932624963852481e-01,-8.970022533069078596e-01
-1.055288000079031008e+00,-6.672118749577855557e-01,-4.982680987133432660e-01
-7.337034870033399825e-01,1.935131475659777195e-02,-1.130630035380172371e-01
-1.735297812461567279e-01,3.398979028519446555e-01,6.036545899028214479e-02
1.072758449522769053e-01,9.248858284170179411e-01,-3.178655448002660200e-01
-7.045089792909697834e-01,-6.779633585573584531e-01,-4.589580792334089776e-01
-1.388914445683366305e-01,1.859088095690174081e+00,7.966640260334038881e-02
3.810840919829230344e-01,3.589016971161831937e-01,6.770873747246706209e-01
-6.308693396668103581e-01,9.547745330579513467e-01,1.189731279742473946e+00
8.573922893969297965e-01,-4.540326597097752992e-01,6.343781251987329339e-01
7.216492594958257012e-01,3.111867806811168258e-01,-3.036216403581385448e-01
-1.263694915087310688e+00,7.741441430429399917e-01,6.816355759127128433e-01
6.613372067447730318e-01,3.599864319968813092e-02,-1.266384373532424279e+00
2.359757786164845550e-02,-1.252940770465732712e+00,-5.464846615462721768e-01
-4.658316116492931813e-02,1.317633629483263014e-01,-1.222644598036773056e+00
-2.389158071164500519e-01,1.118902507449282435e+00,-6.032166609428099013e-01
-7.366799703796749199e-01,1.006324298001006201e-01,-7.161308801040817962e-02
7.998642983103417814e-01,-4.179057308910167357e-01,-7.346732643663922424e-01
-5.896961420150548944e-03,-5.782558325565924084e-01,-1.033222247903423929e-01
-9.459325709861888809e-01,7.428321055793660754e-01,-3.541237998748344995e-02
3.844621217176067418e-01,-4.037077905998954358e-02,-4.009880024840999924e-01
-2.569925237532475482e-01,-4.362239272269410884e-01,1.408508822660913040e+00
-1.018507505299301119e+00,6.082977682795371877e-01,5.765093746247967887e-01
8.273097416333892173e-01,9.001566856283180762e-01,1.163095857958847290e+00
1.308418890038761107e-01,-5.476307538874081171e-01,-3.951658436152615805e-01
-1.116790785644491635e+00,-4.209283617094668473e-01,8.707994871679225479e-01
-7.136633356309410869e-01,2.841757207571206090e-01,-2.082941524418041590e-01
5.180640053474784290e-01,-1.659207119024966870e-01,4.167538242965872497e-01
1.167195090427412818e-01,8.336860936463110772e-01,4.333254838911946849e-01
6.841205298591866713e-02,-8.525992835474125453e-01,5.817201646123507652e-01
-6.153200619938827831e-01,8.023400785542452729e-01,2.784577896254594176e-01
4.456740763471715994e-01,1.156564803754503018e-01,2.206568553387524001e-01
1.487575606009162998e-02,-6.224173838666049313e-03,2.063140950459864675e-01
-2.362893093596572791e-01,2.696507975760346065e-01,1.871125357803617995e+00
1.127532140042216829e-01,1.968043166447953629e-01,-1.370098029596118760e-02
-4.994078813504253533e-01,-7.629458937599075119e-01,-5.112140178846117378e-01
-8.256418953192250498e-01,-3.842113325527892753e-01,1.054072192949153663e-01
-2.895510651161747329e-01,2.084215986707630419e-01,2.040021227571723994e+00
-4.916367130476800851e-01,1.542218898024340978e+00,-1.396613127117152464e+00
6.834649840035025292e-01,-1.964727141195663940e+00,-8.545062755845880265e-01
-1.038918196191365828e+00,-7.118282600726426601e-01,-8.376517527046585254e-01
3.439110059102793437e-01,-1.499525101079470651e-02,6.851410843113556748e-01
-2.166369412795003502e+00,-3.433927197461839054e-01,8.645822569685226444e-01
-5.550539642783725025e-02,2.934928908118517032e-01,9.209450582919251893e-01
-2.774754182016875292e-01,-2.369130271887669170e-01,7.335999018360017665e-01
4.248125772740181105e-01,-6.584176988094760097e-02,-5.758107225223204617e-01
-2.904161963509482858e-01,-5.464221637623674077e-01,-1.207998684881272412e-02
-6.229813018755833154e-01,8.878149179503166954e-02,1.079545239768546494e-01
1.703813788036946109e-01,-6.555552157505152577e-02,3.062174910874331246e-01
7.850251070677681797e-01,-1.662668641332963049e-01,-3.469689945966266120e-01
3.025155766755556752e-01,3.137983789327870587e-01,4.418610901874912150e-02
-6.302135090646761306e-02,-6.806856313579290330e-01,1.394546084338513348e+00
-4.740657850871991541e-01,1.282022498773421892e+00,-8.796034476921444911e-01
-6.139081862912960652e-01,-2.879110037416160450e-01,-3.561674428355814936e-01
-1.226272296038447118e+00,5.352329807097153114e-02,-5.672920416268346644e-01
-4.405951431911995786e-01,8.091770929787064359e-01,-6.693881310491011094e-01
-5.541171415806632750e-01,7.161641543346016769e-01,3.021265978166865485e-01
-8.799733924731156787e-01,-5.904827883295994395e-01,1.584014830261969708e-01
6.101952290737604478e-01,4.223739973860105579e-01,-5.544187391360340111e-01
3.318488017924831057e-01,7.493691006112027653e-01,7.524742269584709931e-01
1.352916927474414388e+00,1.564919715782391973e+00,1.602247649978355004e-01
-1.011931548508123724e+00,8.269413409214317889e-01,1.083103348803864163e+00
1.985606522524756626e-02,6.565406409159483259e-01,5.700341284730711111e-01
-2.108746059736741063e-01,9.610776483395767622e-01,4.204900570071507526e-01
-1.275950333674919834e+00,3.839199331222716838e-01,-1.561431532189236915e+00
-9.803138094781638223e-01,-8.083141418177985926e-01,-4.701698031244737619e-01
-2.023182686632261640e-01,-1.539013263630477857e+00,-3.301989785676309186e-01
-7.720471083643989374e-01,-2.129428853779777309e-01,1.544145121309094648e+00
3.534548204957680406e-01,1.560212780959401857e-01,-5.237129943107692309e-01
1.261156242185729637e+00,6.280937924635180414e-01,-1.566901119146423271e-01
-1.724109836352310521e-01,-8.199901858041369618e-02,1.993770371410689413e-01
-4.938159328368574852e-01,1.140697424598838827e+00,2.677651818427742580e-01
-2.552120333262607454e-01,-1.690550526813530796e+00,1.730309936218718189e-02
3.528616793132316465e-01,-4.577943432532659562e-01,5.758076529026102675e-01
-6.849746892274151122e-01,8.310261614611993419e-01,5.498094866937730529e-02
-1.888747962956324744e-01,-3.247396080226081505e-01,1.076570625646005919e+00
2.387729130326123606e-01,8.020897429762925412e-01,-1.440954354485310285e+00
-2.161010329082088788e+00,-2.294527559058334165e-01,-2.466314383479367156e-01
-4.550713569102382006e-01,3.480849225305761019e-01,-5.849491409301726952e-01
5.908253254474227223e-01,-1.181817400289536524e-01,-9.319291167298723866e-03
8.044618064651493095e-01,-1.415112247630318842e+00,-1.117497303458164781e-01
-5.639071349738750127e-01,6.853836561288836338e-01,1.538433446280247086e-01
2.693338287254815611e-01,-3.727973515738030597e-01,-6.846508650905706039e-01
-3.997670300678219379e-01,-1.380964482509756952e-01,-2.677368346630096263e-01
-2.833476887143819845e-01,-6.266051799409684264e-01,-3.278151462476163736e-01
-3.294646813044702638e-01,5.767977147081075617e-02,7.463765471733669887e-01
7.130153364587051845e-01,3.549073240689705755e-01,1.038929747686227589e+00
-7.610657254359387558e-01,-4.370615161327882636e-01,-2.233753641213854224e-01
5.414481450003767460e-01,-3.019674899683003622e-01,-2.381268561131655859e-01
4.730795514602099683e-01,-4.715512570131651926e-01,-5.320022214463063781e-01
-1.357557809513713076e+00,1.207300381756497121e+00,2.646194157174130424e-01
-2.179514272158583066e-01,1.598490174943692776e-01,-1.274432099319341427e+00
-8.445907515128227017e-01,8.426627558958457720e-02,-9.845834819969097040e-01
-1.341344221951620952e+00,9.504194148904585374e-03,-1.430533262050209253e-01
2.481382671669905143e-02,2.070147174761292064e-01,-4.841797993138747258e-01
5.182933991356962478e-04,1.037348822926535963e+00,-2.559126814846746090e-01
-7.030208175554590599e-02,-6.467826963931584405e-01,-1.489576100472772002e-01
-5.166618387111834299e-01,1.446227671468985010e+00,4.263829659745915768e-01
3.912417403661265780e-01,-3.392358636732634714e-01,6.040326871873111791e-01
8.627596048032912801e-01,-4.380871525367924790e-01,-7.194183965693652372e-01
-4.330118792578730447e-01,1.993371524143593421e-01,-9.552228171254288913e-01
-5.409171224351961849e-01,7.144520760391449565e-01,1.037739032089738833e+00
-3.490846533022239906e-01,-8.672889304225478435e-02,-4.201329642870614833e-01
-7.814581247466774183e-01,3.598705299036776273e-01,6.606727896565642855e-01
1.211288273324536480e+00,-6.107748884591281957e-01,5.910450753778395683e-01
7.938438066720502340e-01,8.531801396685034788e-01,1.270306320869970307e+00
-6.072910026423503638e-01,3.327813913906026988e-01,-2.766436444017829066e-01
-7.215377338880745173e-01,1.378134524397436778e+00,-5.492326389020331101e-01
1.301962304140391047e-01,-1.121382349605049011e+00,-3.657847431931695453e-02
3.124169704985224061e-01,1.898773621903681041e-01,-3.235760973513023830e-01
1.228355051902810136e+00,-5.047401750037029400e-01,-1.634937853889641690e-01
4.781823956673360021e-01,4.833441037727850831e-01,-2.614781148269262889e-01
-5.610440732301604783e-01,-3.220585635447311135e-01,-8.618607471377318641e-01
-9.084630616172069129e-01,-4.716813081231508997e-01,1.190623276080874093e-01
6.902201498269279201e-01,3.799688708951949323e-01,3.493463974289235940e-01
5.036854875808012277e-01,-7.697110820763538586e-01,1.316887366699766027e+00
-1.558610167426997206e+00,2.740658917316953214e-01,6.647604373033155767e-01
3.607278367843662625e-01,5.301072543130491699e-01,4.445861591178698058e-01
-7.211106260236248566e-01,-6.461539009237879938e-01,-1.285873455181417990e-01
-3.711319916062404828e-02,1.351522782520873378e-01,-1.017483904493774183e-01
-5.650780920006982511e-01,-1.420584211495270477e-01,-4.933857517456072816e-01
-1.526641096109759288e-01,4.445095956665824910e-01,-1.099957002080274693e+00
2.606422935404907326e-01,-2.614858795743279507e-01,-7.392466896246804309e-01
7.483845038379668413e-01,-7.539760630232560379e-01,-3.644184213745265688e-01
1.274050820452821142e+00,-9.277872296977170141e-02,2.596717203850500144e-02
-4.888697882691622754e-01,2.991959023091709802e-01,7.849418427219825301e-01
-4.428476740780735166e-01,5.806840620497332184e-01,1.633005899950210338e-01
4.827361211179261313e-01,2.419953317536081283e-01,-3.477919075939789884e-01
2.191577204988132799e+00,3.147188949066076491e-01,-4.345900768520469803e-01
-5.157491792323939395e-01,-2.507937711327022368e-01,5.425496902606883332e-01
-1.246835231917590436e-01,1.806872842890850858e-02,-1.270156738592145285e-01
1.686400659746682740e+00,3.488275378600854126e-01,6.278307388950746804e-01
-2.866188539796247770e-01,2.368354347405262836e-02,-5.788567766434303818e-01
2.880751489020883516e-01,4.532565128389535181e-01,-2.244002479429824670e-01
-1.554142019980253586e-01,-7.858497333226994730e-01,7.076600783931886740e-01
8.930731093733172976e-01,-4.467717425314780555e-01,3.054670671753312305e-01
-1.020848894150161446e+00,-2.650420515368675511e-01,6.190514915531759588e-01
-4.894880430803590782e-02,4.553490140351516557e-01,-8.486514798313797847e-01
6.835862444698789231e-01,-1.381205923016561421e+00,-1.552523897032813016e+00
-3.533405620813698800e-01,1.863006265804016959e-01,-2.628043093359292426e-01
5.431919730926307865e-01,-4.505242222802919305e-01,-8.583624810445132924e-01
-9.203590600341239325e-01,5.549416996862747142e-01,-1.666936669900749846e-01
-5.359210998599593934e-01,6.913720360842228185e-01,-9.194717495126982776e-01
-1.749542035836851028e-01,-3.954095879122441204e-01,8.251368695612869286e-02
4.091224262026794123e-01,3.913758962761820781e-01,3.471013675433308743e-01
-3.574557484538538055e-01,9.640304726420653170e-01,-8.670692186828319326e-01
-7.850191389016389909e-01,-8.165415743625946687e-01,8.970441000545300581e-01
-4.374756171970126117e-03,9.555239186193195122e-01,-9.104513736251320655e-01
1.051361612995431960e+00,8.380219209370646238e-01,7.038123209447437745e-01
-9.529406570628315976e-01,6.833094464224176434e-01,-5.189099370819991730e-01
-6.911809090341536344e-02,-6.867124420611137037e-02,7.573471881296608421e-01
-1.138620383511687706e+00,7.934047423968502294e-03,9.031523456281549400e-01
2.069764388971278013e-01,4.418235585584513736e-02,-1.631948034238700496e+00
3.366165916924767632e-01,8.257102142122052513e-01,6.462199385180136813e-02
-1.159352470270141044e-01,2.656563629914648339e-01,-6.499737148854224378e-01
6.325606368427327819e-01,3.531700193783083863e-01,6.135853618526463382e-01
3.180620405523220673e-01,1.953674853243581033e-01,-7.385649195281298596e-01
-5.132877283431820647e-02,-6.047481662421464454e-01,-1.357169906350411903e+00
5.743202631475294861e-01,-1.092772662731636757e+00,-1.115644919733526752e+00
7.232002613709256900e-02,-4.322384010406207788e-01,-6.455134142531177011e-01
-8.130980075799186801e-01,1.563597352071746382e-01,-1.821366002276085250e-01
1.756034954825279881e-01,-3.525386516356511235e-01,6.938597255385932083e-01
1.965047422960217727e-01,2.119113961116032840e-01,-4.762347632766478212e-01
-1.220439249163227657e+00,3.057528267682967926e-01,4.913461853241188892e-01
-3.954763530172661912e-01,1.225130402922373518e+00,8.163142835830475841e-01
7.636072267667451396e-02,3.866635151221898825e-01,8.807008154902275232e-02
-1.100542212475721815e+00,9.541681342404152444e-01,-1.044261814869154703e+00
-1.651749276455123594e+00,1.688878992306285312e-02,2.614217471826660311e-01
-3.153196330473135300e-01,9.089181804524403274e-01,4.513466082465519835e-01
-1.426062955430434709e+00,5.285495000229172291e-01,1.628529319589441804e-01
3.849859562864525464e-01,-1.429506966014666203e+00,-1.142858035066301348e+00
4.130107436324254588e-01,-7.641507871972249566e-01,-3.592445716235830727e-03
1.008304969884368685e+00,-3.510649168213634264e-01,1.318951793835438924e-01
4.598066733225710800e-01,-1.314820660038650835e-01,1.633855336496469857e+00
4.046217505541496173e-01,-1.083697519112476193e-01,7.176903634831767187e-01
-5.709237579058016321e-01,-2.917023032720649223e-01,4.005345477992524605e-01
-1.319550602903496683e+00,5.019566337299019576e-01,8.575578879431958179e-02
1.298447520782457509e+00,-7.708698355944108016e-01,9.053041885283126256e-01
5.195188448029379735e-01,-4.417795460129385621e-01,1.093894273400285444e+00
-8.449672467958817546e-01,-7.294431340565593613e-01,-3.628461692535119021e-02
6.437566019374018067e-01,9.575219310141401541e-02,5.139494741973534703e-02
-1.131184291955237953e+00,-2.105052506367569021e-01,-4.158095154068481292e-01
1.655158010493487653e-01,-6.090743761226639075e-01,-8.354055886962077349e-01
-4.121337868425804796e-02,-4.927748797435209660e-01,-6.089529323901333724e-01
-2.203246555880604696e-01,-1.365618979306298053e+00,-3.506188953259310459e-01
1.162208813321238710e+00,-6.530433706749236844e-01,-4.903389215793240580e-02
-2.158109962107095936e-01,-4.256581646620448689e-01,1.395518710849497634e-01
-3.824849303123039612e-01,4.367566927002997645e-01,4.765610572489417662e-01
-8.362196821644872768e-01,9.467140446059287839e-01,3.163609850090863818e-01
4.295052570772066036e-01,3.828147900235923107e-01,9.338864389192585991e-01
8.032838830444002376e-01,-6.568689482003813307e-01,5.795315144050751099e-01
-4.465215808345578408e-01,6.231048536424151907e-01,-1.423432708920631118e+00
-1.631499631289824725e-01,-4.931459028649817777e-02,7.664451644324451474e-01
2.043703486675024078e-02,6.121382520405914685e-01,2.786390384921519012e-02
-5.985566302309746067e-01,-4.642996730422594420e-01,7.095310421970635328e-01
1.320063275258786861e+00,-8.469701662611984760e-01,-9.514331259557341769e-02
-4.916645822545942512e-01,-4.437294622228012408e-01,-6.911573394267399584e-01
2.818533798560567405e-01,1.015505179654951240e+00,-8.022525235233408658e-01
1.756124963866609670e-02,-5.735007996326862978e-01,1.157812682978320185e+00
1.401993535812434244e+00,8.832377551692305317e-02,4.223102849215119026e-01
7.607697732888022424e-01,-3.820579090035036152e-01,4.211804002780704659e-01
4.598360220407220200e-02,-3.984427703564299983e-01,-1.499221997868153966e-02
3.554466331723017958e-01,-1.425748396083845959e+00,-5.363412760125055856e-01
3.241177231786677992e-02,2.799968938778916727e-01,-1.719403212189013486e+00
1.033665258819414789e-01,7.261029541809377319e-01,-6.014437659910514267e-01
-6.887249663878329820e-01,1.464054614169276736e+00,-5.766036392282990475e-01
-7.906631511478072472e-02,-9.798865056075524160e-01,3.161015742197758049e-01
6.091490609099513565e-01,-1.662506678778685076e+00,5.596751956537524553e-01
4.891348675971045334e-02,9.297555194282246527e-01,1.770730710011955977e-01
8.246149042497415982e-01,8.035882467546337504e-02,7.767721789759466366e-01
-1.960830789281766684e-01,4.612970110267846507e-02,1.096706729437100014e+00
-4.823879957896645698e-01,-1.480695468004556911e-02,-8.577923349876176440e-01
1.005802559767662030e-01,2.689352406866437617e-01,5.576276045345928134e-01
1.089304327993054766e+00,-1.354184947700693753e+00,-5.491735140022073747e-01
-1.422008519028635232e-01,-2.456685795820904517e+00,-5.814055712199280024e-02
5.658018573554894903e-01,-2.448043595516913307e-01,-2.194018566946897009e-01
7.625077458653786167e-01,-7.930900615304346812e-02,-3.335582349969126170e-01
8.343840062097224175e-01,-1.845393914125496859e-01,1.002238622891218789e+00
-8.606375340882699287e-02,2.825130876619474929e-01,6.298941696294532155e-01
-1.734851563584314527e-01,3.377594308139428847e-01,-7.381871639475547087e-02
-1.378175003064761039e-01,-2.623824758702995585e-01,-3.310518247547351023e-01
8.410166817117292748e-01,-5.496311460364141643e-01,-6.456021265511917573e-01
-1.019622854639641307e+00,-4.460048921610242773e-02,-1.842450688290619976e-01
8.481812703794173736e-01,-8.716273443280501132e-01,9.382487886879589678e-02
-1.989227851997697472e-01,-6.475165239815977580e-01,-5.036174188357244175e-01
6.458066745132892139e-01,-2.972938131987827859e-01,-3.656247165009393063e-01
-4.638820602006767935e-01,1.432384899377471932e+00,-9.469951863954038096e-01
-4.864109970166774488e-01,1.991561479857780759e-01,6.280625922102873737e-01
2.578282706394095097e-02,1.716402688965249057e+00,-1.698942726322636917e-02
-1.532626259214782960e-01,-5.549243434756184756e-03,-3.414969974558118571e-01
-4.896992531921036673e-01,-8.083572314833122885e-01,-1.871680947610175338e-01
-2.242794958513072978e-01,-9.144764721812227437e-01,1.899428481635061228e-01
1.708786469103454886e-01,-3.771480516157805774e-01,1.018903455620192439e-02
-1.658070173124121416e+00,-7.402673200243832241e-01,2.777603417391216745e-01
-1.164799567213016529e-01,4.302619008163523495e-01,8.156441289270910389e-01
-1.057125066389143081e-01,8.661444471159612801e-02,-5.677856254596024277e-01
5.095990471186988557e-01,1.530118793124055354e-01,-4.495299691623012156e-02
6.867935277490894164e-01,-1.263687281898677073e+00,6.194621710415799676e-01
1.095542321125846513e-01,-3.988051647662269605e-01,5.727968652787664983e-01
1.696047423914533447e-01,-4.452997727631126668e-01,1.117441249638232714e-01
8.196335301617665436e-01,-6.397385413169623947e-01,1.631687574534071095e+00
5.636959188566601636e-02,8.008589127379704964e-01,-1.080937095751134169e+00
3.414195561765378528e-01,-4.890147586940729041e-01,8.389571779072341196e-01
-6.124208219953475307e-01,-3.849494524959995445e-01,-4.720257238752802453e-01
9.454461934036788584e-01,6.813249971368948721e-01,1.019301857149630397e+00
-1.071515807152333855e+00,-7.667633034666561098e-01,-1.093118925994125634e+00
-1.834074446211787224e-01,5.981134380242199011e-01,3.996528874297801681e-01
-7.974057419727570428e-01,4.469484024371704334e-01,3.700356261390189694e-01
-1.895598204215130089e-01,3.750646210340140008e-01,6.515155955983191749e-01
8.528534345616751722e-01,8.516240884665755850e-02,-1.179553179205534263e+00
4.189347860711986615e-01,-5.541904101149931761e-02,2.385828725354223190e-01
-5.948887552484760644e-01,8.911587278629690134e-01,4.718977543052022550e-01
-2.937823377546256443e-01,8.080087910470151735e-01,-6.492901622104739756e-01
-1.637810968902580766e-01,7.101375867610335568e-01,-2.450036294181588414e-01
1.327750361389728184e-01,6.460831540296146924e-02,1.244847101688067781e+00
1.597927354823369672e-01,-4.439503062048241744e-01,6.724732195980253069e-01
-5.506089802828135760e-01,5.832745910158405600e-01,-2.324350790259293309e-01
1.085940008487964459e+00,-9.466594016190882366e-01,3.916349642494277861e-01
2.693923600037868016e-01,-2.788623928978457012e-01,-4.213826222703135338e-01
-5.869852247251891031e-01,8.925344339278814543e-01,1.072790530324098768e+00
1.022900885476360766e-01,2.194706183971602553e-01,8.156194093692088476e-01
9.677828433851837220e-01,-1.428847839231955352e-01,8.274798896941973902e-01
5.478244419454225689e-01,9.875326504499558344e-02,1.059813896098936059e+00
-6.637889159252252647e-01,4.135728917021989220e-02,-8.772117089486408670e-01
4.798063542671139325e-01,-3.535097848257334197e-01,8.160730910396380988e-01
-1.185982021852637791e+00,-5.528819198040165750e-01,-1.113124302851428715e-01
6.519662419109791829e-01,9.983098934076120035e-01,-6.496231136004134710e-01
7.546321357076195557e-01,1.272504529545451790e-01,1.138146533498896051e+00
6.679702921211471134e-01,-2.340657088791646689e-01,-3.252225831929795308e-01
7.691438323651571540e-01,2.135596729498556168e-01,-7.976225794432443283e-01
-2.796014672549691493e-01,-2.777511176452318598e-01,1.005258432230484278e+00
1.242591720513497533e+00,-1.032322960577207516e+00,1.006147835800033918e-01
3.811679044677868666e-01,2.386073069704563177e-01,6.443360004154427001e-01
-3.637597173354235602e-01,1.857702086037447131e+00,2.588955540347246953e-01
1.552022357612539705e-01,-4.603318385512507604e-01,9.324875717531208030e-01
-1.835710926146962296e-01,3.014019187837292946e-01,1.507926686533647365e+00
4.039164578437655084e-01,-8.447285845603598187e-01,-2.166147370761512536e-01
-1.009881723263294173e+00,-5.807318246815100782e-01,6.976963208674259453e-01
-5.359720856927643884e-02,-5.404893058298959607e-01,1.429143897647242589e-01
-1.043074340641680503e-01,8.617602532794921277e-01,-2.307037437636500765e-01
6.485319868572986257e-01,-1.363211478529821052e+00,4.085452673175091753e-01
3.358987218318801315e-04,-3.176843392110509368e-01,7.956710667153769068e-01
1.496334471195399640e+00,-5.085288753436688625e-01,8.732709351205498738e-01
6.762707214669125833e-01,-3.398519309239891872e-02,-2.294250458427017636e-01
-1.037966714289507486e+00,-5.564135949772112122e-01,2.398681754155196355e-02
-1.264275835159569539e+00,-1.467444918473146176e+00,2.434634008460374033e-01
-9.147097245942007460e-01,-8.765053068773241973e-01,9.640513860678465718e-01
-6.700740569249591383e-01,1.084559430794483692e+00,-1.594284533668611337e+00
-6.099081603863293344e-01,-1.612682509247503004e+00,-1.985539596386056149e-01
-2.173047237058642334e-01,-8.015844289146142887e-02,8.136398052923420332e-01
7.602324356954145435e-01,-4.688089146249274641e-01,-2.124986120520211685e-01
-1.020818336574001561e+00,-2.852538806326456733e-01,-3.588605740232302388e-01
7.820335182765010273e-01,-3.957077418447475514e-01,-2.370387266043187946e-01
8.969638574768628025e-01,-1.208298130832228812e-01,3.647899817144315548e-01
3.160156454603584297e-01,7.005690565019535576e-01,3.133456687472369745e-02
1.036936138946194630e+00,-4.210378875794262288e-01,-4.704802899988116960e-01
-6.748638526639745283e-01,-9.007251453718561063e-01,-8.739998494386544969e-01
2.757213384270114642e-01,7.937584474196429651e-01,-2.522466468741969003e-01
8.408699103137377839e-02,-2.212104239056865151e-01,-1.739180463122324827e-01
-9.308661903930877113e-01,-6.641336351710366293e-01,-9.093577079622072734e-01
-5.214285990829938822e-01,-5.184371892672600124e-01,1.282509375875472868e+00
-1.278753013559700280e-01,2.312677141738316011e-02,7.812476556264613681e-01
1.474029174371045858e+00,5.391376417405244759e-01,-1.493275813818292219e+00
2.615423169283203619e-01,3.022806929306638413e-01,7.889489304168356698e-01
1.011996837049297104e+00,8.647038924698078333e-01,5.918578293861898043e-01
1.337663203652070587e+00,1.200033725925756967e+00,-2.205646731907493219e-01
-3.823914396805180305e-01,-1.127333294894995008e+00,-2.173490970446792167e-02
-1.188737262327409283e+00,-1.133727139650454685e+00,-7.476570347336740641e-01
1.139687436405185522e-01,4.893490375197022402e-02,-7.347587298762069397e-01
1.282488642739904705e+00,-9.487547284278052828e-01,-2.468854531044552825e-01
1.632509539932962106e+00,1.262863669631918206e+00,6.223753965359987012e-02
-7.294332222619029915e-01,6.008283125904982924e-01,-5.278868991245022624e-01
9.781800452856616035e-01,-9.418593959583766440e-01,-1.726899535542288644e-01
4.253260201297444643e-01,1.527743767322011226e-01,6.647610768447594909e-01
1.933952167849678216e-01,8.760692058006808169e-01,-4.286258981871864937e-01
3.699726471962842544e-01,2.118696800861021023e-02,-5.070922866584557376e-01
-1.808771633573046378e-01,3.759692887593293342e-01,-1.315297202649281294e+00
-5.182935288740004864e-01,-5.621928545690637602e-01,9.820302748749933086e-02
1.416216609998386611e+00,8.002703019609763713e-01,9.705097448015220785e-01
4.992004211606233532e-01,2.146346475939980847e-01,1.132230970357778199e+00
-1.051781809275300628e+00,-3.601155173941089638e-01,5.834847183345466259e-01
-8.033371530819529704e-01,-5.345225110784543321e-03,-1.300617387602682751e-01
6.323344685363875561e-02,-1.059043036728032794e+00,-1.251307345123054526e+00
1.392922603129122250e-01,-7.153940225507380291e-01,7.829992260423211947e-01
1.411875410028625710e-01,-8.076465568264634687e-01,3.419637875049882925e-01
9.015953749170044773e-01,1.804594330509672051e-01,7.706017598798808876e-01
6.504833167487203971e-01,-8.161324935288201132e-01,4.434900828301518994e-01
1.697158019659143202e-01,-3.369652689321916972e-01,-7.620010337392812971e-01
-2.030328972424985945e-01,2.099114073875727737e-01,-1.227888119290763969e-02
-1.572978739607543419e-01,2.794710284891100960e-01,1.546046547105997815e-01
8.676172482356738769e-01,6.192423653832306724e-02,1.343484372363134449e+00
1.009114588754327579e+00,-1.057095003717979098e-01,5.917760652077346320e-03
-6.165116192188984101e-01,2.174516291185812911e-01,-7.986119518768626246e-01
-3.963311883769782829e-01,3.099030416406886590e-01,6.972051162375746403e-01
-2.024543438202687451e+00,6.635828937251836424e-02,9.017553121435893659e-02
-4.644824974418071961e-01,1.315205824082777530e+00,-1.421597935167109514e-02
-5.894538098935619974e-01,-5.572523255877417370e-01,-4.683630283280533213e-01
3.206021892505567239e-01,2.417410471709438569e-01,-4.063554751746654703e-01
-7.763045613518632093e-01,4.697416741939420270e-01,9.303740742977971712e-01
7.101697221528808779e-01,5.854768549067549538e-02,-3.215191966534107493e-02
3.276035118045424466e-01,1.185730948369126292e+00,-1.273654433184682633e+00
-2.019060774959172133e-01,7.427575879440170281e-01,5.288111780866936451e-01
-1.227358153466938800e-01,3.151103993264840475e-01,-6.266011408036786801e-02
-8.530438160460269981e-02,4.543104603975833128e-02,3.514544220805682073e-01
6.279727510890561470e-01,-9.385311543360680409e-01,-8.175797873261159143e-02
1.015095004134253104e-01,6.299073365483462972e-01,-2.663327827965980554e-01
-7.498193334065464954e-01,-8.497849655455531614e-01,6.630740703025312932e-01
4.098577093839917418e-01,-3.359475871297366023e-01,1.094000133289753984e+00
4.436070212777538657e-01,-1.096683500008827916e-01,-2.871606530880586594e-01
-8.506913217217345613e-01,-1.424556899814737321e-01,8.212028328226625429e-02
-2.012835328281878389e-01,5.231695913119721597e-01,-5.267545450955882780e-01
-6.628549835896585529e-01,-1.914828689049848265e+00,4.346990619295479918e-01
-1.954248945286763128e-01,-1.598187916961096022e-01,-2.882930327169971885e-01
1.374007919507918896e+00,6.894152634941265179e-01,-3.494905676526168237e-01
2.741000095510338214e-02,-1.244588829454702505e+00,1.630664657001033246e+00
1.356491438801992855e+00,2.745266389790516626e-01,3.346637342784213043e-02
-4.760699512692248003e-01,-5.490181765134821701e-01,1.141437341824055762e+00
1.143067265812780731e+00,2.490435276777319407e-01,4.020464919465930875e-01
-1.928829231134552846e-01,-6.574645951264587174e-01,-1.408116354334171538e-01
9.884244925244316526e-01,1.910944293621474666e+00,-1.595022645942580031e+00
6.063102440644076996e-01,7.291809502773882734e-01,1.325579531666409405e+00
-1.242652299338310729e-01,4.612385064168180171e-01,-1.931723505658866913e-01
-8.330719339551030389e-01,-4.918827713860758344e-01,5.139790228766153435e-01
-2.958556869248572530e-01,-5.078450434167071370e-02,5.536192914196692572e-01
-1.656579082469585018e-02,-8.848387765171327191e-01,6.740434273275179855e-01
-1.082898168385109001e-02,-4.288785444558524396e-01,-6.589448387709528898e-01
-1.001594812009093172e+00,2.208960638765091744e-01,9.461446274734672812e-01
-4.761472994984641272e-01,-1.076396108842452737e+00,-2.822982302920817310e-01
-1.055233182588729834e-01,5.996199090766934914e-02,5.833613426225876808e-02
1.382969636617228604e+00,-3.934119351352795002e-01,8.431451478888990492e-04
-4.677088000898149689e-01,-4.806485208736673842e-01,7.153339585189634475e-03
1.176804719791875398e+00,-7.802334914498253449e-01,-5.387507626828407226e-01
9.252557391052834007e-03,2.247619655648409875e-02,-3.168616673462518740e-01
2.064892711484900556e-01,1.306588239384933514e+00,2.194756187746459419e-01
1.028645057905068105e+00,2.339162743760993535e-01,-2.627369409961851643e-01
8.263982818169225419e-01,-3.296036198418840768e-01,7.092442653862699245e-03
5.830154265875445718e-01,-8.768206037904786587e-01,1.114090732969966302e+00
-1.211110141038476584e+00,4.095475919918526442e-01,-4.002594002596048806e-01
3.277850636966441744e-01,6.856268998728364261e-01,5.803086666545448358e-01
2.110392891053506637e-01,-1.480418610961208525e+00,3.002917868335825968e-01
-4.313751553014544271e-01,1.155675054627625320e+00,-6.872206236069722252e-01
-1.984642594811776573e-01,3.619794002604203587e-01,7.946559361663925181e-01
4.967765534783544212e-01,5.929396291529507312e-01,-9.539683844962848491e-01
-7.854962061677812635e-01,-8.473329062430449143e-01,2.628050436486755737e-01
7.262577528633280544e-01,1.079764767890972976e+00,-3.243387588246543496e-01
-6.595509008787991956e-01,5.874133016460068857e-02,6.496704286050647426e-01
-4.565840607978096100e-01,-2.035522715311781916e-01,5.032043689402063147e-02
-1.280246381414078538e-01,-2.040399888907711845e-01,7.679838951381181555e-01
9.548250289618579467e-01,1.127368882036321684e+00,1.939944477223823627e-01
-7.701055845063431438e-02,-8.361641391028996895e-02,1.608819449446683425e+00
-2.383548912204850462e-02,-1.100348665881094312e-01,-1.084443820897383004e+00
6.037000945165980070e-01,1.113398209178380283e+00,2.429992839408394167e-01
5.647392843802906404e-01,-7.774858619815786520e-01,1.098372751089268101e-01
-1.493648366757188040e+00,-7.243551026493396661e-01,9.243559858205909752e-01
1.075247446785573935e+00,1.804700208889497004e+00,-1.281070667993790824e-01
8.295842988973454180e-01,2.913014305327026321e-01,-1.945278511767872809e-01
-9.721645128522938828e-01,4.902287163550329563e-01,6.447551498301028472e-01
1.004990201299140518e+00,1.108178285784111872e-01,1.944511298007161812e-02
1.246643298018112189e-01,4.231429079293311246e-01,2.107342925532460221e-01
-1.564132733898767613e-01,6.015133529867719986e-01,-5.100370220485326289e-01
-1.444109936095289703e-01,1.976213572816674369e-01,3.095970642878370094e-01
-3.215816412801014157e-01,-1.545553345958553676e-02,1.978693310682534956e-01
-1.297062062467630783e+00,1.796185072052678189e+00,5.545967735686087308e-02
-3.467786393555290225e-02,1.051314822495942741e-01,-3.202443670723668645e-01
1.605615954612851781e-01,8.219818491932991966e-01,-5.683601369201726206e-01
1.012536982512432238e-01,6.121678737082956179e-01,1.003680849008998122e+00
-6.149124088334730898e-01,-4.963584077360246871e-01,-4.861641579120358214e-01
1.521966076408135971e+00,-2.208521990719681249e-01,1.366557124343383611e+00
1.839054006414790887e-01,-1.194822016742994736e-01,1.016717273602944394e+00
4.488320594342032344e-02,-1.088728883265535630e-02,3.539680423127489761e-01
-8.668828906283209124e-01,7.894594826347118843e-01,6.549871875523747278e-01
-2.754397443007139956e-01,-1.067474021039356513e+00,9.568859281103601067e-01
4.309391904915487181e-01,5.323900932971534772e-01,-1.366468848183127194e-01
-8.790484219317353798e-01,-2.122629416066541541e-01,3.360719283203105201e-01
8.457269072541245825e-02,-9.949127129412158599e-01,-4.296763118266268555e-01
2.882418604629345335e-02,-5.137941281288035400e-01,-4.919901248628846258e-01
-4.140207687238616208e-01,4.198229692980610661e-01,-1.593448277726235318e+00
3.319522377979059469e-01,1.115411313476788110e-02,-3.407716843455504963e-01
-1.092765345970637264e-01,1.344967217518874936e+00,1.797311881065442596e-01
9.421652145483901120e-02,-4.835337090800960469e-02,-2.936163761523988835e-01
-5.510339459104974386e-02,1.388816401596854322e-01,-1.298647404348977075e-01
6.860955697893358352e-01,3.637888552274244347e-01,-3.462476290199177631e-02
-5.313024363088576091e-03,-5.184497275132077254e-01,6.880545970042795112e-01
-1.129370338909402971e+00,-1.135672100791252692e+00,-1.385941104811884428e-01
-1.330788619119299687e+00,-1.178503996453543312e+00,-1.918316511639020228e-01
2.402171352653189457e-03,-8.485327262358092204e-01,4.927840896355193956e-01
-7.095097755653710925e-01,6.156378783485074724e-01,2.256275193596885831e-01
-1.573788437180384525e-01,-7.502131185576865757e-02,-1.735553281655468350e-01
5.718232426907043919e-01,-1.104814158673284918e+00,-5.346249298554043294e-01
1.905273859864847541e+00,-1.824905660277034714e-01,8.199665999131713345e-01
-7.929788062888257771e-01,-3.007297684153454886e-01,7.793961623048587528e-01
-3.728579728682359512e-02,7.491020479965397605e-02,8.869247295495193972e-01
-1.279215328281431363e+00,-4.114060501866391439e-04,-4.677638237318281211e-01
2.293705300153806581e-01,7.115510988354792898e-01,7.132018697217188397e-01
2.275561958991666689e+00,-4.851913574102915128e-01,7.860305411996183489e-01
5.196891899341579135e-01,2.815627915994055597e-01,-3.328556093367875945e-01
-4.397090337157580908e-01,-9.679578199342721290e-02,-6.707219268445097082e-01
7.676886974869631119e-01,-6.016616763492774744e-01,-2.435132375546517416e-02
6.286763116684274122e-02,6.147248379164144128e-01,4.800203255292314619e-01
1.776283853054127018e-02,-5.590685656363022504e-01,-6.586783200810378824e-01
2.003424226045222023e-01,-5.760310724841151142e-01,4.517538241594651338e-02
-8.923024602759555002e-01,-6.904052212119184129e-02,-3.929504513783661501e-01
4.318416027219817432e-01,4.013090396524926495e-01,-2.170970190416275092e-01
-1.496740641109520382e-02,-5.893715136616316519e-01,1.410575286828055885e+00
7.268162401172916232e-01,-2.275601810609046427e-01,1.003778148179137741e-01
3.017781827593472577e-01,-4.797433342593152017e-01,-9.672942344468853371e-01
-1.864966665620521269e+00,-6.509790951665903602e-01,-2.008679345344160372e-01
8.246487029007506520e-01,2.068138813249278118e-01,-9.821078326890650412e-02
5.089267534292459816e-01,-4.747563404189424352e-01,6.071582736975469352e-01
-4.897903072966123816e-01,3.686754987608629186e-01,1.676451230456515451e-01
-2.281069518027744880e-01,2.010709803077984914e-01,-3.060567790689337486e-01
-1.052179355694414786e+00,-2.297791628551502097e-01,-1.622675321067482246e+00
-5.888378264065436962e-01,5.131197009627813665e-02,3.378722826498965492e-01
3.227459023465405474e-01,-1.328848458047589443e+00,5.561925292828548972e-01
1.712306055977280472e+00,1.448001228583804811e-01,1.232780846880834336e-01
-5.988972050801314451e-01,-4.949081339024293813e-01,4.166885724084063991e-01
-5.832788671584371309e-01,3.498975225356231178e-01,9.655545982424336149e-01
1.145167039323622404e+00,7.916382169880634145e-02,-4.117157658266573095e-01
-8.186318277809133681e-01,-1.531057595022800921e+00,-8.603967505888157064e-01
-1.186651862799950496e+00,1.408363958394168280e+00,-3.297700421519420000e-01
5.765805485065097491e-01,-8.163217497725965277e-01,-7.252493406818560917e-02
-3.057416290846618478e-01,2.493821751147549115e-01,4.553794896257604141e-01
-9.009703558423579062e-02,8.039836042301903296e-01,4.080086825165196718e-02
2.607071849193311475e-01,8.375374431946914777e-01,-3.083045229593850967e-01
-1.576421842698358944e+00,-4.636758210235243371e-01,4.240424106372729374e-01
-2.200344026268418185e-01,4.340735295388500892e-01,-1.654378546697032604e-01
-3.101202185398050371e-01,6.838873608197381104e-01,2.776915315939686435e-01
-7.412137214520717610e-01,9.323899292747647172e-01,9.501982460276584552e-01
-7.832673981845474920e-01,-1.543872915974644267e+00,1.560218279003965591e+00
2.577244811534948332e-01,-1.214448833523340127e-01,-1.073226920650286242e+00
-9.615680889488927019e-02,8.902070598377985478e-02,5.323694159958215488e-01
-1.945276852680403457e-01,-1.952895936237188379e-01,-4.061760183620105047e-01
-1.782170828046764077e-01,-1.011839740384378183e+00,-6.547234642791108783e-01
9.448068862446407090e-01,-3.921904612156815184e-03,2.315103876990459997e-01
1.621069870981335592e+00,1.699697407903451252e+00,6.700013188912901096e-01
1.010852567855826445e+00,-4.340892833814018192e-02,4.707927963833885565e-01
-1.468159515079686395e-01,8.786249807276828028e-01,-2.642637173402752060e-01
-2.838442162736267704e-01,-1.038970978496955189e+00,-5.773247653364214083e-01
1.065439804925234768e-01,-3.597722239187878257e-01,3.653424853178766085e-02
2.547663098777337987e-01,-1.935712155594856432e-01,-3.820877903052598556e-01
1.318073049653919471e+00,4.003765974972371411e-01,1.377114628502538629e+00
-8.747735100960692955e-01,-5.287936478604281232e-02,6.211562330376737551e-01
6.929656181485167599e-01,1.392358596224210654e+00,-1.899116275143578059e-02
4.619423599202212433e-02,-1.419226423487163879e+00,-3.225268924372039492e-01
-5.953921632883966142e-01,-2.914479952609136948e-01,-1.780741762494262859e-01
3.340158817901278665e-01,-4.179389303352981089e-01,1.377031120451344681e-01
-5.234698397859098851e-01,-3.123534591941414806e-01,-7.540669191195290555e-01
-5.905689506437798997e-01,2.862891332516009912e-01,-7.650511676098112890e-01
2.077135589665779665e-03,-1.643068118675177214e-01,-4.772983665712476897e-01
5.007164028809049094e-01,7.004214254196902134e-01,6.687785285655493128e-01
-1.114888119459727656e-01,-6.601499273019736380e-01,-2.515248764380348945e-01
-1.662668840804384374e-01,-4.418387543894609082e-01,2.179626987647425296e-01
2.442998488689596404e-01,-6.721836138629431190e-01,1.639705781695981912e+00
2.900544116729076305e-01,8.641910367433213169e-01,-9.866683052751746771e-03
-8.970693542415921762e-01,-3.716538769823258814e-01,-1.087394555321845813e+00
-6.746575434920242254e-01,6.245741313333679212e-01,2.015348755749005460e-01
1.486960153214441083e-01,4.433769143847786087e-01,3.364412815555586911e-02
1.165867373529821061e+00,8.811659115921532948e-02,-5.749932843517181480e-01
-9.460262915642694281e-01,-1.579913112992035629e+00,4.270494108257927995e-02
-3.541951298181741925e-01,-6.950910354150943160e-01,7.181540791819309710e-01
-1.141278962542666031e+00,6.510769910139818650e-01,3.292818821432775822e-01
1.108204480367229738e+00,-1.427134407659887305e+00,-8.272390057465028868e-02
-1.096103147615555162e+00,-6.840585144960498187e-01,6.391295979741338229e-01
1.335555800381871050e+00,-3.871523647277012037e-01,-6.549567532663728153e-01
2.204098748380016182e-01,-8.844780485996615038e-01,4.315168825797517926e-01
-2.174347471570427515e-01,-1.828535449727657913e-01,-9.373246047645564794e-01
1.194287482532764566e-01,-1.217002063353396446e+00,-3.778397657649293362e-01
1.102667244415270753e+00,4.379528085332900500e-01,2.324338806365621457e-01
-6.270838010629177228e-01,3.688042927044782315e-01,-7.317874990596835438e-01
1.645714771219527917e+00,-2.438648933213417358e+00,9.322314411483839658e-01
8.966973900367398720e-01,-5.972804681360814882e-01,-2.883970227369381245e-01
1.718817340106950087e-01,-8.209120743335980297e-01,-6.399969602683314163e-01
4.664815610345497965e-01,4.370530203439639272e-01,7.879851630444564270e-01
-6.096072191513368654e-01,4.952432132254990238e-01,-3.401574043934981750e-01
5.385874429913321132e-02,-1.613759756083298358e-01,-3.059697234579102365e-01
3.435155329954130421e-01,8.283650932933627198e-01,2.746684043321762081e-01
-5.548147762823159301e-02,1.669831935547093082e-01,6.668232475156558037e-01
-1.101882249805973712e+00,-7.420354650641021177e-01,2.601291730014057446e+00
1.181697976747340562e+00,-4.272447324551160719e-01,-4.411553036649951687e-01
-8.172189225991185468e-01,5.311256205218523041e-01,-4.840174994712522216e-01
-1.380967888644678565e-01,5.016570670255914716e-02,-5.949500092579413923e-01
5.463712730354142524e-03,1.324818786046202679e-01,6.846035408495862451e-04
4.010693900358232034e-01,-7.106535223592704842e-01,-7.527136439652265532e-01
7.085474291237374711e-01,-4.008894428133896737e-01,7.563954190729358373e-01
3.728780797017005599e-01,-1.259026344200518122e-01,1.376384347092323823e+00
-1.184763707699378665e+00,-1.170602536183313669e+00,-1.599405680703006372e+00
-4.929253040530747199e-01,1.421383153943036604e-01,-8.790123887732439467e-01
-3.959679166850102461e-02,-2.193766117657268699e-01,-1.337928780555049713e+00
1.075731654069216059e-01,-7.546054120637037954e-01,-2.272884405876438307e-01
6.797924463182684063e-01,-1.351211341159456181e-01,-5.635287307748506613e-01
1.052754857992100446e+00,-6.502216692943677545e-01,-1.109473758516422937e+00
4.767372156901646396e-01,-1.059302750837859186e+00,8.992322634189113539e-02
2.147307934209939928e-01,-5.718813163382087117e-01,1.084236277323350484e+00
-4.906854862244833804e-01,-6.415761502282268935e-01,-6.132137804060652231e-01
1.300398742247850861e-02,1.206671710833317368e+00,3.831247948261580216e-01
-1.860046589511298865e-01,5.508794737955385878e-01,9.629849720688147263e-01
1.400279050672728065e-01,-1.425758942118052319e+00,5.424479564915404284e-01
-8.338215279492815490e-01,2.732783748555631664e-01,1.160160803500049242e+00
7.253442111742494092e-01,-1.519940831214964039e+00,-3.967467875901935503e-01
-2.338522058350496757e-01,1.511330584362545193e-01,-5.206839124142615960e-01
1.733151135366040874e-01,-7.355442346403984200e-01,7.834877986771594527e-01
2.961960421183172376e-01,-1.394923730649042237e-01,1.040461246625708602e+00
2.137567995446122693e-01,1.189663699960504362e+00,6.679668160629056994e-02
4.951612367504762413e-02,-1.052168982254133162e-01,-6.560888201842426382e-01
5.986638854934023257e-01,-3.322490393333253911e-01,-8.307608291401609169e-01
1.579204824578839261e+00,3.401055598269792091e-01,-1.081920659809244498e-02
-7.380910032753461580e-01,-8.834051697129571834e-02,2.255014758687334253e-01
1.381511949282286711e+00,1.050131139347471043e+00,-3.048084545691736036e-01
-8.448996469423825095e-01,-4.291378944905514525e-01,2.337585813483009922e-01
4.418451755228647304e-01,1.844569303978535746e-01,-1.808442053555256723e-01
1.101448933719900852e-01,-1.162903132098156711e-01,3.435461167281501083e-01
-3.592820846488401498e-01,5.600035686956776615e-02,2.108775765890235632e-01
1.052575153674103703e+00,1.362203464955565602e-01,-1.181794655671676714e-01
1.292792771709191935e-01,-8.772266327616139864e-03,-5.391831485677403002e-01
-1.305249065933201114e-01,4.526366647688756517e-01,-1.736308684303525807e-01
-9.837476134999312283e-01,8.136660052685629196e-02,-2.260296362162178829e-01
-6.214091553497873566e-01,-7.368846390957547454e-01,-9.701533102874437819e-01
-1.053669811927972599e+00,-1.005165459325923161e+00,-1.246013461727640478e-02
5.166010866693041548e-01,6.053312035479739839e-01,1.153544867758505843e+00
-7.097314542858531583e-01,1.421215610492821302e+00,3.485132182278589119e-01
6.661553317499482318e-01,3.946005288933217281e-02,-2.056876148991962638e-01
6.493890142566264290e-01,-4.515240636967694510e-01,-1.071317903914326353e+00
-2.703645489420758996e-01,-4.621730334825693287e-01,2.528875217793881761e-02
-9.259875949728899047e-02,-2.083999971591949871e-02,-9.227181090298937072e-01
-6.739412982539383368e-01,-6.541801701850603612e-01,3.558601350909362804e-01
-2.947013787632964399e-01,7.378278598152684387e-01,-9.611501604199852444e-01
3.211346509206731148e-01,-1.306372814674819027e+00,-4.150867858785629028e-01
6.193690423880722495e-02,2.158439006187742870e-02,2.482994892089955552e-01
9.643546778671810982e-01,2.155548994606404090e-01,3.382687511782584977e-01
1.974718903734070663e-01,-1.051395858956343021e+00,5.033422307644747073e-01
8.634952202037317059e-01,-6.549434902119484203e-01,-7.483567390823142595e-01
1.107256218234615730e+00,-9.444855377578289524e-01,-7.707477255184254084e-01
8.014049474780795546e-01,6.885898715041151030e-01,-4.453044967216694960e-01
-4.514579362645629868e-01,8.560948403069341961e-02,-1.801063909590299827e+00
2.865390160352880855e-01,-1.065303688671371818e+00,-9.746184233828206755e-01
8.845915209254565648e-01,1.987012500539276361e-01,2.640285500237410932e-01
-3.327894068460727217e-01,-9.258503336729225625e-03,-1.066671127347919912e+00
9.238414234633264277e-01,2.377193192552565781e-01,5.900239685679369295e-01
1.359717319412050429e+00,1.122864599061890400e+00,-4.613587341873530701e-01
-2.079192006549007155e-01,6.382080725433858515e-01,2.325319195604131361e-01
-3.068438884047650084e-01,7.698792304082934246e-01,3.515842573683589656e-01
-2.370098539362368740e-03,-3.269766629435296168e-01,6.112355974558162375e-01
-1.097522141687221897e-01,1.210981340607019258e-01,-5.312638125992192872e-01
2.177576782081591389e-01,-7.648204174388304466e-01,-3.163421639409330632e-01
6.625899059815154590e-01,1.119386252605431009e-01,1.651493975030354500e-01
3.003727731247970295e-02,-9.185631870620681871e-01,1.808147021118857722e-01
1.428130848616834703e+00,4.948726685972919537e-01,-9.114639561958426395e-01
-1.608850502464501675e-01,5.769802670629728958e-01,1.688668692067195887e-01
-1.711585980022946318e-01,-4.514172552205400479e-02,-9.195095753883207601e-02
9.093749129931317787e-01,-4.419895827311884906e-01,4.073968980086846714e-01
-9.818840735521512375e-01,-1.720301174437416369e+00,5.212014755350051765e-01
-1.344807733275941386e+00,3.876640671542847527e-01,-5.938363415567458059e-01
-5.364879976006857731e-01,1.365156051987857388e+00,1.744134780320945877e-01
-6.892699940628619348e-01,8.648758750441166709e-01,1.044773305725659185e+00
-5.171652260990862171e-01,6.384631643175789906e-01,-3.497946488071192184e-02
2.814715846153853507e-01,-9.442766660478201235e-01,-1.231085121497422108e+00
7.432039237388213260e-02,-7.966803650153923000e-01,8.207834852785188540e-01
1.126829013013158187e+00,6.020150863537062635e-01,3.150447661482945194e-01
-1.263565542265674635e+00,1.362929931819035524e-02,2.952755891510703834e-01
-4.757105432335307915e-01,-9.781826842641509756e-02,1.201045217675451360e+00
-5.105425298559732594e-01,-2.494086333876221473e-01,-4.742382176190463317e-01
6.051317195105115898e-02,5.663187168853236475e-01,-3.329750392158467021e-01
5.585833844671694859e-01,-3.899702778339386548e-03,4.751457015285741048e-01
6.856384108026462032e-01,-3.051258252526414805e-01,-2.389856487438279942e-02
-1.413413293341821531e+00,-3.706575888925996431e-01,1.268363158044906180e+00
-2.774561898475039756e-01,-1.008969693261242639e+00,-2.176986495835868118e-01
1.014582889307987124e+00,-5.380008741801659555e-01,4.776243303850719046e-01
-7.630606300258475638e-01,3.285435207916374833e-02,-9.982192972324256397e-01
4.516922754205929258e-01,1.128798348221035121e-02,-6.826265275336140803e-01
5.463779619999927784e-01,1.355158700291973217e-01,-1.051241841043714098e+00
1.040009749183979038e+00,3.613185112087316520e-03,-5.401859290462556196e-01
-3.466384119366137662e-01,4.961072194405960478e-01,-2.636405545039101628e-01
9.198006655787679953e-02,-1.186790875200998269e-01,-6.353382338134082596e-01
6.921257345715474685e-01,5.089601779350074739e-01,4.474192938143234377e-01
2.486413480310848967e-01,-6.001698124961084568e-01,-2.960287516175501565e-01
5.339242681414426706e-01,-9.825964949647693070e-01,2.618118640399908492e-01
9.250914286329490199e-01,-3.331338964817357473e-01,1.647563951477218069e-01
9.594386461859865101e-01,-9.164510521333353588e-02,-5.220484573344791324e-01
2.557514822823270251e-01,-1.034184223994872198e+00,6.169986483165037505e-01
1.975854943587496415e-01,-4.714347259070004736e-01,-3.040740446158333304e-02
8.394559342193505524e-02,1.077296695831075901e+00,6.704513038173945949e-01
-2.596858898645818536e-01,7.730763403409910417e-01,1.683720168115812321e-01
-9.332006614007032352e-01,-6.485082204713227272e-01,5.491558569804600998e-01
1.497277013229498799e+00,-1.737993039035140297e-01,-8.393493416380263250e-01
3.440783825045280464e-01,-4.253511462028209955e-01,-7.719118259509024638e-01
2.716039158220179828e-01,7.852525634399374135e-03,7.096516694926353203e-03
6.244770279860520912e-01,9.051496554569504749e-01,1.431593065191371084e-01
6.989943780778717919e-01,1.258613363946977093e-01,3.009500209478527810e-01
1.431105552536837688e-01,2.982488924701277577e-01,1.082891517014471949e+00
1.710748294139086412e-01,6.472611878722078771e-01,1.062293375528755801e+00
-4.059801083217097484e-02,9.629431787214848271e-01,3.174926601205121379e-01
2.226874449537308009e-01,-7.871139371243272009e-01,3.000819512516853527e-01
1.452436943531445757e-01,-3.485734465639375168e-01,6.921530649684157210e-02
-4.274527314009642920e-01,1.138113736127457226e-02,3.569007027621603489e-01
3.990306863403335347e-02,3.235092037364127315e-01,8.177696414676055570e-01
-4.516950260545755103e-01,-3.748877523873004464e-02,-1.835171763133093201e-03
1.021923407161588360e+00,1.442673914863721318e-01,-1.362725753235409787e+00
-3.565347283024848934e-01,-3.083431494679416685e-01,-2.864493227338585357e-01
-7.740902002175962249e-01,8.384468979107267961e-01,6.338994888549306372e-01
6.359739192654801920e-01,-5.914595099244366327e-01,-4.644779866046005457e-01
-3.953252597680756431e-03,8.753605965872667261e-01,-1.223583971076545041e+00
-4.518011780848490977e-01,3.206007333933421632e-01,2.509500425211859120e-01
5.615290401562325062e-01,-3.106185777593951092e-01,-5.495740750413525832e-01
-9.637903805551352177e-01,-1.273633634494010236e+00,8.447545561285568771e-01
-4.877504764079892974e-01,-5.841548538533919421e-01,4.123512476941521010e-02
-1.957729069369454900e+00,3.830092759483999520e-02,9.312257541409733053e-01
-5.390564193399509652e-01,5.524401971787942789e-02,-3.246180589570641928e-01
-7.085615285876198932e-01,6.993602377010859072e-01,-4.076657719704296912e-01
-3.459101387489883495e-01,1.048099478174491450e+00,-2.507627709616841449e-01
2.062736919427536619e-01,3.260813416123817809e-01,-7.492088420067468668e-01
9.996559177504171778e-01,-7.122835591223786178e-02,5.350988445466099697e-02
3.199917292434841243e-01,8.678948156940587966e-01,8.184332576737618492e-02
7.692456794882123194e-01,2.262042936971082885e-01,4.283134553629118213e-01
1.569037881098495901e-01,-6.101530486593753633e-01,2.248234402152854694e-01
-4.502267004289263186e-01,-2.376528277750754592e-01,1.097674856951106059e-01
-6.791576165185655434e-01,4.013361228508331435e-01,-1.514546994691751691e-01
6.581302752729090155e-01,8.309683888940433416e-02,-1.440111075155183773e-01
8.063165630844225662e-01,2.384106366449791070e-01,4.367692218000340104e-02
2.885506926202290878e-01,-7.533895892031285957e-01,-2.824439838571352057e-01
-5.077170138073018313e-01,-8.830564537037364214e-01,2.693503046294063452e-01
-1.780349144312609877e-01,3.006903274504568735e-01,-4.372693485207616026e-01
9.272886635797548960e-02,-4.074896872287560035e-01,1.888284823444532634e-01
8.276221011699923524e-01,8.037947339726310148e-01,-8.202328598027766038e-01
2.385384294539581174e-01,1.436413350987052473e-01,-2.069395562626217266e+00
-1.085829788800235368e-01,6.541350598235335934e-01,2.912338650979720001e-01
3.489847262433808939e-01,-9.723007311959942778e-02,8.529148021219358222e-01
1.076132599800065037e+00,5.089379482056427539e-01,-6.006048975610112778e-02
-9.761468666622195034e-01,1.014699280729832287e+00,-8.496320949397396793e-01
-8.734173905859722309e-01,-2.777406926201709814e-01,-5.899568783337689748e-01
-3.682663536339065430e-02,-3.897144152469257938e-01,-5.384989217859212363e-02
4.631793482547671981e-01,-4.386333091076398683e-01,1.567430799101795502e-01
-2.131952618552755419e-01,1.223410129780535760e+00,-1.117723206915445910e+00
5.646364231449332305e-01,-4.000991282004476290e-01,7.513328760557776986e-01
-9.886176238601407373e-02,3.634462713944052181e-01,-8.302498501333768072e-03
5.641204044223684377e-01,-9.942272142648624078e-03,-5.778638467281451696e-01
-2.857702796769991949e-01,8.890085401081478100e-02,-4.890423111351377972e-01
-4.673889119184342356e-01,5.759948302615979232e-01,-5.911001521541588977e-01
1.684385047814630082e-02,-1.358900682596408949e+00,-6.212218525315595929e-01
4.578318975609612096e-01,-2.282414176503236025e-01,-3.281595617675620025e-01
-9.478371927613406245e-02,2.193884234115734688e-01,1.342452444032030456e+00
6.111007248149806503e-02,-1.060513880685970634e+00,6.351899008228605314e-01
-5.545626013972584367e-01,-1.143755562152779071e+00,-6.475643113328166667e-01
7.014542435162469669e-01,1.579900587844359938e+00,-9.714556472975957035e-01
-2.652533937250121654e-01,-1.128602036780587792e+00,4.586140854586578941e-01
6.266856691835148707e-01,5.527490709797762136e-01,1.714271821301573073e+00
3.621253911729387931e-01,-2.983839377820916017e-01,-6.250207935974804174e-01
2.499409250205979482e-01,-5.500354067762686094e-01,-9.294912955873010363e-01
2.216743119704722709e-01,4.477819387262582662e-01,3.939317168241078804e-01
6.627625679643748269e-01,-1.218771818504106458e-01,4.836535536474151353e-01
4.579631787720290781e-01,-3.015567878891302622e-01,2.181987011304400426e-01
-4.273239885179279385e-02,-1.034063654141043898e-01,-1.853007112611865514e-01
-4.486827208646614329e-01,-8.811435692990444712e-01,3.064559841508843197e-01
-1.353467798328248373e+00,1.100890040166419004e+00,-1.333655363722439979e+00
8.393852485001528363e-01,5.221300175689875811e-01,1.181370872006436867e+00
-9.345242371177492346e-01,3.630669936877463644e-01,3.891430610216207175e-01
9.650588754886368914e-01,-7.610646962096172530e-01,-1.076688530836478197e+00
-5.643702670601976612e-01,-3.553273026752425956e-01,5.851288360795285914e-01
1.527693444825511081e-02,-6.769986988317037158e-01,2.025488835198685222e-01
-6.358453124787397659e-01,8.383762150404293623e-01,-1.347303131770960505e-01
-6.421431544013364023e-01,-9.167428500435459426e-01,3.240659099489454631e-01
-9.457679488599589623e-01,6.617013100285179528e-01,1.410208751492715053e-02
8.334021935156501470e-01,-3.506701517970924886e-01,-9.361608545615984767e-01
-5.863564000365384388e-01,-1.822590109995860574e+00,1.665106905107474611e-01
-6.691814751451461429e-01,-7.251512624577417521e-01,-1.846070840728315510e-01
1.334406241220293110e-01,-9.814788457219163487e-01,2.150466935836453652e-02
6.074108964387833209e-01,1.262387194455781014e-01,5.550907918843395183e-01
-1.086719481626797101e+00,-1.064738508301232178e+00,-3.513762805985092275e-01
7.694095497900364788e-02,7.086865118544947162e-01,-5.402081805046986540e-01
-1.869839620362273136e+00,-1.494009789731732374e+00,1.250082167814075440e+00
-8.131868716030035138e-01,6.533054527917747656e-01,-6.059473974347799885e-01
2.065811805372093912e-01,1.365327187342660897e+00,-1.592352986321732000e-01
-1.178374226218812659e-01,-9.377566725797573666e-01,-9.514664136331391076e-01
3.983219302681524632e-02,9.661999827484322179e-01,-5.998758645685949853e-01
2.590422953358966773e-01,7.621028775448775994e-01,4.445226864294907765e-01
-1.024736162877288859e-01,-6.264993498129195482e-01,-7.465935349342281979e-01
-3.654350766801149342e-01,-3.721549704016808291e-01,5.032823501321520565e-01
-4.620461243957126873e-01,-3.310696366180670980e-01,-2.748956326643821058e-01
-1.487106157592530953e-01,1.572643972016362968e+00,3.021832670162391543e-02
3.545831884824014457e-01,-9.037852448410861328e-01,-5.509053482875823082e-01
5.650571416464468255e-01,-3.771776635627329538e-03,-1.031920736479095879e+00
-5.291739237372868887e-01,7.474793568001480981e-01,6.977905941668464118e-01
6.003696820003583401e-01,-1.781679919690085101e-01,-6.919662519770617415e-01
-5.032435760361464450e-01,-6.483476099827141237e-01,-1.263030703150110068e-01
4.866317075702310535e-01,-5.849533093819732077e-01,-8.875934858557458229e-01
-6.448933224283047438e-02,-5.201889494456293228e-01,9.566422711505946641e-02
-3.739380102548086615e-01,-4.496931597273470804e-02,-6.909225552514309809e-01
-2.270724762737128533e-01,1.153272057596748529e-01,-2.487756251627995518e-01
3.787513496970759119e-01,-1.011657751759559964e+00,6.507791569374974383e-01
-1.216527091568629482e+00,-1.488669312323084859e-01,1.565020670786384793e-01
-4.695542313755269870e-01,1.544601226824381612e+00,3.880492771609461711e-01
-9.196854955828285272e-01,5.906711378661260170e-01,4.726113891260700361e-01
1.293794613944802441e+00,-6.774805384156636912e-01,1.080514770565944305e-01
-3.023570708928040585e-01,1.381067220272873985e+00,-1.404157558038786391e+00
6.205937874780459440e-01,-8.351349432752180890e-01,-8.331782554561026899e-01
2.026734955656475379e-01,-7.228079413469008507e-01,-8.766892742219338786e-01
4.615230681562317305e-01,-6.111025826333101874e-01,9.274082332877546520e-02
-4.315905973431219400e-01,-8.703747161337674898e-01,-2.022399111242535463e-01
-3.780836618990911502e-01,-2.751959756637684107e-02,-1.068873292905158090e+00
4.941924661552405396e-01,-1.262640579434000321e+00,-1.153910893775578206e+00
1.164843524776780770e+00,4.423135882962019871e-01,1.181616588038178831e-02
1.048351940652342718e+00,3.519333909395776921e-02,8.940425537046033100e-02
1.337626129965060334e-02,-1.315783032908788508e+00,6.366612796029105792e-02
-2.941837257555426910e-01,-1.130971062904763680e-01,2.922157046276319670e-01
3.254192298975165931e-01,-1.150690256705485082e+00,8.810031360921418697e-01
-6.387272771772064539e-01,7.111911549492108686e-02,-6.877833337518343138e-01
2.383421954348868277e-01,1.174193023411945536e+00,-5.702841967352024755e-01
-3.783177474963351772e-01,9.287313448978982977e-02,-6.301871423369551778e-03
-9.625420638986467159e-01,-7.061743750889685201e-01,5.747896413374325303e-02
8.659819115227068709e-01,8.022939454819735805e-02,7.455130035937854172e-02
-5.553891651851682043e-02,-2.188605920214190259e-01,8.728753868797447524e-01
2.007139786217235905e-02,3.883846044694622690e-01,2.099539685741077244e-01
3.957095772005608247e-01,-7.583244916994136275e-01,7.310219860999972452e-01
4.482483094885177100e-02,-3.636481917727737434e-01,-6.430207939289120933e-01
-7.903168336735637567e-01,3.756812722154650452e-01,-9.911278011806771981e-02
-8.800450318323101984e-01,-3.559135849232358817e-01,1.076293830321606970e+00
9.397473570571851509e-01,-5.280080973111280773e-01,-2.727441102486248270e-01
9.502336134966729020e-01,-1.176112346948089971e-01,-6.391909228998181591e-01
7.049876646903142641e-01,-6.220513801185512115e-02,3.687799292984813015e-01
5.048247686751471119e-02,4.934385578858296872e-01,-7.712381222671823577e-01
3.887030060740085530e-02,-6.009843184090786217e-01,9.427006380836573662e-02
1.248647382446906873e-01,-1.177505099950201917e+00,-7.446552879512061685e-01
4.700350629259811286e-01,-1.135347109601534260e-01,-1.148419246643181291e+00
