9.439033865928649902e-01,-1.589796841144561768e-01,2.894334793090820312e-01
-6.986697316169738770e-01,-1.747909784317016602e-01,6.937642097473144531e-01
6.368686556816101074e-01,3.068845272064208984e-01,7.072623968124389648e-01
3.523980379104614258e-01,7.317837476730346680e-01,5.833594799041748047e-01
3.730901181697845459e-01,4.135529324412345886e-02,9.268727898597717285e-01
1.343946307897567749e-01,8.876383304595947266e-01,4.404956698417663574e-01
2.944351732730865479e-02,9.613180160522460938e-01,-2.738635540008544922e-01
4.535909593105316162e-01,8.878196477890014648e-01,7.766235619783401489e-02
1.601670831441879272e-01,9.454207420349121094e-01,-2.837713956832885742e-01
5.514600872993469238e-01,-4.055948853492736816e-01,7.289615273475646973e-01
4.174834191799163818e-01,-4.328063130378723145e-01,7.989910840988159180e-01
-9.248559474945068359e-01,2.443170398473739624e-01,2.914630770683288574e-01
6.655947566032409668e-01,3.925861716270446777e-01,-6.347125768661499023e-01
9.218060374259948730e-01,1.745311021804809570e-01,3.461397588253021240e-01
6.152520775794982910e-01,-1.556123197078704834e-01,7.728193998336791992e-01
-9.706335067749023438e-01,2.323443740606307983e-01,6.234594434499740601e-02
6.374467611312866211e-01,2.452536076307296753e-01,7.304193377494812012e-01
-7.803481221199035645e-01,3.311650753021240234e-01,5.304586887359619141e-01
7.893045544624328613e-01,-4.558908641338348389e-01,4.112927615642547607e-01
-4.728391170501708984e-01,-4.907949268817901611e-02,8.797811269760131836e-01
-8.553925752639770508e-01,-2.332840561866760254e-01,4.624742567539215088e-01
-7.460705041885375977e-01,4.905561804771423340e-01,4.502595961093902588e-01
6.863219738006591797e-01,-6.070988178253173828e-01,4.004916250705718994e-01
-7.011803388595581055e-01,-2.600341737270355225e-01,6.638738512992858887e-01
5.150092840194702148e-01,3.746458888053894043e-01,-7.709773182868957520e-01
-1.681270748376846313e-01,9.850770831108093262e-01,3.683665767312049866e-02
-2.567065954208374023e-01,-9.664191007614135742e-01,-1.167214754968881607e-02
-8.523281216621398926e-01,3.921908736228942871e-01,3.460105657577514648e-01
8.656173348426818848e-01,-3.751707971096038818e-01,3.315926790237426758e-01
-1.695158779621124268e-01,7.403767108917236328e-01,6.504665613174438477e-01
8.805650472640991211e-01,3.122358322143554688e-01,3.565298318862915039e-01
4.145071208477020264e-01,3.828913569450378418e-01,8.255774378776550293e-01
-7.842810750007629395e-01,1.321286559104919434e-01,6.061729788780212402e-01
-4.211885631084442139e-01,-5.053904056549072266e-01,7.531140446662902832e-01
-6.814609766006469727e-01,-4.368160665035247803e-01,5.871989727020263672e-01
8.848976492881774902e-01,3.584252297878265381e-01,2.974689602851867676e-01
7.478496432304382324e-01,-3.213038444519042969e-01,5.809344649314880371e-01
-5.659120082855224609e-01,-3.894305825233459473e-01,7.266961932182312012e-01
-2.308640070259571075e-02,3.897367417812347412e-01,9.206366539001464844e-01
-1.133767440915107727e-01,-2.122663706541061401e-01,9.706127047538757324e-01
-5.167623758316040039e-01,8.319375514984130859e-01,2.020806521177291870e-01
-8.223611712455749512e-01,-2.521505057811737061e-01,5.100415945053100586e-01
8.704062700271606445e-01,-4.863537251949310303e-01,-7.650697976350784302e-02
3.458040952682495117e-01,-1.972679793834686279e-01,9.173358678817749023e-01
2.167582660913467407e-01,8.295783400535583496e-01,5.146023631095886230e-01
7.353734374046325684e-01,-4.284323155879974365e-01,5.250445604324340820e-01
-5.075816512107849121e-01,-4.281963706016540527e-01,7.476687431335449219e-01
3.186932206153869629e-02,-6.392859220504760742e-01,7.683085203170776367e-01
7.164763659238815308e-02,-5.305811166763305664e-01,8.446007370948791504e-01
-8.860952258110046387e-01,2.320787757635116577e-01,-4.012164771556854248e-01
8.346238732337951660e-01,4.388941228389739990e-01,3.328288793563842773e-01
-2.337408065795898438e-01,-3.927368521690368652e-01,8.894510269165039062e-01
-2.695678174495697021e-01,4.324189424514770508e-01,8.604341149330139160e-01
-4.230796098709106445e-01,4.106106162071228027e-01,8.077148199081420898e-01
-9.384429454803466797e-02,5.929876565933227539e-01,7.997242808341979980e-01
-5.905574560165405273e-01,-8.068391680717468262e-01,-1.589877158403396606e-02
-4.984860718250274658e-01,-3.650089502334594727e-01,7.863079905509948730e-01
1.787208765745162964e-01,-5.715423822402954102e-01,8.008732795715332031e-01
-6.152234673500061035e-01,3.107820451259613037e-01,7.245098352432250977e-01
-3.082307279109954834e-01,-2.818026542663574219e-01,9.086148142814636230e-01
6.667090058326721191e-01,-2.949250638484954834e-01,6.844838261604309082e-01
-6.432798504829406738e-01,-1.966820955276489258e-01,7.399370670318603516e-01
6.452906727790832520e-01,-5.343061685562133789e-01,5.460011363029479980e-01
-7.602727413177490234e-02,3.480249643325805664e-01,9.343973398208618164e-01
5.573325157165527344e-01,-6.029223203659057617e-01,5.708458423614501953e-01
8.055368661880493164e-01,-3.612031638622283936e-01,4.697265326976776123e-01
7.672512531280517578e-01,-1.622538268566131592e-01,6.204831600189208984e-01
-3.533043339848518372e-02,-5.972303748130798340e-01,8.012913465499877930e-01
8.542111515998840332e-01,4.693530201911926270e-01,-2.236761152744293213e-01
2.432504855096340179e-02,1.776196435093879700e-02,9.995463490486145020e-01
6.940053105354309082e-01,1.155669838190078735e-01,7.106343507766723633e-01
-5.167007446289062500e-01,4.880446791648864746e-01,7.034434676170349121e-01
-2.463128045201301575e-02,-5.445786714553833008e-01,8.383479118347167969e-01
-8.288372755050659180e-01,4.208897948265075684e-01,-3.686199486255645752e-01
-6.415009498596191406e-01,-1.803365796804428101e-01,7.456243038177490234e-01
-5.710468292236328125e-01,-1.653898954391479492e-01,8.040843605995178223e-01
3.716120421886444092e-01,-5.261310935020446777e-01,7.649120688438415527e-01
-1.366492658853530884e-01,-8.005477190017700195e-01,5.834814906120300293e-01
-5.509207844734191895e-01,5.763024836778640747e-02,8.325656056404113770e-01
9.805120229721069336e-01,-1.415955126285552979e-01,1.361870914697647095e-01
2.813889980316162109e-01,-4.308406636118888855e-02,9.586262702941894531e-01
4.414211213588714600e-01,-8.011502027511596680e-01,4.041116833686828613e-01
9.228907227516174316e-01,1.388143301010131836e-01,3.591708242893218994e-01
-6.882426738739013672e-01,-3.211559057235717773e-01,6.505237221717834473e-01
-3.303762972354888916e-01,7.494176626205444336e-01,5.737810730934143066e-01
6.526926755905151367e-01,7.567373514175415039e-01,3.662206977605819702e-02
9.033570885658264160e-01,-3.882762789726257324e-01,1.821748167276382446e-01
4.062734246253967285e-01,4.969980567693710327e-02,9.123989939689636230e-01
2.313502579927444458e-01,5.933028459548950195e-01,7.710180878639221191e-01
-8.747543692588806152e-01,-7.348634302616119385e-02,4.789617061614990234e-01
-4.996780753135681152e-01,7.713245153427124023e-01,3.941835165023803711e-01
-5.604181289672851562e-01,-6.875487565994262695e-01,4.617448449134826660e-01
-8.223578929901123047e-01,-6.485346704721450806e-03,5.689336657524108887e-01
6.488229036331176758e-01,2.424956262111663818e-01,-7.212663292884826660e-01
-6.506337523460388184e-01,-5.435191988945007324e-01,5.303418636322021484e-01
-6.748576164245605469e-01,1.402600435540080070e-03,7.379469275474548340e-01
-4.159319698810577393e-01,-6.154386401176452637e-01,6.695043444633483887e-01
8.400804996490478516e-01,4.923976361751556396e-01,2.276166975498199463e-01
4.423051774501800537e-01,-4.060990214347839355e-01,7.996560335159301758e-01
-6.714831292629241943e-02,8.328503370285034180e-01,5.494101643562316895e-01
7.911622524261474609e-01,4.169053733348846436e-01,4.474956691265106201e-01
-9.833631515502929688e-01,3.615219891071319580e-02,-1.780169606208801270e-01
8.519973605871200562e-02,5.384470820426940918e-01,8.383411169052124023e-01
3.648274242877960205e-01,-7.349166274070739746e-01,5.716631412506103516e-01
-5.820179581642150879e-01,2.111422121524810791e-01,7.852860093116760254e-01
1.162074506282806396e-01,-9.896146655082702637e-01,8.460996299982070923e-02
7.103953957557678223e-01,-3.122571706771850586e-01,6.307411193847656250e-01
9.392783641815185547e-01,1.302963495254516602e-01,3.174569904804229736e-01
-1.627786457538604736e-01,5.881429910659790039e-01,7.922062873840332031e-01
-5.085273981094360352e-01,-8.609244227409362793e-01,1.445051562041044235e-02
-2.131583541631698608e-01,-8.359407782554626465e-01,5.057335495948791504e-01
2.078621685504913330e-01,7.207100391387939453e-01,6.613398194313049316e-01
-1.631492078304290771e-01,8.570016622543334961e-01,4.888057112693786621e-01
1.105621755123138428e-01,-3.586823344230651855e-01,9.268888235092163086e-01
8.468307256698608398e-01,-5.222022533416748047e-01,-1.009099930524826050e-01
7.863743901252746582e-01,-2.569828033447265625e-01,5.617607831954956055e-01
-7.573835253715515137e-01,5.540051460266113281e-01,3.456133902072906494e-01
-2.218765672296285629e-03,5.571123361587524414e-01,8.304342627525329590e-01
-1.511921733617782593e-01,-9.480056166648864746e-01,2.800470590591430664e-01
-9.955738782882690430e-01,-1.882851007394492626e-03,9.396277368068695068e-02
-6.154476404190063477e-01,7.135841846466064453e-01,-3.346963524818420410e-01
-3.674215376377105713e-01,6.837276220321655273e-01,6.304906606674194336e-01
-3.559307157993316650e-01,-4.496911168098449707e-01,8.192014694213867188e-01
-9.681650996208190918e-01,2.469100654125213623e-01,-4.113505408167839050e-02
7.091926336288452148e-01,3.093619942665100098e-01,6.335146427154541016e-01
-2.311891317367553711e-01,-8.431452512741088867e-01,-4.854455888271331787e-01
9.861947894096374512e-01,-1.358094811439514160e-01,-9.474183619022369385e-02
3.950172364711761475e-01,4.429279267787933350e-01,8.048454523086547852e-01
9.582859277725219727e-01,-2.853013277053833008e-01,-1.706705242395401001e-02
-6.052364706993103027e-01,-4.924969673156738281e-01,6.254085302352905273e-01
-5.393219590187072754e-01,7.272281646728515625e-01,4.245833754539489746e-01
7.770648002624511719e-01,3.493912220001220703e-01,5.235421061515808105e-01
1.604903191328048706e-01,7.053052783012390137e-01,6.904982924461364746e-01
8.483893275260925293e-01,-2.479254007339477539e-01,4.677272737026214600e-01
-6.109819412231445312e-01,-2.027504891157150269e-01,7.652406096458435059e-01
-4.740112125873565674e-01,-8.555983901023864746e-01,-2.080024033784866333e-01
-9.379495382308959961e-01,-2.173877358436584473e-01,-2.701729238033294678e-01
1.474832277745008469e-02,-8.915609717369079590e-01,4.526609778404235840e-01
-4.129202663898468018e-02,-4.491910338401794434e-01,8.924810886383056641e-01
-3.084258735179901123e-01,-9.430050849914550781e-01,1.249601691961288452e-01
5.964699983596801758e-01,1.331236958503723145e-01,7.915186882019042969e-01
1.322470754384994507e-01,4.319301545619964600e-01,8.921586871147155762e-01
4.274294972419738770e-01,3.395498991012573242e-01,8.378603458404541016e-01
6.731513738632202148e-01,5.229269862174987793e-01,5.228910446166992188e-01
8.057430386543273926e-01,-6.946043670177459717e-02,5.881780982017517090e-01
-7.829021811485290527e-01,-5.398764610290527344e-01,3.091891705989837646e-01
-7.304974794387817383e-01,6.764849424362182617e-01,9.349697083234786987e-02
3.765186071395874023e-01,4.104992151260375977e-01,8.304964303970336914e-01
9.414321184158325195e-01,3.084089756011962891e-01,1.363430321216583252e-01
4.640701115131378174e-01,7.427121400833129883e-01,4.827200770378112793e-01
-1.500628888607025146e-01,-5.230149626731872559e-01,8.390092849731445312e-01
3.455190062522888184e-01,-4.746909439563751221e-02,9.372105598449707031e-01
-3.061192631721496582e-01,-7.073446512222290039e-01,6.371457576751708984e-01
-9.292715787887573242e-01,-8.594625443220138550e-02,3.592598140239715576e-01
-2.249489277601242065e-01,-2.925266623497009277e-01,9.294224381446838379e-01
-7.679467201232910156e-01,-8.685173839330673218e-02,6.345981955528259277e-01
-5.374409556388854980e-01,1.946265399456024170e-01,8.205351233482360840e-01
-5.407845973968505859e-01,9.356968849897384644e-02,8.359409570693969727e-01
-1.753287315368652344e-01,4.730723798274993896e-01,8.634018898010253906e-01
-4.841757714748382568e-01,-7.381588220596313477e-01,-4.697824418544769287e-01
9.304385781288146973e-01,-4.139106720685958862e-02,3.641027212142944336e-01
7.651059627532958984e-01,-5.911733508110046387e-01,2.551996111869812012e-01
7.625559568405151367e-01,5.806838274002075195e-01,-2.851581573486328125e-01
-2.235020846128463745e-01,7.084018588066101074e-01,6.694875955581665039e-01
1.291778683662414551e-01,-9.868801832199096680e-01,-9.685662388801574707e-02
-7.928997874259948730e-01,4.034137129783630371e-01,4.566918313503265381e-01
-2.436196506023406982e-01,8.781632781028747559e-01,4.116782546043395996e-01
2.315355092287063599e-01,-5.436161756515502930e-01,8.067669868469238281e-01
-4.438590258359909058e-02,5.512409210205078125e-01,8.331646919250488281e-01
8.815091252326965332e-01,-4.663552939891815186e-01,7.385256886482238770e-02
2.693635644391179085e-03,7.378443330526351929e-02,9.972707033157348633e-01
-5.040830373764038086e-01,-5.165912508964538574e-01,6.921226382255554199e-01
8.750689029693603516e-02,-9.313961863517761230e-01,-3.533334434032440186e-01
-4.192013442516326904e-01,-2.641357779502868652e-01,8.686211705207824707e-01
5.077214241027832031e-01,-6.424345970153808594e-01,5.740177035331726074e-01
2.916901111602783203e-01,4.451524615287780762e-01,8.466145992279052734e-01
8.550949692726135254e-01,1.845981180667877197e-01,4.844959676265716553e-01
-5.593242049217224121e-01,-7.160542011260986328e-01,4.176399111747741699e-01
1.964607089757919312e-01,1.194522827863693237e-01,9.732081890106201172e-01
9.244033694267272949e-01,2.674829959869384766e-02,3.804774284362792969e-01
8.985448479652404785e-01,1.019445359706878662e-01,4.268778562545776367e-01
5.890906453132629395e-01,4.312986731529235840e-01,6.833402514457702637e-01
-7.291277647018432617e-01,3.972496390342712402e-01,5.572838783264160156e-01
3.489715754985809326e-01,-7.160047888755798340e-01,6.046125292778015137e-01
1.753050535917282104e-01,-9.421679377555847168e-01,2.856364548206329346e-01
-9.481136202812194824e-01,-7.203633897006511688e-03,-3.178501427173614502e-01
9.240596890449523926e-01,-1.654147505760192871e-01,3.446033298969268799e-01
-2.671900987625122070e-01,2.760038971900939941e-01,9.232720136642456055e-01
2.907851338386535645e-01,1.741492375731468201e-02,9.566298127174377441e-01
2.373298071324825287e-02,-8.857156634330749512e-01,4.636215865612030029e-01
7.591680288314819336e-01,6.493360400199890137e-01,-4.501850530505180359e-02
5.647983774542808533e-02,-4.148527979850769043e-01,9.081339240074157715e-01
-6.034283041954040527e-01,5.005544424057006836e-01,6.207413673400878906e-01
5.305784344673156738e-01,5.732785463333129883e-01,6.243703961372375488e-01
-8.123409152030944824e-01,-5.459178686141967773e-01,-2.051250189542770386e-01
9.208818078041076660e-01,1.808830350637435913e-01,3.453378975391387939e-01
3.161383569240570068e-01,-3.578958213329315186e-01,8.786164522171020508e-01
-8.043088316917419434e-01,5.751997828483581543e-01,-1.491073071956634521e-01
-1.872269250452518463e-02,7.654400169849395752e-02,9.968901872634887695e-01
-7.991762757301330566e-01,-3.052160143852233887e-01,5.178420543670654297e-01
-2.101806998252868652e-01,4.929043650627136230e-01,8.443159461021423340e-01
-6.847239136695861816e-01,3.367684483528137207e-01,6.463285684585571289e-01
6.135610342025756836e-01,-1.850053369998931885e-01,7.676691412925720215e-01
-9.207705259323120117e-01,-1.154623776674270630e-01,3.726259469985961914e-01
-6.424335241317749023e-01,5.729438066482543945e-01,5.089346766471862793e-01
-7.300660014152526855e-01,2.377601116895675659e-01,6.406822800636291504e-01
7.838639616966247559e-01,-5.004643201828002930e-01,3.675500452518463135e-01
-9.173119068145751953e-02,-9.817196726799011230e-01,-1.667696833610534668e-01
2.751156687736511230e-01,1.794181317090988159e-01,9.445213675498962402e-01
4.373056590557098389e-01,3.828309178352355957e-01,8.137593865394592285e-01
-9.997076392173767090e-01,2.006153576076030731e-02,1.349954959005117416e-02
-5.827446281909942627e-02,9.929422140121459961e-01,-1.032934263348579407e-01
-2.193386852741241455e-01,-6.740297675132751465e-01,7.053899168968200684e-01
-1.476453151553869247e-02,5.396794527769088745e-02,9.984335303306579590e-01
2.952777445316314697e-01,-2.673724666237831116e-03,9.554077386856079102e-01
-5.254445672035217285e-01,7.041486352682113647e-02,8.479093909263610840e-01
-3.573586940765380859e-01,-8.624350428581237793e-01,3.584707975387573242e-01
-9.552775025367736816e-01,2.954027354717254639e-01,1.349044218659400940e-02
-9.629694223403930664e-01,2.232855856418609619e-01,-1.511088162660598755e-01
3.032855391502380371e-01,2.765030860900878906e-01,9.119014739990234375e-01
3.083590865135192871e-01,-7.436768412590026855e-01,5.931774973869323730e-01
3.347183167934417725e-01,9.117864966392517090e-01,2.379268258810043335e-01
-1.697760820388793945e-01,-9.449802637100219727e-01,2.796219289302825928e-01
7.217894792556762695e-01,-6.906096339225769043e-01,4.558587819337844849e-02
-4.332173764705657959e-01,5.519442558288574219e-01,7.125168442726135254e-01
-4.555348157882690430e-01,-7.767190933227539062e-01,4.349664151668548584e-01
-2.443270385265350342e-01,-5.426892042160034180e-01,8.036123514175415039e-01
-4.568196833133697510e-01,6.892185211181640625e-01,5.623998045921325684e-01
-1.332850009202957153e-01,9.823037981986999512e-01,1.315857321023941040e-01
6.998507976531982422e-01,7.141351103782653809e-01,1.483232434839010239e-02
7.072669863700866699e-01,-2.456718683242797852e-01,6.628866195678710938e-01
-2.267936170101165771e-01,-4.886456131935119629e-01,8.424906730651855469e-01
2.271296679973602295e-01,-9.130963087081909180e-01,-3.386264145374298096e-01
-6.270565837621688843e-02,2.551477551460266113e-01,9.648668169975280762e-01
2.084971368312835693e-01,-3.070022463798522949e-01,9.285896420478820801e-01
-7.763636112213134766e-01,-1.679060906171798706e-01,6.075090765953063965e-01
7.431653738021850586e-01,1.127194613218307495e-01,6.595448255538940430e-01
-7.821851968765258789e-01,3.318066000938415527e-01,5.273432731628417969e-01
3.284479677677154541e-01,-2.289086580276489258e-02,9.442446231842041016e-01
5.679129362106323242e-01,-8.128849267959594727e-01,1.292044818401336670e-01
5.854078531265258789e-01,5.817446708679199219e-01,5.646864175796508789e-01
5.456323027610778809e-01,1.482260785996913910e-02,8.378939032554626465e-01
-3.713938966393470764e-02,5.952162146568298340e-01,8.027069568634033203e-01
8.220526576042175293e-01,-5.347284078598022461e-01,1.956921070814132690e-01
-8.905486464500427246e-01,-3.279815316200256348e-01,3.152007162570953369e-01
-6.373672485351562500e-01,5.742058157920837402e-01,5.138586163520812988e-01
-1.824621409177780151e-01,8.519583940505981445e-01,4.907899796962738037e-01
-9.702361226081848145e-01,2.133911848068237305e-01,1.144826188683509827e-01
1.820844858884811401e-01,-6.497761607170104980e-01,7.379947900772094727e-01
3.090715408325195312e-01,-6.468940973281860352e-01,6.971390247344970703e-01
-4.975052773952484131e-01,-7.116886973381042480e-01,4.959714114665985107e-01
-5.435853004455566406e-01,5.424869060516357422e-01,-6.404862999916076660e-01
-2.646673917770385742e-01,7.696839570999145508e-01,5.809801816940307617e-01
1.739147901535034180e-01,6.027504205703735352e-01,7.787461280822753906e-01
5.286970734596252441e-01,1.256753504276275635e-01,8.394552469253540039e-01
-9.341779351234436035e-01,-2.939090728759765625e-01,-2.023098915815353394e-01
7.872082591056823730e-01,-1.605275571346282959e-01,5.954273939132690430e-01
3.930976092815399170e-01,-6.210857629776000977e-01,6.780316829681396484e-01
6.404703259468078613e-01,7.604545354843139648e-01,-1.072710305452346802e-01
8.436138033866882324e-01,4.934767186641693115e-01,2.116516530513763428e-01
-7.276545763015747070e-01,-5.339542627334594727e-01,4.305954575538635254e-01
-3.474186360836029053e-01,-2.028243988752365112e-01,9.155119061470031738e-01
8.491634130477905273e-01,4.935759007930755615e-01,1.878959834575653076e-01
6.740151047706604004e-01,-4.255881309509277344e-01,6.038033962249755859e-01
6.600660681724548340e-01,-6.225162744522094727e-01,4.204591512680053711e-01
1.738369278609752655e-02,7.130817174911499023e-01,7.008652091026306152e-01
7.152415513992309570e-01,-5.167915821075439453e-01,4.704848229885101318e-01
-8.179100155830383301e-01,1.762673854827880859e-01,5.476796627044677734e-01
-3.888437151908874512e-02,-9.620510339736938477e-01,-2.700850963592529297e-01
6.959689855575561523e-01,-1.493300199508666992e-01,7.023729681968688965e-01
-5.018558502197265625e-01,-4.479817748069763184e-01,7.399006485939025879e-01
-4.447418451309204102e-01,1.066338866949081421e-01,8.892885446548461914e-01
7.487744688987731934e-01,-6.169003248214721680e-01,-2.424280196428298950e-01
5.185307264328002930e-01,-4.145650863647460938e-01,-7.478380203247070312e-01
3.988727629184722900e-01,-3.365036249160766602e-01,8.530331850051879883e-01
2.127354145050048828e-01,6.513224542140960693e-02,9.749366641044616699e-01
-4.692518413066864014e-01,-3.474536836147308350e-01,8.118367195129394531e-01
2.990230917930603027e-01,-3.798151910305023193e-01,8.754001855850219727e-01
-2.341690659523010254e-01,-7.344354987144470215e-01,6.370002627372741699e-01
7.613069415092468262e-01,-6.451400518417358398e-01,6.485417485237121582e-02
-1.815330386161804199e-01,3.080402016639709473e-01,9.338935017585754395e-01
-1.473909169435501099e-01,-4.709942340850830078e-01,8.697356581687927246e-01
6.494613885879516602e-01,-7.533351778984069824e-01,1.033736616373062134e-01
1.632483899593353271e-01,9.804065227508544922e-01,-1.102432385087013245e-01
3.669158369302749634e-02,-5.227459669113159180e-01,8.516984581947326660e-01
5.704370513558387756e-02,-9.955097436904907227e-01,7.554354518651962280e-02
7.953415811061859131e-02,8.633970022201538086e-01,4.982170462608337402e-01
7.934360504150390625e-01,5.825740098953247070e-01,-1.762585192918777466e-01
-9.104932546615600586e-01,4.912330955266952515e-02,4.105956852436065674e-01
1.766672581434249878e-01,-9.407998323440551758e-01,2.892833948135375977e-01
8.544410467147827148e-01,1.836427152156829834e-01,4.860100448131561279e-01
7.080736756324768066e-01,3.200750052928924561e-02,7.054128646850585938e-01
9.945096373558044434e-01,-1.267642434686422348e-02,1.038733348250389099e-01
-5.909132957458496094e-01,-1.227244660258293152e-01,7.973456382751464844e-01
-4.359423816204071045e-01,-4.284103810787200928e-01,7.914664745330810547e-01
8.258487582206726074e-01,4.970271587371826172e-01,2.663408815860748291e-01
-5.989766716957092285e-01,-3.579661846160888672e-01,7.163011431694030762e-01
-9.024823904037475586e-01,2.003063410520553589e-01,3.813175857067108154e-01
-5.322904586791992188e-01,5.209106951951980591e-02,8.449575901031494141e-01
2.202619016170501709e-01,5.357636213302612305e-01,8.151330947875976562e-01
-3.824723660945892334e-01,4.828648269176483154e-01,7.877540588378906250e-01
-4.749675393104553223e-01,-4.619279801845550537e-01,7.490181326866149902e-01
6.012095212936401367e-01,5.155650377273559570e-01,6.105244159698486328e-01
-9.450524300336837769e-02,-7.809035181999206543e-01,6.174615025520324707e-01
-6.711733341217041016e-02,-2.546350657939910889e-01,9.647051692008972168e-01
-4.338534176349639893e-01,-5.024737119674682617e-01,7.478579878807067871e-01
1.047970205545425415e-01,-7.789652347564697266e-01,6.182485222816467285e-01
2.974748313426971436e-01,-2.659420967102050781e-01,9.169425368309020996e-01
-8.540807962417602539e-01,1.080611944198608398e-01,5.087915062904357910e-01
9.764283299446105957e-01,-2.158334255218505859e-01,1.864472404122352600e-03
-2.172919809818267822e-01,8.489737510681152344e-01,4.816929996013641357e-01
6.074112281203269958e-02,-8.625954985618591309e-01,5.022349357604980469e-01
5.085092186927795410e-01,-2.665086388587951660e-01,8.187747597694396973e-01
-6.423466205596923828e-01,-6.575918197631835938e-01,3.936544358730316162e-01
5.106472969055175781e-01,7.245790958404541016e-01,4.628443121910095215e-01
-9.613463282585144043e-01,8.990215510129928589e-02,2.602515220642089844e-01
6.798058748245239258e-01,2.377200638875365257e-03,7.333880066871643066e-01
5.908529162406921387e-01,-3.113699555397033691e-01,7.442724704742431641e-01
-2.311144210398197174e-02,-7.645381689071655273e-01,6.441641449928283691e-01
2.144942432641983032e-01,8.804880976676940918e-01,4.227684140205383301e-01
1.225215941667556763e-01,-9.908306002616882324e-01,-5.695131048560142517e-02
3.325494527816772461e-01,-4.323980510234832764e-01,8.381184339523315430e-01
-9.472123980522155762e-01,2.488589286804199219e-01,2.021335959434509277e-01
-5.323618650436401367e-01,-2.641468867659568787e-02,8.461045622825622559e-01
-2.525398135185241699e-02,9.517933726310729980e-01,3.056988716125488281e-01
-5.884572267532348633e-01,-6.078389883041381836e-01,5.331511497497558594e-01
1.621130406856536865e-01,-1.746085584163665771e-01,9.712009429931640625e-01
8.714306354522705078e-01,-1.009995564818382263e-01,4.800076186656951904e-01
-6.563790440559387207e-01,-4.842057824134826660e-01,5.785423517227172852e-01
8.834054470062255859e-01,5.788796395063400269e-02,4.650202691555023193e-01
9.775708913803100586e-01,1.135952584445476532e-02,2.103009521961212158e-01
2.988671064376831055e-01,-3.297439813613891602e-01,-8.955150842666625977e-01
-9.929586052894592285e-01,-7.219508290290832520e-02,-9.392028301954269409e-02
6.618806123733520508e-01,7.747696340084075928e-02,7.455947399139404297e-01
3.663881123065948486e-02,5.493181943893432617e-01,8.348098397254943848e-01
-8.074152469635009766e-01,-5.709925889968872070e-01,1.484859287738800049e-01
6.311061978340148926e-01,-5.342101454734802246e-01,5.624274015426635742e-01
-9.709957838058471680e-01,2.375661581754684448e-01,2.700637280941009521e-02
2.948015034198760986e-01,1.959112137556076050e-01,9.352598786354064941e-01
4.413902759552001953e-01,1.466752141714096069e-01,8.852462768554687500e-01
-5.416069626808166504e-01,5.117076635360717773e-01,6.669459939002990723e-01
-6.139141321182250977e-01,1.230594366788864136e-01,-7.797216773033142090e-01
1.412782911211252213e-02,3.499239087104797363e-01,9.366716146469116211e-01
6.756168603897094727e-01,-7.304810881614685059e-01,9.969688951969146729e-02
-8.638782054185867310e-02,4.932210445404052734e-01,8.656041026115417480e-01
5.438446998596191406e-03,-8.535660505294799805e-01,5.209564566612243652e-01
-5.601662397384643555e-01,5.658639669418334961e-01,6.049892902374267578e-01
-9.189720153808593750e-01,-1.472312659025192261e-01,3.658054172992706299e-01
-3.064867854118347168e-01,-7.639313936233520508e-01,5.678684711456298828e-01
4.377424120903015137e-01,3.891199827194213867e-01,8.105353713035583496e-01
8.911370635032653809e-01,-4.088760316371917725e-01,1.967108398675918579e-01
-9.322117567062377930e-01,6.383188068866729736e-02,3.562395572662353516e-01
9.313430786132812500e-01,2.890648245811462402e-01,-2.214535921812057495e-01
3.918705582618713379e-01,5.092618465423583984e-01,7.662180066108703613e-01
-5.220013260841369629e-01,5.333659052848815918e-01,6.656090021133422852e-01
2.620423436164855957e-01,-5.602326393127441406e-01,7.857948541641235352e-01
-1.623273491859436035e-01,-6.942698359489440918e-01,7.011702060699462891e-01
2.973083555698394775e-01,-6.753147840499877930e-01,6.749504208564758301e-01
-1.902184188365936279e-01,-7.167805433273315430e-01,6.708523035049438477e-01
-1.731476187705993652e-01,-4.729281067848205566e-01,8.639205694198608398e-01
7.453570961952209473e-01,-5.720542669296264648e-01,3.423402011394500732e-01
6.417227983474731445e-01,4.365819692611694336e-01,6.305459737777709961e-01
-9.738520383834838867e-01,-6.453716009855270386e-02,-2.178234755992889404e-01
1.557022184133529663e-01,1.414198279380798340e-01,9.776284694671630859e-01
-7.716076970100402832e-01,1.287678331136703491e-01,6.229287981986999512e-01
7.644026279449462891e-01,-2.182528376579284668e-02,6.443695425987243652e-01
-5.318660140037536621e-01,-3.216179311275482178e-01,7.833776473999023438e-01
8.120521306991577148e-01,4.824116826057434082e-01,3.284059762954711914e-01
6.214062571525573730e-01,-4.666284918785095215e-01,6.293748617172241211e-01
-6.196616291999816895e-01,-6.414233446121215820e-01,4.523223340511322021e-01
3.678221106529235840e-01,5.070005655288696289e-01,7.795239090919494629e-01
-5.721904039382934570e-01,-1.168332397937774658e-01,8.117562532424926758e-01
-9.729715585708618164e-01,2.108302563428878784e-01,9.422043710947036743e-02
-4.983196780085563660e-02,-3.011853396892547607e-01,9.522627592086791992e-01
-3.012158572673797607e-01,-9.135875701904296875e-01,2.731791436672210693e-01
-3.895434439182281494e-01,-8.694743514060974121e-01,3.037613630294799805e-01
-8.047616481781005859e-02,-9.197106361389160156e-01,3.842604756355285645e-01
5.801763534545898438e-01,3.621828556060791016e-01,7.295330762863159180e-01
9.936214983463287354e-02,-2.925394177436828613e-01,9.510772228240966797e-01
7.305889725685119629e-01,-5.920493602752685547e-01,3.401733934879302979e-01
-5.548195838928222656e-01,-8.062766790390014648e-01,-2.051672637462615967e-01
-7.690475583076477051e-01,-4.892362058162689209e-01,4.113557636737823486e-01
-4.149621725082397461e-01,-5.364243388175964355e-01,7.348846197128295898e-01
7.059127092361450195e-02,3.206028789281845093e-02,9.969897866249084473e-01
5.738868713378906250e-01,-8.042728900909423828e-01,1.542707681655883789e-01
2.976050078868865967e-01,5.438995361328125000e-01,7.846046686172485352e-01
-4.185051023960113525e-01,8.582299947738647461e-01,2.971449196338653564e-01
1.417476534843444824e-01,-5.026074647903442383e-01,8.528149127960205078e-01
-7.914450764656066895e-01,5.928272008895874023e-01,-1.488993316888809204e-01
9.483162760734558105e-01,3.166610896587371826e-01,-2.053404040634632111e-02
9.095701575279235840e-01,-3.368410468101501465e-01,2.433520555496215820e-01
4.341079294681549072e-01,6.715534925460815430e-01,6.004717350006103516e-01
9.389626979827880859e-01,-3.111179471015930176e-01,1.468162983655929565e-01
6.388381123542785645e-02,-4.870716035366058350e-01,8.710224032402038574e-01
4.929110407829284668e-01,-4.372509419918060303e-01,7.522304654121398926e-01
1.816950440406799316e-01,9.044469594955444336e-01,3.859570622444152832e-01
8.999016880989074707e-01,-4.284254908561706543e-01,8.141516894102096558e-02
1.595612913370132446e-01,4.568530917167663574e-01,8.751145005226135254e-01
8.203589320182800293e-01,-4.786816835403442383e-01,3.128501772880554199e-01
-9.908243417739868164e-01,-1.302869915962219238e-01,3.595429658889770508e-02
-2.075165063142776489e-01,-9.218068122863769531e-01,3.274288773536682129e-01
-7.912491559982299805e-01,-6.090762615203857422e-01,5.432328581809997559e-02
7.414160966873168945e-01,5.836704969406127930e-01,3.311057090759277344e-01
-2.743981480598449707e-01,8.528553843498229980e-01,4.442336261272430420e-01
-2.818754911422729492e-01,3.393265604972839355e-01,8.974428176879882812e-01
-5.120805501937866211e-01,-4.691231250762939453e-01,7.195117473602294922e-01
-7.484450340270996094e-01,-5.248556137084960938e-01,4.054096937179565430e-01
7.010006904602050781e-01,-3.978826701641082764e-01,5.918507575988769531e-01
4.268325865268707275e-01,-8.513836860656738281e-01,3.048930764198303223e-01
6.872837543487548828e-01,-5.683113932609558105e-01,4.523971974849700928e-01
8.804856538772583008e-01,2.404024302959442139e-01,4.085973203182220459e-01
6.951047182083129883e-01,-2.807926535606384277e-01,6.618041992187500000e-01
-6.278429031372070312e-01,-4.902946650981903076e-01,6.045035123825073242e-01
-8.336131572723388672e-01,-9.538932889699935913e-02,5.440496206283569336e-01
-8.254835605621337891e-01,5.253681540489196777e-01,2.063134163618087769e-01
-4.059741795063018799e-01,-9.136564135551452637e-01,-2.042827568948268890e-02
-8.637422919273376465e-01,-7.444339990615844727e-02,4.984050691127777100e-01
-9.576170444488525391e-01,-2.401947043836116791e-02,2.870407402515411377e-01
-8.206690549850463867e-01,2.299136482179164886e-02,5.709411501884460449e-01
-5.022550821304321289e-01,-1.586950719356536865e-01,8.500328063964843750e-01
4.877083301544189453e-01,-3.600768446922302246e-01,7.952895164489746094e-01
-4.645783901214599609e-01,2.593311965465545654e-01,8.467078804969787598e-01
-7.512333244085311890e-02,9.842535257339477539e-01,1.600059121847152710e-01
5.824208259582519531e-01,-6.090103983879089355e-01,5.384166240692138672e-01
-6.449433565139770508e-01,4.557443559169769287e-01,6.134699583053588867e-01
9.181169271469116211e-01,5.250778421759605408e-02,3.928158283233642578e-01
-2.284845262765884399e-01,7.135314345359802246e-01,6.623201370239257812e-01
9.727675318717956543e-01,-2.130677998065948486e-01,-9.124667197465896606e-02
-7.318888306617736816e-01,-2.042634934186935425e-01,6.500884294509887695e-01
4.384883642196655273e-01,1.874530762434005737e-01,8.789706230163574219e-01
-8.387075066566467285e-01,1.039862185716629028e-01,5.345622301101684570e-01
-6.166563034057617188e-01,7.500189542770385742e-01,2.391789704561233521e-01
5.472847726196050644e-03,-4.623302817344665527e-01,8.866910934448242188e-01
1.890638470649719238e-01,3.704651296138763428e-01,9.094012975692749023e-01
-7.529055476188659668e-01,-6.412262320518493652e-01,1.481966823339462280e-01
3.575427830219268799e-01,-9.328941106796264648e-01,4.326308891177177429e-02
4.501706659793853760e-01,2.402053773403167725e-01,8.600277304649353027e-01
7.310785651206970215e-01,9.655959904193878174e-02,6.754263043403625488e-01
-1.535010337829589844e-01,7.543565630912780762e-01,6.382662653923034668e-01
3.682814240455627441e-01,-1.549748033285140991e-01,9.167070388793945312e-01
-5.763307213783264160e-01,-3.914387822151184082e-01,7.173690795898437500e-01
9.727014303207397461e-01,-4.931981489062309265e-02,2.267589122056961060e-01
-8.475878238677978516e-01,5.229347944259643555e-01,9.019064158201217651e-02
4.342404007911682129e-01,3.191970586776733398e-01,8.423471450805664062e-01
-8.497545719146728516e-01,-3.217982500791549683e-02,5.261955261230468750e-01
-9.936837553977966309e-01,1.120583936572074890e-01,-5.952876992523670197e-03
-1.956060826778411865e-01,-2.998468875885009766e-01,9.337185025215148926e-01
4.219620525836944580e-01,-8.505613207817077637e-01,-3.138365745544433594e-01
-3.608558177947998047e-01,1.588285714387893677e-02,9.324862957000732422e-01
-4.618829861283302307e-02,-6.543461084365844727e-01,7.547834515571594238e-01
6.658267378807067871e-01,-7.401160001754760742e-01,9.435712546110153198e-02
-9.026275873184204102e-01,-3.538454473018646240e-01,-2.450652420520782471e-01
8.714228272438049316e-01,-4.787890315055847168e-01,1.066944748163223267e-01
-3.476006686687469482e-01,-7.320202589035034180e-01,-5.859356522560119629e-01
4.123502671718597412e-01,-2.789695858955383301e-01,8.672620058059692383e-01
7.180723547935485840e-01,-2.729277312755584717e-01,6.402207612991333008e-01
3.752739429473876953e-01,2.920582294464111328e-01,8.796995878219604492e-01
3.348313644528388977e-02,3.116049170494079590e-01,9.496215581893920898e-01
9.960935115814208984e-01,-5.154521390795707703e-02,7.169884443283081055e-02
-7.388143986463546753e-02,-4.782775640487670898e-01,8.750956654548645020e-01
7.820912599563598633e-01,2.254757136106491089e-01,-5.809422731399536133e-01
-5.244326591491699219e-01,2.705684900283813477e-01,8.073185086250305176e-01
-9.650316834449768066e-01,-1.768990755081176758e-01,-1.934438198804855347e-01
7.844172418117523193e-02,9.960359334945678711e-01,-4.194972664117813110e-02
7.711614370346069336e-01,6.046748161315917969e-01,1.991949826478958130e-01
-9.627659916877746582e-01,-2.499928921461105347e-01,1.028845012187957764e-01
7.203004360198974609e-01,-3.167486190795898438e-01,6.171205043792724609e-01
8.604097366333007812e-01,5.062621831893920898e-01,-5.825597420334815979e-02
4.960708320140838623e-01,-8.652536273002624512e-01,-7.245875149965286255e-02
-7.905557751655578613e-01,-2.462525069713592529e-01,5.606973171234130859e-01
-5.989711880683898926e-01,1.357580125331878662e-01,7.891788482666015625e-01
-3.091896772384643555e-01,8.902499079704284668e-01,3.344501554965972900e-01
-9.134179949760437012e-01,-4.015177488327026367e-01,-6.671721488237380981e-02
4.177251756191253662e-01,8.754996061325073242e-01,2.429123669862747192e-01
-8.096060156822204590e-01,3.491540849208831787e-01,-4.718365967273712158e-01
6.009718179702758789e-01,-7.415265440940856934e-01,2.982803583145141602e-01
-2.262407988309860229e-01,-8.542674779891967773e-01,4.680196940898895264e-01
2.669745087623596191e-01,5.524402856826782227e-01,7.896420359611511230e-01
-5.693258047103881836e-01,7.446526885032653809e-01,3.483686447143554688e-01
8.231889605522155762e-01,-5.399118661880493164e-01,1.756568998098373413e-01
5.822998285293579102e-01,-6.973862051963806152e-01,4.178274571895599365e-01
6.242538690567016602e-01,-3.013247251510620117e-01,7.207706570625305176e-01
8.065279722213745117e-01,-6.209512054920196533e-02,5.879257917404174805e-01
3.277554642409086227e-03,7.938698530197143555e-01,6.080788969993591309e-01
6.684433221817016602e-01,-1.081535033881664276e-02,7.436848878860473633e-01
-3.205143511295318604e-01,-2.130402624607086182e-01,9.229757189750671387e-01
-2.883845567703247070e-02,9.338779449462890625e-01,3.564273416996002197e-01
3.838959932327270508e-01,7.791469097137451172e-01,4.955343902111053467e-01
7.339627742767333984e-01,1.642839312553405762e-01,6.590217351913452148e-01
-7.150473594665527344e-01,3.922388255596160889e-01,5.786674022674560547e-01
-9.374741315841674805e-01,-2.387821376323699951e-01,2.532302737236022949e-01
6.067566871643066406e-01,-7.945566177368164062e-01,2.293790690600872040e-02
-4.033009409904479980e-01,5.854882001876831055e-01,7.032439112663269043e-01
-2.218323051929473877e-01,-7.888935804367065430e-01,5.730946063995361328e-01
5.935865640640258789e-01,-6.848465204238891602e-01,4.226588606834411621e-01
-9.375820755958557129e-01,-3.272935152053833008e-01,1.175540685653686523e-01
7.244408875703811646e-02,5.236387252807617188e-01,8.488547801971435547e-01
5.191767811775207520e-01,-1.063129492104053497e-02,8.546006679534912109e-01
-5.347080230712890625e-01,2.833252549171447754e-01,7.961243391036987305e-01
-3.694129288196563721e-01,6.386896371841430664e-01,6.749884486198425293e-01
5.426216721534729004e-01,-2.271897494792938232e-01,8.086694478988647461e-01
5.062310695648193359e-01,8.339208364486694336e-01,2.197873145341873169e-01
-4.121941626071929932e-01,-5.057866498827934265e-02,9.096910953521728516e-01
-4.637354910373687744e-01,-1.592684686183929443e-01,8.715405464172363281e-01
-3.621192276477813721e-01,-4.553744196891784668e-01,8.133288025856018066e-01
-3.027716577053070068e-01,-6.320165395736694336e-01,7.133613824844360352e-01
9.313722848892211914e-01,-1.630367338657379150e-01,3.255221545696258545e-01
5.960001945495605469e-01,-7.459456920623779297e-01,2.972351312637329102e-01
4.043551087379455566e-01,7.708019614219665527e-01,-4.923019707202911377e-01
4.715718924999237061e-01,-2.815935015678405762e-01,8.356584310531616211e-01
-1.248080357909202576e-01,8.589566946029663086e-01,4.966049790382385254e-01
2.687760889530181885e-01,-6.832509040832519531e-01,6.789164543151855469e-01
8.582162857055664062e-01,-2.970612943172454834e-01,4.185920059680938721e-01
6.579937338829040527e-01,4.562332034111022949e-01,5.990788936614990234e-01
1.061920374631881714e-01,6.422247886657714844e-01,7.591247558593750000e-01
-9.939556568861007690e-02,-6.977778673171997070e-01,7.093847393989562988e-01
9.890513420104980469e-01,-4.792543500661849976e-02,1.395716518163681030e-01
-1.732200086116790771e-01,2.345814555883407593e-02,9.846040606498718262e-01
2.662858366966247559e-01,-9.516560435295104980e-01,1.531102210283279419e-01
-6.340339183807373047e-01,-8.128240006044507027e-04,7.733051180839538574e-01
9.387187957763671875e-01,1.318257451057434082e-01,3.184793591499328613e-01
8.005043268203735352e-01,5.295416116714477539e-01,-2.806750237941741943e-01
-8.200471103191375732e-02,-4.112309813499450684e-01,9.078350663185119629e-01
7.759591937065124512e-01,5.530320405960083008e-01,3.033854067325592041e-01
5.634858012199401855e-01,8.047651052474975586e-01,1.866473406553268433e-01
9.875583052635192871e-01,1.047517061233520508e-01,-1.172845512628555298e-01
5.677250027656555176e-01,4.896832704544067383e-01,6.617392301559448242e-01
8.741173148155212402e-01,3.859291970729827881e-01,-2.949195504188537598e-01
8.221197128295898438e-01,2.000639736652374268e-01,5.330045819282531738e-01
9.693963527679443359e-01,2.356300204992294312e-01,6.891468912363052368e-02
-1.923042833805084229e-01,4.338325858116149902e-01,8.802320361137390137e-01
-5.927320122718811035e-01,-7.772840857505798340e-01,2.109468877315521240e-01
-6.042659282684326172e-01,-7.611732929944992065e-02,7.931387424468994141e-01
2.097696214914321899e-01,-8.728126287460327148e-01,4.406758546829223633e-01
5.854488611221313477e-01,-6.729304194450378418e-01,4.521219432353973389e-01
-2.102808654308319092e-01,4.050708413124084473e-01,8.897749781608581543e-01
1.916076615452766418e-02,-9.980571269989013672e-01,5.928892269730567932e-02
5.560129880905151367e-01,-7.953302860260009766e-01,2.414525151252746582e-01
-5.681806802749633789e-01,-7.132593393325805664e-01,4.104047715663909912e-01
6.868914365768432617e-01,-1.361794471740722656e-01,7.138875722885131836e-01
-4.903883934020996094e-01,-2.284818515181541443e-02,8.712042570114135742e-01
8.697884082794189453e-01,-4.034516215324401855e-01,2.840689122676849365e-01
-8.619633913040161133e-01,-2.994084060192108154e-01,4.091135859489440918e-01
6.169911026954650879e-01,4.788255095481872559e-01,6.245381236076354980e-01
8.999978899955749512e-01,-3.477404266595840454e-02,4.345051646232604980e-01
3.353758156299591064e-01,-6.688086390495300293e-01,6.634894609451293945e-01
2.717801928520202637e-01,9.023089408874511719e-01,3.346253037452697754e-01
8.996151089668273926e-01,-4.374195262789726257e-02,4.344878792762756348e-01
-9.568061232566833496e-01,-1.009648479521274567e-02,2.905514836311340332e-01
-1.292940080165863037e-01,-6.096934676170349121e-01,7.820210456848144531e-01
5.087776780128479004e-01,-7.442573308944702148e-01,4.326969087123870850e-01
-9.561732411384582520e-01,1.697895824909210205e-01,2.385468333959579468e-01
3.267897069454193115e-01,4.932621419429779053e-01,8.061645627021789551e-01
4.296208322048187256e-01,3.161083459854125977e-01,8.458730578422546387e-01
2.638088464736938477e-01,-4.335158318281173706e-02,9.636004567146301270e-01
-9.075297117233276367e-01,-3.831532895565032959e-01,1.719996035099029541e-01
-2.307483926415443420e-02,2.657762169837951660e-01,9.637585282325744629e-01
6.167464256286621094e-01,7.581388354301452637e-01,2.117772996425628662e-01
-8.450061082839965820e-01,-5.340974330902099609e-01,2.654522657394409180e-02
3.835529983043670654e-01,2.674185633659362793e-01,8.839539289474487305e-01
-6.383188366889953613e-01,-6.822383403778076172e-02,7.667430043220520020e-01
-9.998618364334106445e-01,-1.547472365200519562e-02,6.071397103369235992e-03
-4.356056153774261475e-01,-4.663729071617126465e-01,7.698984742164611816e-01
-5.225870013236999512e-01,-3.704554960131645203e-02,8.517810106277465820e-01
-8.146772384643554688e-01,3.672970235347747803e-01,4.487693905830383301e-01
-9.794162958860397339e-02,7.456611394882202148e-01,6.590877175331115723e-01
-4.708587229251861572e-01,-7.602093219757080078e-01,4.476314783096313477e-01
-5.950827002525329590e-01,7.606257796287536621e-01,-2.594710290431976318e-01
2.057167738676071167e-01,-8.667981624603271484e-01,4.542487859725952148e-01
3.618959784507751465e-01,-5.920259356498718262e-01,7.200949788093566895e-01
-3.392263650894165039e-01,-7.635508775711059570e-01,5.494683384895324707e-01
8.372806906700134277e-01,-4.806009531021118164e-01,-2.607367634773254395e-01
3.654592931270599365e-01,-1.009181663393974304e-01,9.253404140472412109e-01
2.841225862503051758e-01,3.927094489336013794e-02,9.579834342002868652e-01
-9.275516122579574585e-02,8.988755941390991211e-01,4.282749891281127930e-01
8.213314414024353027e-01,5.041822195053100586e-01,2.668615877628326416e-01
-4.529388844966888428e-01,6.465162038803100586e-01,6.138918995857238770e-01
4.319329559803009033e-01,1.451253294944763184e-01,8.901534080505371094e-01
-7.704322934150695801e-01,1.201741695404052734e-01,6.260927915573120117e-01
-7.380283623933792114e-02,-4.072622209787368774e-02,9.964408874511718750e-01
8.783093839883804321e-02,-6.950196623802185059e-01,7.136060595512390137e-01
1.219426617026329041e-01,-8.743165731430053711e-01,4.697884917259216309e-01
6.517906785011291504e-01,-7.582380175590515137e-01,1.563211530447006226e-02
-7.931813597679138184e-01,5.993098616600036621e-01,-1.081257015466690063e-01
-5.184148550033569336e-01,4.209921956062316895e-01,7.443196773529052734e-01
7.607344388961791992e-01,-4.916013479232788086e-01,4.238062500953674316e-01
-5.904356241226196289e-01,7.596325874328613281e-01,2.726618349552154541e-01
5.185538530349731445e-01,8.542412519454956055e-01,-3.706708922982215881e-02
3.569346666336059570e-01,-8.916952013969421387e-01,2.783473432064056396e-01
-7.243841290473937988e-01,6.868707537651062012e-01,5.896035209298133850e-02
9.686493873596191406e-01,2.484242171049118042e-01,-2.028588904067873955e-03
8.364970684051513672e-01,-1.584471762180328369e-01,5.245636701583862305e-01
-9.434711933135986328e-01,3.270889520645141602e-01,-5.361677333712577820e-02
-1.726772934198379517e-01,8.231679201126098633e-01,5.409040451049804688e-01
-6.094872951507568359e-01,1.073992475867271423e-01,7.854875326156616211e-01
-3.300446569919586182e-01,6.986571550369262695e-01,6.347823739051818848e-01
6.215823888778686523e-01,-3.649978041648864746e-01,6.931174993515014648e-01
5.445665121078491211e-02,-6.684085130691528320e-01,7.417982816696166992e-01
3.259344398975372314e-01,-7.422012090682983398e-01,5.855801701545715332e-01
-5.690141916275024414e-01,-2.071977555751800537e-01,7.957962155342102051e-01
-5.671390295028686523e-01,-5.259554386138916016e-01,6.338169574737548828e-01
3.764644861221313477e-01,-3.552461266517639160e-01,8.556136488914489746e-01
-2.814559042453765869e-01,-3.308749794960021973e-01,9.007243514060974121e-01
-9.952960014343261719e-01,8.282881975173950195e-02,-5.025486648082733154e-02
9.443410038948059082e-01,-1.883427202701568604e-01,-2.697161138057708740e-01
-4.805151820182800293e-01,-1.328526716679334641e-02,8.768858313560485840e-01
-7.321089506149291992e-01,-6.790782809257507324e-01,5.356415733695030212e-02
-6.427800655364990234e-01,-5.298044905066490173e-02,7.642166614532470703e-01
-7.469491362571716309e-01,3.286783099174499512e-01,-5.779597163200378418e-01
7.195073962211608887e-01,2.601959928870201111e-02,-6.939971446990966797e-01
-2.002806812524795532e-01,-8.140615820884704590e-01,5.451528429985046387e-01
5.491064190864562988e-01,-2.885088324546813965e-01,7.843751907348632812e-01
8.471497297286987305e-01,4.160095155239105225e-01,3.305663168430328369e-01
-9.988415837287902832e-01,4.784647747874259949e-02,-5.099947098642587662e-03
-2.145568430423736572e-01,-7.307341098785400391e-01,6.480687260627746582e-01
-4.538152515888214111e-01,1.865270733833312988e-01,8.713548183441162109e-01
-9.718148708343505859e-01,7.892264425754547119e-02,2.221420258283615112e-01
-9.570892453193664551e-01,-1.561104059219360352e-01,-2.441513240337371826e-01
-3.219509124755859375e-01,-5.985461473464965820e-01,7.335463166236877441e-01
-5.692257285118103027e-01,-3.692159056663513184e-01,7.346166968345642090e-01
3.398146927356719971e-01,-9.297780394554138184e-01,-1.415592581033706665e-01
-8.822910189628601074e-01,-4.307250976562500000e-01,1.898377537727355957e-01
2.193376868963241577e-01,-7.370111346244812012e-01,6.393011212348937988e-01
5.979655981063842773e-01,7.885891199111938477e-01,1.434028893709182739e-01
-2.666783146560192108e-02,-9.533295631408691406e-01,3.007517457008361816e-01
5.724928379058837891e-01,-4.674521386623382568e-01,6.736029386520385742e-01
2.605728209018707275e-01,-5.635578036308288574e-01,7.839034199714660645e-01
-3.757486939430236816e-01,-9.176557064056396484e-01,1.293104439973831177e-01
-4.333035945892333984e-01,-1.817951500415802002e-01,8.827221989631652832e-01
-1.563672274351119995e-01,-9.085442125797271729e-02,9.835112690925598145e-01
3.086675703525543213e-01,4.861179292201995850e-01,8.175657391548156738e-01
-4.186974763870239258e-01,-3.453449606895446777e-01,8.398985862731933594e-01
4.566539227962493896e-01,-5.913500785827636719e-01,6.646597385406494141e-01
4.691426455974578857e-01,7.369555234909057617e-01,4.866232275962829590e-01
-5.678619146347045898e-01,4.184975028038024902e-01,7.087967395782470703e-01
-3.422006070613861084e-01,8.724161982536315918e-01,-3.489822447299957275e-01
1.405343711376190186e-01,5.900510549545288086e-01,7.950406670570373535e-01
-3.282892405986785889e-01,9.162840843200683594e-01,2.294558286666870117e-01
5.917903780937194824e-01,2.041045874357223511e-01,7.798240184783935547e-01
-2.331885546445846558e-01,-4.929098486900329590e-01,8.382502794265747070e-01
5.711204409599304199e-01,3.294520080089569092e-01,7.518531680107116699e-01
-5.567100048065185547e-01,8.034684062004089355e-01,2.109804004430770874e-01
-6.160977482795715332e-01,7.178856134414672852e-01,3.241354525089263916e-01
7.967403531074523926e-01,5.448981523513793945e-01,2.613255381584167480e-01
-8.974310755729675293e-01,3.449158072471618652e-01,2.750465869903564453e-01
-6.765190362930297852e-01,5.128359794616699219e-01,5.285086035728454590e-01
-5.003376603126525879e-01,8.592800498008728027e-01,1.063021644949913025e-01
4.555057361721992493e-02,-1.813121289014816284e-01,9.823700785636901855e-01
4.741731286048889160e-01,-6.811756491661071777e-01,5.578168630599975586e-01
-6.716911792755126953e-01,7.752482593059539795e-02,7.367637753486633301e-01
4.745414257049560547e-01,8.710179328918457031e-01,1.270370781421661377e-01
-1.663260906934738159e-01,8.995186686515808105e-01,4.039826989173889160e-01
3.367407023906707764e-01,7.982137203216552734e-01,4.994602203369140625e-01
-4.881213009357452393e-01,-4.373373389244079590e-01,7.552971839904785156e-01
9.459876418113708496e-01,2.154230475425720215e-01,-2.422818392515182495e-01
9.919300675392150879e-01,8.508315309882164001e-03,1.265000700950622559e-01
-7.665814459323883057e-02,-9.119469523429870605e-01,4.030835032463073730e-01
5.862287282943725586e-01,-7.896536588668823242e-01,1.810608953237533569e-01
-7.557420134544372559e-01,-4.093560203909873962e-02,6.535884737968444824e-01
2.298943400382995605e-01,-1.729412078857421875e-01,9.577265381813049316e-01
8.994202017784118652e-01,9.341522306203842163e-02,4.269861876964569092e-01
-2.737172842025756836e-01,5.794640779495239258e-01,7.676590085029602051e-01
7.201917767524719238e-01,6.587340235710144043e-01,2.177009433507919312e-01
9.875512123107910156e-01,9.965859353542327881e-02,-1.217013001441955566e-01
5.247730016708374023e-01,-6.098836660385131836e-01,5.938477516174316406e-01
1.507785618305206299e-01,-9.012254476547241211e-01,-4.062740802764892578e-01
2.307581007480621338e-01,7.817331552505493164e-01,5.793479084968566895e-01
3.615078032016754150e-01,-1.783223003149032593e-01,9.151574373245239258e-01
-5.554287433624267578e-01,-1.589904129505157471e-01,8.162236809730529785e-01
4.213857650756835938e-01,9.068607091903686523e-01,-6.156449671834707260e-03
2.354924827814102173e-01,8.782762289047241211e-01,-4.161424636840820312e-01
-2.019303143024444580e-01,-8.825385570526123047e-01,4.246762394905090332e-01
-8.437079787254333496e-01,-5.181976556777954102e-01,1.401009261608123779e-01
-4.915636181831359863e-01,6.675486564636230469e-01,5.592354536056518555e-01
-9.830883145332336426e-01,-1.830951422452926636e-01,-3.688009688630700111e-03
1.127897948026657104e-01,3.892083764076232910e-01,9.142185449600219727e-01
-4.968491494655609131e-01,4.510374665260314941e-01,7.414215803146362305e-01
6.968814134597778320e-01,-2.194837033748626709e-01,6.827761530876159668e-01
-6.575335860252380371e-01,3.083906173706054688e-01,6.874188780784606934e-01
-3.897387087345123291e-01,2.614987492561340332e-01,8.830186724662780762e-01
-3.168718516826629639e-01,2.087007164955139160e-01,9.252224564552307129e-01
-8.749570697546005249e-02,-2.370180934667587280e-01,9.675571918487548828e-01
6.601551771163940430e-01,6.066466569900512695e-01,-4.429166316986083984e-01
-2.431320250034332275e-01,-6.708809733390808105e-01,7.005751132965087891e-01
1.497753113508224487e-01,-6.544574499130249023e-01,7.411158680915832520e-01
-1.291075050830841064e-01,7.803294062614440918e-01,6.118968725204467773e-01
-8.233421444892883301e-01,4.283552169799804688e-01,3.723165988922119141e-01
9.060196280479431152e-01,-4.162933826446533203e-01,7.634278386831283569e-02
-7.439388036727905273e-01,-2.205489277839660645e-01,6.308040618896484375e-01
6.873536109924316406e-01,3.646024167537689209e-01,6.281802058219909668e-01
4.269403219223022461e-01,5.157181620597839355e-01,7.428032755851745605e-01
-7.195973992347717285e-01,-2.189583629369735718e-01,6.589665412902832031e-01
8.702774047851562500e-01,-2.447860836982727051e-01,4.274306893348693848e-01
-3.977989852428436279e-01,6.760193705558776855e-01,-6.202858686447143555e-01
-2.744907736778259277e-01,-6.590468287467956543e-01,7.002229094505310059e-01
5.011032819747924805e-01,1.766870468854904175e-01,8.471583724021911621e-01
7.663310766220092773e-01,-4.585234448313713074e-02,6.408075690269470215e-01
5.029525756835937500e-01,2.170368731021881104e-01,8.366203904151916504e-01
-8.119522333145141602e-01,5.400260686874389648e-01,2.215978652238845825e-01
9.645340591669082642e-02,-8.717443794012069702e-02,9.915127754211425781e-01
2.838869690895080566e-01,4.389523267745971680e-01,8.524838685989379883e-01
9.865202903747558594e-01,1.351860463619232178e-01,9.220826625823974609e-02
5.504601001739501953e-01,-4.854389131069183350e-01,6.792219877243041992e-01
4.063923358917236328e-01,8.140570521354675293e-01,4.149176478385925293e-01
9.715138077735900879e-01,1.697509735822677612e-01,1.653658151626586914e-01
4.350290000438690186e-01,8.572643995285034180e-01,2.754049897193908691e-01
-6.256719231605529785e-01,6.300188302993774414e-01,4.600119590759277344e-01
-5.640636682510375977e-01,-5.352689623832702637e-01,6.287439465522766113e-01
-5.420910716056823730e-01,-7.556797862052917480e-01,3.675396442413330078e-01
-9.000418186187744141e-01,-8.129623532295227051e-02,4.281539916992187500e-01
-9.661535620689392090e-01,2.335311770439147949e-01,1.095912829041481018e-01
-7.877836227416992188e-01,-3.269976973533630371e-01,5.219861268997192383e-01
-5.006453990936279297e-01,-7.179549932479858398e-01,4.836273193359375000e-01
-3.468087613582611084e-01,3.677159249782562256e-01,8.628489971160888672e-01
7.256532311439514160e-01,6.753560304641723633e-01,1.316114962100982666e-01
5.933561548590660095e-02,9.904868006706237793e-01,1.241602301597595215e-01
1.025135070085525513e-01,-6.950608491897583008e-01,7.116048932075500488e-01
-1.584084779024124146e-01,-4.732087552547454834e-01,8.665913939476013184e-01
-7.799694538116455078e-01,-5.201320648193359375e-01,3.480093479156494141e-01
-9.312173724174499512e-02,-5.054101943969726562e-01,8.578397035598754883e-01
-5.518884658813476562e-01,-2.319194525480270386e-01,8.010196089744567871e-01
5.686730742454528809e-01,7.432019114494323730e-01,3.525086045265197754e-01
9.131062030792236328e-01,-3.315955996513366699e-01,-2.372371554374694824e-01
-8.165078163146972656e-01,-2.750560641288757324e-01,5.076011419296264648e-01
7.042778730392456055e-01,8.871334046125411987e-02,-7.043597102165222168e-01
-9.377611279487609863e-01,6.032001599669456482e-02,3.420019447803497314e-01
-6.630150675773620605e-01,-1.505867838859558105e-01,-7.333040237426757812e-01
-9.098471999168395996e-01,2.994797229766845703e-01,2.872105538845062256e-01
-9.637704491615295410e-01,-2.663214802742004395e-01,-1.480618864297866821e-02
7.683857083320617676e-01,6.399371027946472168e-01,-8.018242195248603821e-03
7.157756090164184570e-01,6.326584815979003906e-01,2.956495881080627441e-01
5.646962523460388184e-01,2.806886434555053711e-01,7.761005759239196777e-01
-1.554444432258605957e-01,-4.856667518615722656e-01,8.602121472358703613e-01
9.605539441108703613e-01,-7.657289039343595505e-03,2.779888212680816650e-01
5.023856759071350098e-01,8.297296762466430664e-01,2.432236075401306152e-01
-7.596927881240844727e-01,5.472387671470642090e-01,3.512785136699676514e-01
-9.537865966558456421e-02,-8.478072881698608398e-01,5.216571688652038574e-01
2.670654654502868652e-01,-4.558624625205993652e-01,8.490380644798278809e-01
9.021390080451965332e-01,4.234354197978973389e-01,-8.275077491998672485e-02
8.741946816444396973e-01,-4.621922969818115234e-01,1.488682478666305542e-01
-1.933625340461730957e-01,-6.613271236419677734e-01,7.247462868690490723e-01
-6.621363759040832520e-01,-4.152304530143737793e-01,6.238263845443725586e-01
-4.124245941638946533e-01,7.585762739181518555e-01,5.044484734535217285e-01
9.246121644973754883e-01,3.308795094490051270e-01,1.887100338935852051e-01
-5.540117025375366211e-01,1.469214260578155518e-02,8.323792815208435059e-01
8.952988386154174805e-01,-3.955105543136596680e-01,2.049673944711685181e-01
-8.952091336250305176e-01,-7.689760625362396240e-02,4.389615952968597412e-01
-7.658151388168334961e-01,-2.343402504920959473e-01,5.988423228263854980e-01
3.165084421634674072e-01,-7.076916694641113281e-01,-6.316607594490051270e-01
9.066761136054992676e-01,1.885143220424652100e-01,3.773605227470397949e-01
5.552911162376403809e-01,-3.217653930187225342e-01,7.668889760971069336e-01
-6.386534571647644043e-01,1.761077046394348145e-01,7.490711808204650879e-01
-4.123446643352508545e-01,-4.969478771090507507e-02,9.096714258193969727e-01
5.927420035004615784e-02,7.854483127593994141e-01,6.160829663276672363e-01
4.707748293876647949e-01,6.780138611793518066e-02,8.796442747116088867e-01
-9.385320544242858887e-02,-1.193405315279960632e-01,9.884074926376342773e-01
-2.006902396678924561e-01,3.352682292461395264e-02,9.790808558464050293e-01
2.613819241523742676e-01,-9.084574580192565918e-01,3.261670470237731934e-01
-5.896601676940917969e-01,-5.819780230522155762e-01,5.600022077560424805e-01
7.869619727134704590e-01,-5.392760038375854492e-01,2.997872233390808105e-01
4.400027096271514893e-01,-1.088633462786674500e-01,8.913735747337341309e-01
-7.273054122924804688e-01,-4.508566260337829590e-01,5.174505114555358887e-01
-5.194747447967529297e-01,8.123673796653747559e-01,-2.649631500244140625e-01
-6.574598550796508789e-01,7.432450652122497559e-01,-1.238283440470695496e-01
-4.366856813430786133e-01,2.132956869900226593e-04,8.996142148971557617e-01
-4.419769048690795898e-01,8.407430648803710938e-01,-3.127428889274597168e-01
-5.992249846458435059e-01,-4.772436022758483887e-01,6.427816748619079590e-01
8.063778281211853027e-02,9.518038630485534668e-01,-2.959183156490325928e-01
5.927436947822570801e-01,-7.234694063663482666e-02,8.021352887153625488e-01
8.375433832406997681e-02,1.978732347488403320e-01,9.766428470611572266e-01
-4.231629967689514160e-01,-6.900605559349060059e-02,9.034219980239868164e-01
4.960851743817329407e-03,3.384693861007690430e-01,9.409645199775695801e-01
8.184864521026611328e-01,1.943515837192535400e-01,5.406547188758850098e-01
2.041670531034469604e-01,-5.832755565643310547e-01,7.861970663070678711e-01
2.318718731403350830e-01,-2.448340654373168945e-01,9.414306879043579102e-01
9.759604334831237793e-01,-1.918236166238784790e-02,2.171027064323425293e-01
-3.432056009769439697e-01,-3.139120936393737793e-01,8.852511048316955566e-01
8.282117843627929688e-01,1.549578607082366943e-01,5.385656356811523438e-01
1.872961968183517456e-01,-7.846536636352539062e-01,5.909643173217773438e-01
7.497786879539489746e-01,3.955435156822204590e-01,5.304501652717590332e-01
1.671351343393325806e-01,3.293586671352386475e-01,9.292947649955749512e-01
-6.210150122642517090e-01,7.543271780014038086e-01,2.129112333059310913e-01
-2.842836081981658936e-02,-9.520035982131958008e-01,3.047641217708587646e-01
-3.794708847999572754e-02,-9.644578695297241211e-01,2.614981830120086670e-01
-4.980266392230987549e-01,-5.655109286308288574e-01,6.573939919471740723e-01
-5.624737143516540527e-01,5.330678224563598633e-01,6.320300698280334473e-01
8.392159938812255859e-01,8.455207198858261108e-02,5.371847748756408691e-01
-1.361543983221054077e-01,-7.636701464653015137e-01,-6.310867071151733398e-01
5.834194645285606384e-02,-8.554121851921081543e-01,5.146521329879760742e-01
6.170045137405395508e-01,5.620728731155395508e-01,5.507989525794982910e-01
-5.326578617095947266e-01,2.041407078504562378e-01,8.213417530059814453e-01
-4.673362672328948975e-01,-6.113473325967788696e-02,8.819636106491088867e-01
8.917351365089416504e-01,3.067969679832458496e-01,3.326918780803680420e-01
-4.995200932025909424e-01,5.789314955472946167e-02,8.643658161163330078e-01
8.624656796455383301e-01,-4.933165013790130615e-01,-1.130996569991111755e-01
-8.417304158210754395e-01,4.581870436668395996e-01,2.855780124664306641e-01
-4.363000094890594482e-01,-7.378982901573181152e-01,-5.149256587028503418e-01
5.848642587661743164e-01,2.002013623714447021e-01,7.860364913940429688e-01
1.144024729728698730e-01,-9.914969205856323242e-01,6.201523542404174805e-02
-1.539058536291122437e-01,2.535525560379028320e-01,9.549998044967651367e-01
5.655921697616577148e-01,-4.787408113479614258e-01,6.715005636215209961e-01
3.556965664029121399e-02,-1.384352296590805054e-01,9.897327423095703125e-01
8.945584893226623535e-01,-3.859782218933105469e-01,2.253578007221221924e-01
-9.967996478080749512e-01,6.590707600116729736e-02,-4.524214193224906921e-02
3.302685320377349854e-01,-8.735534548759460449e-01,3.575297296047210693e-01
-9.615848660469055176e-01,2.319138646125793457e-01,1.468694955110549927e-01
6.209895014762878418e-01,6.474902033805847168e-01,4.417333602905273438e-01
2.727374136447906494e-01,-1.197474822402000427e-02,9.620138406753540039e-01
9.008460044860839844e-01,-2.827715873718261719e-02,4.332167506217956543e-01
4.943204820156097412e-01,-7.710935920476913452e-02,8.658531308174133301e-01
6.338192224502563477e-01,5.508427619934082031e-01,5.429969429969787598e-01
-7.732588052749633789e-01,-5.301927924156188965e-01,3.478026390075683594e-01
-3.595769703388214111e-01,3.977377414703369141e-01,8.441025018692016602e-01
5.364935994148254395e-01,7.040378451347351074e-01,-4.653017520904541016e-01
-2.292313724756240845e-01,6.680563688278198242e-01,7.079221010208129883e-01
8.247841000556945801e-01,4.725852012634277344e-01,3.104750514030456543e-01
-9.999666810035705566e-01,5.228883586823940277e-03,6.267946213483810425e-03
-5.825102925300598145e-01,6.729707121849060059e-01,-4.558420777320861816e-01
7.729030251502990723e-01,-2.765445709228515625e-01,5.710905194282531738e-01
8.735268115997314453e-01,1.945819705724716187e-02,4.863872528076171875e-01
7.606569528579711914e-01,-2.500051856040954590e-01,5.990811586380004883e-01
-3.487843275070190430e-01,6.042119264602661133e-01,7.164339423179626465e-01
-5.221757888793945312e-01,-5.039188265800476074e-02,8.513477444648742676e-01
7.319310903549194336e-01,4.916084706783294678e-01,-4.718025922775268555e-01
8.534760028123855591e-02,1.214575096964836121e-01,9.889208078384399414e-01
-4.349272549152374268e-01,1.831398308277130127e-01,-8.816450834274291992e-01
-5.268532037734985352e-01,-6.496579647064208984e-01,5.480602979660034180e-01
2.140154093503952026e-01,-4.473087489604949951e-01,8.683962821960449219e-01
2.852095961570739746e-01,4.106565117835998535e-01,8.660350441932678223e-01
8.113855123519897461e-01,-5.402612090110778809e-01,2.230948507785797119e-01
8.541035652160644531e-01,-2.772749066352844238e-01,4.400291740894317627e-01
-1.759798377752304077e-01,-8.932930827140808105e-01,4.135923981666564941e-01
-5.027573704719543457e-01,-2.400039881467819214e-01,8.304415941238403320e-01
8.474479317665100098e-01,-9.296282380819320679e-02,5.226761102676391602e-01
-8.000381588935852051e-01,-5.309094190597534180e-01,2.794173359870910645e-01
-1.741028130054473877e-01,5.016421079635620117e-01,8.473743796348571777e-01
-6.925786137580871582e-01,1.857353746891021729e-01,6.970201730728149414e-01
6.496485471725463867e-01,7.177321314811706543e-01,-2.506341934204101562e-01
5.246599316596984863e-01,6.741482019424438477e-01,5.198618769645690918e-01
4.977615475654602051e-01,-1.688586175441741943e-01,8.507173657417297363e-01
8.817004412412643433e-02,9.878567457199096680e-01,1.279280781745910645e-01
-4.530784785747528076e-01,-5.689873695373535156e-01,6.862750649452209473e-01
3.136121332645416260e-01,1.442011296749114990e-01,9.385379552841186523e-01
7.554908394813537598e-01,2.545334696769714355e-01,6.036942601203918457e-01
8.224484920501708984e-01,-7.988166064023971558e-02,5.632028579711914062e-01
-6.494678258895874023e-01,3.430174589157104492e-01,6.786236763000488281e-01
-6.000425815582275391e-01,-7.810131907463073730e-01,-1.731121838092803955e-01
-6.897258162498474121e-01,2.057048678398132324e-01,6.942359805107116699e-01
1.477045863866806030e-01,9.638568162918090820e-01,2.217291444540023804e-01
-8.269875645637512207e-01,3.451206088066101074e-01,4.438286125659942627e-01
5.450506880879402161e-02,-3.219341635704040527e-01,9.451918005943298340e-01
-9.311298727989196777e-01,-3.617083430290222168e-01,4.652262851595878601e-02
8.235611766576766968e-02,-2.205366790294647217e-01,9.718958139419555664e-01
2.364444881677627563e-01,-5.838066935539245605e-01,7.767006754875183105e-01
-7.189532518386840820e-01,5.484272837638854980e-01,4.270053505897521973e-01
2.573775351047515869e-01,2.062368243932723999e-01,9.440462589263916016e-01
1.036689355969429016e-01,-5.387828350067138672e-01,8.360417485237121582e-01
-3.155596256256103516e-01,1.423134505748748779e-01,9.381731748580932617e-01
6.205176115036010742e-01,3.060869500041007996e-02,7.835950851440429688e-01
6.857224106788635254e-01,1.482556760311126709e-01,7.126047015190124512e-01
5.163048505783081055e-01,1.299525201320648193e-01,8.464878797531127930e-01
4.068763181567192078e-02,9.594573378562927246e-01,2.789023220539093018e-01
-6.418449282646179199e-01,6.533529758453369141e-01,-4.014540016651153564e-01
-4.084399938583374023e-01,-8.293684720993041992e-01,-3.812144696712493896e-01
-4.935106039047241211e-01,8.231841325759887695e-01,2.807410657405853271e-01
6.920278072357177734e-01,-4.044054150581359863e-01,5.979580879211425781e-01
8.685352802276611328e-01,3.131496608257293701e-01,3.841667175292968750e-01
3.593184947967529297e-01,-5.608500242233276367e-01,7.458801865577697754e-01
5.422452688217163086e-01,-1.178153753280639648e-01,8.319193124771118164e-01
-2.408829033374786377e-01,1.199646294116973877e-02,9.704800844192504883e-01
6.284709274768829346e-02,6.988915205001831055e-01,7.124611139297485352e-01
-2.448853105306625366e-01,3.198045492172241211e-01,9.152902960777282715e-01
6.602162718772888184e-01,3.497364223003387451e-01,6.646795272827148438e-01
2.455456554889678955e-01,7.109931707382202148e-01,6.589360237121582031e-01
2.643440365791320801e-01,-8.396995067596435547e-01,4.743708372116088867e-01
-4.065581560134887695e-01,-8.898009061813354492e-01,-2.072801142930984497e-01
-3.995453417301177979e-01,5.901035666465759277e-01,7.015278339385986328e-01
-1.914550364017486572e-01,8.917970657348632812e-01,4.099305570125579834e-01
-3.245041668415069580e-01,9.308265447616577148e-01,1.681050062179565430e-01
-3.784981667995452881e-01,7.883359789848327637e-01,4.850417673587799072e-01
-6.866071224212646484e-01,-2.745712399482727051e-01,6.731874346733093262e-01
7.029445171356201172e-01,6.409132480621337891e-02,7.083513736724853516e-01
-6.549533009529113770e-01,-1.971613466739654541e-01,7.294953465461730957e-01
5.621858835220336914e-01,3.865321874618530273e-01,7.311226725578308105e-01
-7.084715366363525391e-01,1.489041149616241455e-01,6.898520588874816895e-01
7.860386967658996582e-01,-6.133100986480712891e-01,-7.742004841566085815e-02
-5.231438875198364258e-01,-8.485636711120605469e-01,7.912284135818481445e-02
6.799340248107910156e-01,5.568627715110778809e-01,4.770679473876953125e-01
-6.801615953445434570e-01,3.142543435096740723e-01,6.622877717018127441e-01
-5.539597272872924805e-01,-2.795209288597106934e-01,7.842173576354980469e-01
-4.898879826068878174e-01,6.092617660760879517e-02,8.696538805961608887e-01
-9.691820740699768066e-01,-2.431529015302658081e-01,3.952588140964508057e-02
8.069418668746948242e-01,4.833235144615173340e-01,3.394756019115447998e-01
8.063343763351440430e-01,-2.425089478492736816e-01,5.394572615623474121e-01
8.918930292129516602e-01,-4.495856165885925293e-01,-4.898783564567565918e-02
-4.072714447975158691e-01,3.904071450233459473e-01,8.256586790084838867e-01
4.293179810047149658e-01,6.854939460754394531e-01,5.880342721939086914e-01
-4.795857965946197510e-01,7.410612106323242188e-01,4.699210226535797119e-01
-6.703408360481262207e-01,-8.527533710002899170e-02,7.371373772621154785e-01
-1.748668700456619263e-01,-7.327966094017028809e-01,6.575948596000671387e-01
2.412820458412170410e-01,-6.353079080581665039e-01,7.335987091064453125e-01
-8.997000455856323242e-01,4.301768541336059570e-01,7.407788187265396118e-02
7.239943146705627441e-01,6.461614966392517090e-01,-2.414693683385848999e-01
-5.261557102203369141e-01,7.400413751602172852e-01,4.189266562461853027e-01
-7.803454995155334473e-01,-4.293546080589294434e-01,4.546595811843872070e-01
-2.789282798767089844e-01,-9.374446272850036621e-01,2.083177417516708374e-01
-9.170748591423034668e-01,2.641807496547698975e-01,2.986342906951904297e-01
5.401111841201782227e-01,8.408795595169067383e-01,-3.466373682022094727e-02
-5.887676477432250977e-01,3.006000220775604248e-01,7.503282427787780762e-01
2.340966314077377319e-01,4.678925275802612305e-01,8.522177934646606445e-01
-4.868348538875579834e-01,-6.342591643333435059e-01,6.005888581275939941e-01
-5.739943981170654297e-01,-1.084531992673873901e-01,8.116454482078552246e-01
6.311722993850708008e-01,6.867858022451400757e-02,7.725963592529296875e-01
-4.409259557723999023e-01,-4.974637031555175781e-01,7.470706105232238770e-01
-3.531343042850494385e-01,7.432311773300170898e-01,5.682462453842163086e-01
6.001535058021545410e-01,3.855198621749877930e-01,7.008498311042785645e-01
-9.133376479148864746e-01,2.799091041088104248e-01,2.957454025745391846e-01
-2.702000439167022705e-01,-2.854389548301696777e-01,9.195197820663452148e-01
-6.676234006881713867e-01,-7.658465206623077393e-02,7.405496239662170410e-01
-7.561493515968322754e-01,-6.084491610527038574e-01,2.408891171216964722e-01
7.910273671150207520e-01,-4.104534089565277100e-01,4.536559581756591797e-01
-6.785737872123718262e-01,7.328926920890808105e-01,4.905356094241142273e-02
-1.355518400669097900e-01,2.502710819244384766e-01,9.586396813392639160e-01
-3.836649656295776367e-02,1.505481451749801636e-01,9.878578782081604004e-01
3.655975162982940674e-01,2.091355025768280029e-01,9.069733023643493652e-01
3.479090631008148193e-01,8.990623354911804199e-01,2.657939493656158447e-01
9.192386865615844727e-01,-2.644848227500915527e-01,2.916293740272521973e-01
8.471199274063110352e-01,3.248700499534606934e-01,4.205326139926910400e-01
2.399817258119583130e-01,7.740232944488525391e-01,5.859153866767883301e-01
6.293812394142150879e-01,-4.017572402954101562e-01,6.651846170425415039e-01
-8.744035959243774414e-01,2.665714919567108154e-01,4.054109156131744385e-01
6.418924927711486816e-01,-6.485409736633300781e-01,4.091069996356964111e-01
-5.161255002021789551e-01,-7.520182132720947266e-01,4.099794924259185791e-01
-8.758351206779479980e-01,-3.321182727813720703e-01,-3.501573204994201660e-01
4.330522119998931885e-01,-5.922223925590515137e-01,6.795134544372558594e-01
-7.211121916770935059e-01,-3.064660429954528809e-01,6.213499903678894043e-01
-3.596904575824737549e-01,5.892605185508728027e-01,7.234603762626647949e-01
-7.850803434848785400e-02,-8.416187167167663574e-01,5.343354344367980957e-01
-5.204169154167175293e-01,-7.831189036369323730e-01,3.404277563095092773e-01
7.764195203781127930e-01,6.967690587043762207e-02,6.263527870178222656e-01
4.161638915538787842e-01,-7.972912192344665527e-01,4.371894896030426025e-01
2.906486392021179199e-01,-2.117943018674850464e-01,9.330951571464538574e-01
-1.251811236143112183e-01,-8.855828046798706055e-01,-4.472951292991638184e-01
-8.686826825141906738e-01,-2.793798446655273438e-01,4.090685844421386719e-01
-1.292156130075454712e-01,5.348045825958251953e-01,8.350371122360229492e-01
-5.750864148139953613e-01,-7.089611291885375977e-01,4.082281887531280518e-01
6.439220309257507324e-01,3.298569619655609131e-01,6.903322339057922363e-01
7.394611239433288574e-01,4.414237439632415771e-01,5.082738399505615234e-01
-8.398699164390563965e-01,-3.718016743659973145e-01,3.954519629478454590e-01
6.894834041595458984e-01,-6.001232862472534180e-01,4.055424630641937256e-01
8.770804107189178467e-02,-2.055341303348541260e-01,9.747118949890136719e-01
9.788332581520080566e-01,-1.558728665113449097e-01,1.326238960027694702e-01
3.068517744541168213e-01,6.775106191635131836e-01,6.684471368789672852e-01
-4.462090730667114258e-01,-4.137588441371917725e-01,7.935369610786437988e-01
-7.264706492424011230e-01,-4.581495225429534912e-01,-5.121906399726867676e-01
-9.355174750089645386e-02,-6.651093959808349609e-01,7.408628463745117188e-01
-2.729028463363647461e-01,-9.086300134658813477e-01,3.160946667194366455e-01
-4.960729181766510010e-01,-4.359879493713378906e-01,7.508835792541503906e-01
4.624163210391998291e-01,5.286271572113037109e-01,7.118458151817321777e-01
6.928365230560302734e-01,-3.887897729873657227e-01,6.073056459426879883e-01
7.582806348800659180e-01,-2.127000540494918823e-01,6.162544488906860352e-01
-3.831946849822998047e-01,2.054233551025390625e-01,9.005348086357116699e-01
-8.219302892684936523e-01,3.449526429176330566e-01,4.532526433467864990e-01
-4.328972697257995605e-01,6.478433012962341309e-01,6.268165111541748047e-01
6.260475516319274902e-01,-7.589114904403686523e-01,-1.792150437831878662e-01
6.905810832977294922e-01,-5.874408483505249023e-01,-4.219134151935577393e-01
1.169952526688575745e-01,7.627779245376586914e-01,6.359890699386596680e-01
9.732993245124816895e-01,1.372352689504623413e-01,1.839972138404846191e-01
7.065635323524475098e-01,3.913047164678573608e-02,7.065668702125549316e-01
-2.487419843673706055e-01,-3.424116969108581543e-01,9.060251712799072266e-01
6.068521365523338318e-02,6.306036561727523804e-02,9.961629509925842285e-01
3.661093413829803467e-01,7.639800906181335449e-01,5.313175916671752930e-01
-6.731162071228027344e-01,-7.182330489158630371e-01,1.762273907661437988e-01
5.393545627593994141e-01,6.639227271080017090e-01,5.179800391197204590e-01
-6.585637331008911133e-01,-6.591521501541137695e-01,3.630600273609161377e-01
5.757998824119567871e-01,-3.910958170890808105e-01,7.179822325706481934e-01
-8.687796592712402344e-01,3.028350770473480225e-01,3.918069303035736084e-01
-9.332734942436218262e-01,2.618905305862426758e-01,2.457927018404006958e-01
-5.160500481724739075e-02,-7.694358229637145996e-01,6.366360783576965332e-01
-1.093385145068168640e-01,-5.709159374237060547e-01,8.136954307556152344e-01
-5.928775072097778320e-01,8.047488927841186523e-01,2.959143929183483124e-02
-8.442913293838500977e-01,2.958902716636657715e-01,4.467900395393371582e-01
-3.704148232936859131e-01,3.141096532344818115e-01,8.741441369056701660e-01
2.532692253589630127e-01,1.076217815279960632e-01,9.613907337188720703e-01
-6.057564616203308105e-01,-5.519814491271972656e-01,5.730407834053039551e-01
-7.093474864959716797e-01,-6.600371599197387695e-01,2.473414242267608643e-01
6.655349135398864746e-01,1.919132322072982788e-01,7.212715148925781250e-01
-7.983978390693664551e-01,-2.015622109174728394e-01,5.673918724060058594e-01
-1.992319226264953613e-01,9.063018560409545898e-01,3.727247416973114014e-01
-1.420009136199951172e-01,2.395740151405334473e-02,9.895766973495483398e-01
-9.108878374099731445e-01,1.583225429058074951e-01,-3.810745477676391602e-01
3.699055910110473633e-01,-6.717301607131958008e-01,6.418325304985046387e-01
4.170704782009124756e-01,-1.203164160251617432e-01,9.008752703666687012e-01
8.292402625083923340e-01,-4.440883398056030273e-01,3.393317162990570068e-01
1.684037894010543823e-01,2.947991248220205307e-03,9.857137799263000488e-01
8.254033327102661133e-01,-3.892805799841880798e-02,5.631999373435974121e-01
7.637516595423221588e-03,-9.676703214645385742e-01,2.521039247512817383e-01
6.138008832931518555e-01,-7.858740687370300293e-01,7.516817003488540649e-02
-2.530621588230133057e-01,-8.605550527572631836e-01,4.420457184314727783e-01
-8.316749334335327148e-01,-4.259998798370361328e-01,-3.561469018459320068e-01
