7.961496469644984142e-01,4.810688560590628549e-01,1.501426912530168689e+00
5.302777291856139996e-01,4.965593134404513997e-01,1.543042683465846832e+00
1.207845408489012673e+00,4.465849432551176057e-01,-1.694024324360595135e-01
7.803905144947397288e-01,1.499390124737186802e+00,1.635615455692809306e+00
4.817665077895288972e-01,1.485637643766889893e+00,-4.137228666080772777e-01
2.424028293070119022e-01,1.837517787065437114e+00,1.844419708958834114e+00
6.367320561162980175e-01,6.473115296287847986e-01,5.627830646292580896e-01
8.984157169666391329e-01,7.942533831078718576e-01,1.292281161861832839e+00
1.405661337423972812e+00,3.010110976815159045e-01,9.711116130050516382e-02
2.154183949446270674e+00,5.232571246431757528e-01,1.766171375163020141e+00
8.825918510839683151e-01,3.457657823439727607e-01,2.455138904373049602e+00
2.484264187606906482e+00,6.315157503551152018e-01,1.480143465257905744e+00
1.754751265699341589e+00,1.192548544289696810e+00,1.863249096878673905e+00
1.027499954509729641e+00,7.430306083727619693e-02,1.522508958462057915e+00
1.349434678541422183e+00,1.010426628844864894e+00,1.696591706521545007e+00
1.261936212208269792e+00,1.623044056432749738e+00,2.240672332141943279e+00
7.967085280979816497e-01,4.211619461268462095e-01,1.321795270652822651e+00
1.985405520491143383e+00,7.645636113563712977e-01,7.151661447745446543e-01
4.373610820530910992e-01,1.365878437596958594e+00,1.952203486236371521e+00
1.826391495815659738e+00,5.082418576002636357e-01,1.139858374211215386e+00
1.766519677003955735e+00,1.776119390014302635e+00,1.898613273881166075e+00
1.153450045124011725e+00,9.217408830512049400e-01,8.870575396339414054e-01
7.702569964694720717e-02,8.779501706562755636e-01,1.420445216057774074e+00
1.811400093597952399e+00,-4.974751702729295066e-02,-3.532792000131521060e-01
1.492084611975412090e+00,3.628445989541740357e-01,5.583496858588160583e-01
1.172623580220536477e+00,9.790156021919206308e-01,5.137424253548954489e-01
1.018525924003596650e+00,1.852536631109069853e+00,1.564331457133526504e+00
1.115736662718878947e+00,2.005388496087067818e+00,2.230500142672393160e+00
1.624158560343446744e+00,1.774478720631092798e+00,2.794797708072695563e+00
3.309060655661179573e-01,1.463994712545993115e+00,1.467421467712528571e+00
-1.374723856428668178e-01,1.282382131606969677e+00,8.713200901963679898e-03
9.114705799080863313e-02,9.772733855834171424e-01,8.012276395957854680e-01
2.405548853147728039e+00,1.576072250734230185e+00,1.848793390858276098e+00
1.495706807422702234e+00,5.078241446610013421e-01,1.371138933897706247e+00
4.611912216281662258e-01,1.062958273487135452e+00,1.541095820925372450e+00
1.524591283442733092e+00,6.650545121259314740e-01,-1.036151410277849454e-02
5.414257267105478943e-01,2.355842585385950816e+00,1.603578301618969748e+00
6.434596505860276094e-01,2.069281925564083746e-01,1.376293955577208683e+00
1.931238915801201772e+00,1.172209511230845713e+00,1.604144112909069164e-01
8.918755124571629000e-01,8.159536116517805970e-01,5.332642560557525613e-01
3.353399092636723533e-01,2.369105893245007921e-01,-6.340912155431126934e-03
8.386645894359152642e-01,4.767633499308979728e-01,1.306684205094155837e+00
1.938557018389348574e+00,4.341414856539252409e-01,7.491725411724526884e-01
1.439799771774578518e+00,7.052364330814403504e-01,2.546324839755154112e+00
7.900287070407654433e-01,1.894316285750731188e+00,4.580853636595001444e-01
1.656530657605566281e+00,1.153930879974764068e+00,1.272757797264026269e+00
1.409890865960010453e+00,6.301725966306878091e-01,4.441858574161965945e-01
1.284973182299926187e+00,9.930947860772949554e-01,1.517019363615468741e+00
2.029967502824779668e+00,9.817774748955305775e-01,1.312993677251240054e+00
1.249616465017078903e+00,1.186419524839171125e+00,1.647112961431115963e+00
1.202678769540241221e+00,1.272813218904820021e+00,1.670792750980959029e+00
7.098662104445915277e-01,1.334255648364315316e+00,8.917397422920571026e-01
1.106033901104161554e+00,1.115479808090517277e+00,-1.092128796066683893e+00
8.757624661460212678e-01,9.393391836196411937e-01,-2.239979533958932900e-01
9.719374326776275552e-01,4.828422098000615947e-01,3.305167931798585479e-01
7.536016290355991298e-01,1.041161826075657437e+00,7.983890397384627580e-01
6.832210412605151939e-01,-5.023292265055555317e-02,8.232491771018832227e-02
1.300961561180890458e+00,6.092221861110508341e-01,7.134070831188226158e-01
1.796001028536966748e+00,2.118590527635298149e-01,1.037369798024893264e+00
1.138321659671631680e+00,1.239231051229658487e+00,1.588322671551251286e+00
1.543392198515700420e+00,1.039193179942902834e+00,2.678006541663005446e+00
1.231171918239589935e+00,1.125901495249166384e+00,1.200130967036978857e+00
2.261793643245989305e+00,5.772397553238431955e-01,1.555197849152471168e+00
1.030596246098171243e+00,7.718246725185163859e-01,1.451957420718950065e+00
1.464930656421702837e+00,7.951304583838767481e-01,-4.011840783413024303e-01
1.546028526303873996e+00,1.340324160277025500e+00,1.201846563076870211e+00
1.250854646524962810e+00,9.042638004339192959e-01,1.377810901486014483e+00
1.088591388082899458e+00,4.779027178978471069e-01,1.072919465911973624e+00
1.650623482847803469e+00,1.140980408319148820e+00,1.157723000787892254e+00
1.409948005889249734e+00,1.448583952348856840e+00,5.304117680509450317e-01
1.079822137606532229e+00,1.935503464959240194e+00,1.294062611501860083e+00
1.990833465872422714e+00,1.440262424963594245e+00,1.878398034583619980e+00
9.144793974743453679e-01,4.864089742335696576e-01,1.830634321769065043e+00
7.830960741950847570e-01,9.062230510695853392e-01,-2.374315925267821425e-01
6.902132115075972907e-01,7.777371420392841239e-01,8.441821748526044944e-01
1.160528042499451074e+00,6.862019796690066453e-01,1.364556656641040089e+00
6.407005527511628884e-01,1.445347084833835005e+00,6.364202226195537770e-01
7.079250233254607005e-01,5.008090397061123467e-01,5.672018015886308717e-01
2.502317155259263792e+00,1.328786683517103606e+00,-5.847188373009811757e-01
2.488590515266232650e+00,1.146720313104420796e+00,2.598105419914209069e+00
1.517898900657492778e+00,1.483831057373331097e+00,1.718484392500998270e+00
1.171032845248062282e-01,1.401380790208178517e+00,1.198909455822899872e+00
2.596211195478379530e+00,4.725134956384978158e-01,6.317214133191713099e-01
2.665123468639688742e+00,2.258601557098057488e-01,1.703135995369314593e+00
8.865714882780353356e-01,8.739171574665673958e-01,2.199795180055492683e+00
1.036103828437150848e-01,1.155549927860952675e+00,7.090707209717740378e-01
7.953770111313288593e-01,8.721253085867385346e-01,8.109285471688876257e-01
1.425891162200132678e+00,3.430291194324784354e-01,1.236571226730010409e+00
1.123856345283583691e+00,1.067795478892513250e+00,4.474314755120437637e-01
2.036688287620381566e+00,2.869830718643945344e-01,6.614784772032189508e-01
9.560617813904548346e-01,4.696842326096977160e-01,1.315889444144568543e+00
1.449844509968929440e+00,7.860427467958561731e-01,3.346827758630563920e-01
1.281384086641903064e+00,6.162319146883914467e-01,1.489317255369141835e+00
1.059930440313505251e+00,1.243853378207439908e+00,1.485074168029846264e+00
1.421026064396608612e+00,1.689531424652995106e+00,2.245056462597420310e+00
7.657411733925199027e-01,1.048485339770808933e+00,5.558218871689909468e-01
7.034816030112237550e-01,1.596504599382118306e+00,1.041119904621669257e+00
8.787803275925279989e-01,4.481163366038862228e-01,2.814521846922096171e-01
5.452123401639452638e-01,3.816395594120462476e-01,1.185986864687144093e+00
-7.572777419794218812e-02,1.666738226112689514e+00,1.234459830671869707e+00
8.727398386040683409e-01,1.168672525608524415e+00,7.874657139136835848e-01
1.730259660575685476e+00,9.263853496353087191e-01,4.636815301589192750e-01
1.229426855041419797e+00,1.205747171917158189e+00,1.204424041381396471e+00
7.013091593461170392e-01,7.059126582473294054e-01,1.996604816361625123e-01
1.260201250009861607e+00,1.087913621701005917e+00,-5.066619957456869328e-01
1.945944297550921576e+00,1.000491744183308995e+00,9.765470012534036570e-01
1.221865179176772509e+00,1.043754704649009879e+00,8.602143415232539336e-01
1.856258499791088479e+00,1.617972839472072488e+00,1.128743524044936386e+00
4.609488764890548040e-01,7.128549984097898307e-01,5.656417903160134708e-01
1.882045480988743691e+00,6.168975454290245297e-01,7.837121655799226261e-01
7.010136305345721075e-01,7.173265117129814517e-01,1.966598726328527391e+00
2.612208990954472121e-01,1.123890073747797924e+00,3.543749676344292165e-01
2.359078756644391373e+00,1.149157961623118895e+00,7.880418131316552222e-01
1.331657642419190379e+00,1.728900046381094402e+00,1.836293865362547351e+00
1.511794886224939738e+00,8.455465627264595607e-01,2.204464961197537320e+00
-2.827969198763912728e-01,6.152984015697622322e-01,1.069995282489090371e+00
3.542819095580813649e-01,9.079592664571407568e-01,1.699871932299720445e+00
1.662462217603449810e+00,2.608742225236123646e-01,9.116500387075070488e-01
3.382573087814334301e+00,7.865140162410585445e-01,9.302405422617896491e-01
1.634900650446826420e+00,1.577727460355485389e+00,5.894576641785472804e-01
1.207643136931173533e+00,3.737591741854922600e-01,8.943095398787304084e-01
1.030378778715808075e+00,6.440249295741669044e-01,1.385995493715247662e+00
6.689256124746114640e-01,7.058102410999663734e-01,7.007560141177158197e-01
2.687401608491569949e+00,1.206652737440590872e+00,-3.284728693952284062e-01
9.113315518628097855e-01,1.153159969214963665e+00,9.534131816618549582e-01
1.981699296928523202e+00,6.716116541464027812e-01,1.148808187305188078e+00
7.681143266983065931e-01,5.696189934329554116e-01,8.075700203053096660e-01
1.055942358038063800e+00,-1.324468888569012015e-01,7.451544956850859602e-01
2.002549445287048702e+00,1.236546140968401764e+00,1.783965827807155513e+00
8.663469010012635474e-01,7.015250064477605019e-01,9.045419173209623409e-01
2.868628758635773379e-01,1.095863411830233280e+00,1.165098214897589246e+00
1.342511757829485397e+00,6.777745622314846896e-01,5.456504805118099766e-01
1.248594844841075524e+00,7.919059061727360405e-01,6.467284186067154828e-01
1.007769082655294302e+00,1.170663752956475845e+00,2.649750767229364534e+00
1.690902709770035095e+00,1.579339791062301490e+00,4.644646949508028921e-01
2.271074506987594166e+00,1.373415893102180263e+00,9.335496735087717157e-01
7.580222262432900759e-01,9.340680114764835507e-01,1.421965157560722837e-01
1.956942175713540788e+00,1.175730158302686901e+00,4.178240274098093954e-01
1.544161725569121790e+00,1.076297278992995210e+00,5.021851654250656383e-01
1.455251565692448068e+00,1.511686453193917146e+00,1.122583994115022188e+00
2.060569012618584939e+00,1.510172471927041293e+00,-7.709601920809082409e-02
9.368664033057623186e-01,7.359422763886571683e-01,1.166105396456297960e+00
1.087088541847041734e+00,1.023573492576401289e+00,1.748704697425212284e+00
2.272953180529787787e+00,9.516308316758165242e-01,1.199666995907208156e+00
2.440041731644951195e+00,2.491247539645949249e+00,8.469528166639641586e-01
9.746907234499785355e-01,1.836443600304884238e-01,8.222305538426164517e-01
1.577312954314406657e+00,4.087347231438235862e-01,-3.267159000348599518e-01
8.786844534140131335e-01,1.075809727275868655e+00,9.837248519134390579e-01
1.240687357144020675e+00,7.576726389332829603e-01,6.776534664528451879e-01
1.856511522275580417e-01,8.996872685978116735e-01,1.242046016951258380e+00
-1.250812288674735484e+00,8.191099858559636182e-01,6.118062296354278562e-01
1.484498390115493338e+00,6.915685538457185810e-01,1.247848838168607033e+00
1.003503515596409379e+00,9.340801032911008051e-01,-1.717776278117698063e-01
4.933000684312942585e-01,8.296328560260534113e-01,1.223127498874939656e+00
1.620184473382819679e+00,6.176146937888725708e-01,-1.373347097539711625e-01
2.885870452039628400e-02,9.280763607825164296e-01,1.249596734012659249e+00
1.051250755328982711e+00,6.700807039979763680e-01,2.553629868763625854e+00
1.806142219576809094e+00,1.693413685389305590e+00,7.646458748054695276e-01
6.026274349292237709e-01,1.245037370302389812e+00,3.914818887369115874e-01
9.564237091314662376e-01,9.535306668238560102e-01,4.564311038346083871e-01
7.387479788852410190e-01,9.156526666314768192e-01,3.112543488923691370e-01
2.533025321236499483e+00,1.665844082169735119e+00,1.002672444251831552e+00
3.392475329948308471e-01,2.328084048093659597e-01,5.252591535720468885e-01
-7.336692120624201119e-02,2.222771171632931808e-01,5.415631462412650032e-01
6.271488406174971497e-02,1.323727760363147876e+00,6.596001293799004239e-01
6.075518096340588592e-01,1.020047687439656015e+00,1.154462023561759532e+00
3.520175001688217176e+00,2.096610861824974581e+00,1.332230381676985376e+00
2.168699659259635926e+00,7.035397302174933865e-01,1.097190509554383464e+00
2.031700044679140671e+00,6.513504724893531828e-01,1.776914077081440446e+00
1.109051400567137469e+00,1.155834909687474710e+00,2.959059391983365761e-01
9.133426483205198121e-01,-1.983272510562618992e-03,1.461418763414911171e+00
1.112296453790827311e+00,1.020010068174726170e+00,1.741866440157556317e+00
8.383390488020878717e-01,1.008657810160148438e+00,2.506788707345221301e+00
1.933318654420944360e-01,1.265719259170455357e+00,8.959150504241455426e-01
1.354481567432443301e+00,1.206701218955284372e+00,1.392940352987959596e+00
8.799499462815792983e-01,1.573016918511030315e+00,1.624149744264647532e+00
1.009486004677199178e+00,1.533169217619000824e+00,9.519581772426275457e-01
1.240044638831462986e+00,4.805246368761756925e-01,1.212035014738246597e+00
8.525808657015336856e-01,1.117375703712463197e+00,-6.190166294410813785e-01
-1.478314189929260947e-01,1.095838927246086003e+00,1.403529629758639929e+00
1.311086909121941257e+00,1.563234329882499551e+00,5.293429019811335401e-01
1.434259707643095183e+00,6.061486177924714225e-01,1.963287855448599517e+00
1.526176447481365939e+00,8.851421051937267137e-01,2.820475326580624831e-01
7.699901198570934246e-01,4.936013023700236979e-01,1.341594261532182752e+00
1.368008458477345979e+00,1.142625273688495868e+00,7.057917511333618998e-01
1.927133597056520209e+00,1.352190181259789403e+00,6.592090835009420946e-01
3.523868961269960853e-01,7.935979591538804279e-01,1.589247186943244516e+00
1.317064972068728718e-02,1.264845126816450449e+00,9.931154916784887821e-01
1.316539661839001285e+00,1.027822174619759998e+00,-1.115809842401183083e-01
2.378300759862452818e+00,8.193154869068193236e-01,7.369060120807716663e-01
1.451338259784409335e+00,1.175176362252787987e+00,7.484164489843849744e-01
-3.901538245408231464e-01,1.858845999312136676e+00,7.032885050854328357e-01
1.855269493381328738e+00,1.112824686846418443e+00,1.448118851024068343e+00
1.146063341265553648e+00,1.084782699903901859e+00,1.810882488918299504e+00
1.018249002131969005e+00,1.574149217802899514e+00,1.751135835196402091e-01
2.844152969045887769e+00,4.709981445616981399e-01,-5.782811787982921059e-01
3.508601525449553948e-01,1.090248197656851215e+00,6.179074733906697592e-01
8.208112208788832520e-01,2.762046851537336978e-01,-2.807438062332378095e-02
-2.672261611451444141e-01,7.760986446876830813e-01,7.231410650198399903e-01
1.070917728013457859e+00,4.176046087798074291e-01,1.519652400326337194e+00
5.772958471469560315e-01,7.203494107579634376e-01,-2.280919994311114696e-01
1.623699354026941766e+00,1.137218979778408467e+00,1.282504322114626838e+00
7.486750301470760371e-01,3.210433049199087896e-01,-2.476135115564370714e-02
4.864912539839759409e-02,8.572448997400338166e-01,1.962168661686370941e+00
1.064994006939666171e+00,1.920744878779483411e+00,2.302587441807544266e+00
2.115222845175509736e+00,2.400835165101843915e-01,7.695590499382254368e-01
9.096395670930819133e-01,5.194802544619704365e-01,1.240902739434869062e+00
2.314993989846486411e+00,5.230950216471171865e-01,-5.763743954388305113e-01
1.292683154675878576e+00,1.305783854026758339e+00,1.938912762128755407e+00
5.256967675233156223e-01,8.162597391439108119e-01,1.316941600700807680e+00
1.453915414102795012e+00,1.130642162427883513e+00,5.454458400870890733e-01
1.123634665365194296e+00,8.892570433599218394e-01,-2.173218854996761817e-01
-5.824433201724900089e-01,6.422290536977967035e-01,2.446569823504944341e-01
1.051067944609819671e+00,1.306614980317545083e+00,1.533998588866491097e+00
1.233630149959159983e+00,5.959173744122369110e-01,1.495179988890255052e+00
1.631948570631437168e+00,7.225200268298621609e-01,1.479090077762079902e+00
1.730254547477675819e+00,1.037463283703101702e+00,2.207630281881399981e+00
1.008640822438527263e+00,7.751289771080942526e-01,3.976809727587989896e-01
1.156042636953519942e+00,1.808707289726515510e+00,8.142025842874102137e-01
-2.087108148721961709e-01,8.532766010527763623e-01,1.226827250871733499e+00
7.106584438236286383e-01,1.686856192983084091e+00,5.635967448894292353e-01
3.682087655040051088e-01,1.610215883736818343e+00,8.098797969850263234e-01
1.168338273935935590e+00,1.424402418141099913e+00,1.195566692166654565e+00
2.270074113558341988e+00,1.691917841710499859e+00,8.320220204466781677e-01
1.352366853380873257e+00,3.653127134104950380e-01,1.744359112318128791e+00
2.574145947676952151e+00,2.143063969389822077e-01,7.454605628698368625e-01
1.092718689050996783e+00,9.900407424037814819e-01,1.335700394791909273e+00
1.549238298392160151e-01,1.546694114720662094e+00,6.571048085606484568e-01
5.381287861926283833e-01,5.027132158089920866e-01,-2.013683809642923817e-01
8.976308500983020133e-01,9.187917611765492598e-01,1.098994633214039673e+00
1.397151707176566671e+00,1.359237014443725577e+00,1.065280463153490675e+00
1.061403853070654213e+00,9.222669211961121993e-01,7.718585068216305967e-01
1.026161650161376171e+00,2.370421592635388042e-01,1.389980075209264587e+00
1.013936083259234788e+00,1.802968266469760605e+00,1.789247317754205424e+00
1.397445437977273386e+00,8.694931879592439072e-01,1.693880787559526313e+00
-1.881699504999903572e-03,3.872898552462860633e-01,1.816106337061651033e+00
2.372350036244684102e+00,6.223761740501175810e-01,6.271442519655107128e-01
3.810943024737183105e-02,1.069197692691181922e+00,6.245289299966501062e-01
9.312611121309709583e-01,1.211420163440281472e+00,1.029977466930904334e-01
-5.528800007903131308e-02,5.282099587291586573e-01,5.017319012866577888e-01
2.662965129966589073e-01,1.013683445889262957e+00,8.869369964619835400e-01
8.264702187538455203e-01,1.240344112017695455e+00,1.060365458990282894e+00
1.107275844952276378e+00,1.653993041097013172e+00,6.821344551997332584e-01
2.954910207090300500e-01,5.206075117680835085e-01,5.410419207665877472e-01
8.611085554316636470e-01,2.314573799285703615e+00,1.079666402603339126e+00
1.381084091982919704e+00,1.253781823810211193e+00,1.677087374724671509e+00
3.691306603331873104e-01,1.675127546829495939e+00,2.189731279742476389e+00
1.857392289396931462e+00,6.789504274390529837e-01,1.634378125198732157e+00
1.721649259495823481e+00,1.220042282835230196e+00,6.963783596418620103e-01
-2.636949150873091896e-01,1.547402573161510864e+00,1.681635575912707958e+00
1.661337206744774475e+00,1.025454884720012894e+00,-2.663843735324257223e-01
1.023597577861647734e+00,1.140370847785812658e-01,4.535153384537274346e-01
9.534168388350717782e-01,1.093170767452706693e+00,-2.226445980367744160e-01
7.610841928835507808e-01,1.791183550504022115e+00,3.967833390571932073e-01
2.633200296203243029e-01,1.071157873518930881e+00,9.283869119895942212e-01
1.799864298310338784e+00,7.044960237902416766e-01,2.653267356336081462e-01
9.941030385798497182e-01,5.911113795385593006e-01,8.966777752096571907e-01
5.406742901381036276e-02,1.525261619138251090e+00,9.645876200125191868e-01
1.384462121717605854e+00,9.714535483648971681e-01,5.990119975158999521e-01
7.430074762467506755e-01,6.915431029420032738e-01,2.408508822660913040e+00
-1.850750529930126481e-02,1.430131476931101542e+00,1.576509374624795123e+00
1.827309741633386331e+00,1.636506896538191258e+00,2.163095857958845514e+00
1.130841889003877387e+00,6.127665803399132693e-01,6.048341563847394742e-01
-1.167907856444903858e-01,7.023587010414907850e-01,1.870799487167920994e+00
2.863366643690603008e-01,1.200942579195935611e+00,7.917058475581956190e-01
1.518064005347478762e+00,8.826763394744462365e-01,1.416753824296584252e+00
1.116719509042741532e+00,1.589505090198233939e+00,1.433325483891193963e+00
1.068412052985921568e+00,3.971212649688324881e-01,1.581720164612349766e+00
3.846799380061167728e-01,1.567340110363452776e+00,1.278457789625460084e+00
1.445674076347170933e+00,1.081781481561650216e+00,1.220656855338753344e+00
1.014875756060087397e+00,9.955988444713999019e-01,1.206314095045987633e+00
7.637106906403452466e-01,1.190671907518374040e+00,2.871125357803617550e+00
1.112753214004221336e+00,1.139161666866322919e+00,9.862990197040388818e-01
5.005921186495770892e-01,4.605157848439401236e-01,4.887859821153885953e-01
1.743581046807737289e-01,7.283215613432030278e-01,1.105407219294915810e+00
7.104489348838259888e-01,1.147376325765842031e+00,3.040021227571721774e+00
5.083632869523208031e-01,2.090513440867055817e+00,-3.966131271171529082e-01
1.683464984003501419e+00,-3.892718847207138344e-01,1.454937244154116405e-01
-3.891819619136507868e-02,4.966614102624125060e-01,1.623482472953402811e-01
1.343911005910278789e+00,9.893967563246730546e-01,1.685141084311357007e+00
-1.166369412795000837e+00,7.571846792573816431e-01,1.864582256968523977e+00
9.444946035721600852e-01,1.207530813323105967e+00,1.920945058291922525e+00
7.225245817983133589e-01,8.324771919233895368e-01,1.733599901836001766e+00
1.424812577274018777e+00,9.534428380318560325e-01,4.241892774776798158e-01
7.095838036490514922e-01,6.136211826130030245e-01,9.879200131511867156e-01
3.770186981244170177e-01,1.062777994892124322e+00,1.107954523976854899e+00
1.170381378803694750e+00,9.536452461500608546e-01,1.306217491087438232e+00
1.785025107067765848e+00,8.824315728847231810e-01,6.530310054033757750e-01
1.302515576675555842e+00,1.221888961668717410e+00,1.044186109018746311e+00
9.369786490935313461e-01,5.186825742105610759e-01,2.394546084338509129e+00
5.259342149128024557e-01,1.906526802516407937e+00,1.203965523078550648e-01
3.860918137087042123e-01,7.964161768760772420e-01,6.438325571644190060e-01
-2.262722960384455362e-01,1.037846687017453640e+00,4.327079583731623380e-01
5.594048568087990336e-01,1.572174609626062036e+00,3.306118689508991126e-01
4.458828584193381128e-01,1.506404529972723116e+00,1.302126597816686049e+00
1.200266075268854593e-01,5.824656161981964786e-01,1.158401483026193501e+00
1.610195229073760670e+00,1.298663517748519070e+00,4.455812608639654337e-01
1.331848801792483217e+00,1.529883972653848012e+00,1.752474226958472325e+00
2.352916927474415054e+00,2.106565343042249516e+00,1.160224764997835001e+00
-1.193154850812416616e-02,1.584735829809038821e+00,2.083103348803863497e+00
1.019856065225247965e+00,1.464244339316229659e+00,1.570034128473071888e+00
7.891253940263249778e-01,1.679584522387734813e+00,1.420490057007147033e+00
-2.759503336749182245e-01,1.271472388143445986e+00,-5.614315321892352495e-01
1.968619052183520624e-02,4.284355889916498517e-01,5.298301968755262381e-01
7.976817313367731144e-01,-8.824671504915282405e-02,6.698010214323684153e-01
2.279528916355995083e-01,8.494266417438035566e-01,2.544145121309093760e+00
1.353454820495765487e+00,1.110323703751029178e+00,4.762870056892302140e-01
2.261156242185728082e+00,1.444129379872128194e+00,8.433098880853577839e-01
8.275890163647700026e-01,9.420179379111475182e-01,1.199377037141070579e+00
5.061840671631421262e-01,1.806594884215870556e+00,1.267765181842775535e+00
7.447879666737384774e-01,-1.953997414483383266e-01,1.017303099362185659e+00
1.352861679313229759e+00,6.762905154967737698e-01,1.575807652902611489e+00
3.150253107725810020e-01,1.587624234112641197e+00,1.054980948669373086e+00
8.111252037043660268e-01,7.703744210473518761e-01,2.076570625646004586e+00
1.238772913032611278e+00,1.567163096378712206e+00,-4.409543544853100072e-01
-1.161010329082089232e+00,8.377524003370486749e-01,7.533685616520642281e-01
5.449286430897599676e-01,1.246133209150163346e+00,4.150508590698275269e-01
1.590825325447420946e+00,9.164328902131014809e-01,9.906807088327008737e-01
1.804461806465151197e+00,-6.354664395350918121e-04,8.882502696541838549e-01
4.360928650261249317e-01,1.484639430963163420e+00,1.153843344628022072e+00
1.269333828725481617e+00,7.363924646937808349e-01,3.153491349094302287e-01
6.002329699321772294e-01,9.023510649839575626e-01,7.322631653369885418e-01
7.166523112856175715e-01,5.569232281371258031e-01,6.721848537523842371e-01
6.705353186955301803e-01,1.040785757544300694e+00,1.746376547173365434e+00
1.713015336458706406e+00,1.250957375541944527e+00,2.038929747686230254e+00
2.389342745640598842e-01,6.909508381468294491e-01,7.766246358786130788e-01
1.541448145000373859e+00,7.864767401455353690e-01,7.618731438868342476e-01
1.473079551460206860e+00,6.665629084889483913e-01,4.679977785536920121e-01
-3.575578095137127432e-01,1.853690286869130732e+00,1.264619415717412654e+00
7.820485727841435253e-01,1.113030324236276014e+00,-2.744320993193420932e-01
1.554092484871793800e-01,1.059585254894731099e+00,1.541651800309046944e-02
-3.413442219516241161e-01,1.006720480132406337e+00,8.569466737949777979e-01
1.024813826716693965e+00,1.146381510532784143e+00,5.158202006861263289e-01
1.000518293399135450e+00,1.733516387147238769e+00,7.440873185153265013e-01
9.296979182444536915e-01,5.426555694262774621e-01,8.510423899527223002e-01
4.833381612888171253e-01,2.022637393635351444e+00,1.426382965974590800e+00
1.391241740366126578e+00,7.601240203749607405e-01,1.604032687187310735e+00
1.862759604803289726e+00,6.902256036905295433e-01,2.805816034306370388e-01
5.669881207421267888e-01,1.140952652214611840e+00,4.477718287456809720e-02
4.590828775648052584e-01,1.505193907800085773e+00,2.037739032089739499e+00
6.509153466977756208e-01,9.386734116050193810e-01,5.798670357129388497e-01
2.185418752533232201e-01,1.254466892044085347e+00,1.660672789656563175e+00
2.211288273324536924e+00,5.681169345920937808e-01,1.591045075377841567e+00
1.793843806672051899e+00,1.603289462333284288e+00,2.270306320869970751e+00
3.927089973576491921e-01,1.235311978504990638e+00,7.233563555982182036e-01
2.784622661119254272e-01,1.974488267588729196e+00,4.507673610979646139e-01
1.130196230414038050e+00,2.070629362913669058e-01,9.634215256806841765e-01
1.312416970498520685e+00,1.134263570398625909e+00,6.764239026486991158e-01
2.228355051902808359e+00,6.430947995175978482e-01,8.365062146110360253e-01
1.478182395667338334e+00,1.341775893424268062e+00,7.385218851730733780e-01
4.389559267698418532e-01,7.722702057783226159e-01,1.381392528622699956e-01
9.153693838279282347e-02,6.664709484671781370e-01,1.119062327608085550e+00
1.690220149826931140e+00,1.268678565249790502e+00,1.349346397428922151e+00
1.503685487580802338e+00,4.557320743093760673e-01,2.316887366699768691e+00
-5.586101674269969841e-01,1.193793850535423307e+00,1.664760437303316465e+00
1.360727836784366485e+00,1.374842434280938441e+00,1.444586159117871693e+00
2.788893739763755319e-01,5.431001949666498518e-01,8.714126544818590059e-01
9.628868008393751676e-01,1.095567092444862389e+00,8.982516095506190013e-01
4.349219079993005832e-01,8.995495270805141663e-01,5.066142482543956049e-01
8.473358903890224614e-01,1.314315749398331734e+00,-9.995700208027358258e-02
1.260642293540490178e+00,8.151015613684635674e-01,2.607533103753199022e-01
1.748384503837970172e+00,4.668584129839197239e-01,6.355815786254752631e-01
2.274050820452821586e+00,9.343955358382453058e-01,1.025967172038507735e+00
5.111302117308367254e-01,1.211563451426041604e+00,1.784941842721983862e+00
5.571523259219270940e-01,1.410605638002318418e+00,1.163300589995021506e+00
1.482736121117924410e+00,1.171116540098463332e+00,6.522080924060199569e-01
3.191577204988131022e+00,1.222539864755998185e+00,5.654099231479523535e-01
4.842508207676050058e-01,8.226620237527215718e-01,1.542549690260692552e+00
8.753164768082413172e-01,1.012776520399499613e+00,8.729843261407839172e-01
2.686400659746683406e+00,1.246658317485471734e+00,1.627830738895075902e+00
7.133811460203773880e-01,1.016746794193029491e+00,4.211432233565717276e-01
1.288075148902085187e+00,1.320500753845394115e+00,7.755997520570171444e-01
8.445857980019757516e-01,4.443203245738784890e-01,1.707660078393192116e+00
1.893073109373320406e+00,6.840846712134606156e-01,1.305467067175332563e+00
-2.084889415016208392e-02,8.125869680586863542e-01,1.619051491553176181e+00
9.510511956919627252e-01,1.321980375630861682e+00,1.513485201686194659e-01
1.683586244469880366e+00,2.333992561996589554e-02,-5.525238970328122390e-01
6.466594379186308972e-01,1.131734436394305154e+00,7.371956906640719787e-01
1.543191973092630231e+00,6.814312673368093654e-01,1.416375189554850700e-01
7.964093996587820468e-02,1.392403039011354426e+00,8.333063330099249599e-01
4.640789001400398850e-01,1.488873855037905702e+00,8.052825048730294366e-02
8.250457964163151470e-01,7.204031990410750819e-01,1.082513686956127374e+00
1.409122426202682021e+00,1.276744550249853116e+00,1.347101367543332096e+00
6.425442515461446957e-01,1.681672484475677187e+00,1.329307813171705099e-01
2.149808610983594548e-01,4.226179156474699772e-01,1.897044100054530613e+00
9.956252438280270844e-01,1.675657442441665257e+00,8.954862637486590837e-02
2.051361612995430406e+00,1.592570983077576274e+00,1.703812320944742664e+00
4.705934293716872857e-02,1.483172743214117517e+00,4.810900629180001609e-01
9.308819090965831933e-01,9.514420975493378396e-01,1.757347188129659399e+00
-1.386203835116875949e-01,1.005610218735743633e+00,1.903152345628153830e+00
1.206976438897128245e+00,1.031241643434469557e+00,-6.319480342386991634e-01
1.336616591692477485e+00,1.583865291764444905e+00,1.064621993851799120e+00
8.840647529729861454e-01,1.187847415736619450e+00,3.500262851145785614e-01
1.632560636842730561e+00,1.249728915614189528e+00,1.613585361852647004e+00
1.318062040552320902e+00,1.138145673696216331e+00,2.614350804718692522e-01
9.486712271656819739e-01,5.723784707400472183e-01,-3.571699063504124583e-01
1.574320263147529264e+00,2.272930398871798319e-01,-1.156449197335282092e-01
1.072320026137093762e+00,6.943612955349471871e-01,3.544865857468848525e-01
1.869019924200825133e-01,1.110563029069528529e+00,8.178633997723926408e-01
1.175603495482529626e+00,7.507175287980685230e-01,1.693859725538592986e+00
1.196504742296020218e+00,1.149843985201222551e+00,5.237652367233521788e-01
-2.204392491632285178e-01,1.216199897174820244e+00,1.491346185324121221e+00
6.045236469827313108e-01,1.866298015744219940e+00,1.816314283583048139e+00
1.076360722676670933e+00,1.273412393580326318e+00,1.088070081549020740e+00
-1.005422124757215097e-01,1.674698758113515762e+00,-4.426181486915580637e-02
-6.517492764551255924e-01,1.011942177880630789e+00,1.261421747182667419e+00
6.846803669526884129e-01,1.642702208941656528e+00,1.451346608246551151e+00
-4.260629554304320443e-01,1.373740935658962936e+00,1.162852931958941793e+00
1.384985956286452380e+00,-1.081406942237827726e-02,-1.428580350663009590e-01
1.413010743632425736e+00,4.596637965238041246e-01,9.964075542837604882e-01
2.008304969884369573e+00,7.517596166789231038e-01,1.131895179383542116e+00
1.459806673322571413e+00,9.070281395242475453e-01,2.633855336496468080e+00
1.404621750554150950e+00,9.233710135480529546e-01,1.717690363483176386e+00
4.290762420941979793e-01,7.937353232685877558e-01,1.400534547799252350e+00
-3.195506029034964612e-01,1.354936939571986798e+00,1.085755788794316334e+00
2.298447520782453957e+00,4.549127118390332014e-01,1.905304188528313514e+00
1.519518844802938196e+00,6.876146872247362873e-01,2.093894273400290551e+00
1.550327532041194112e-01,4.842058134186388307e-01,9.637153830746477690e-01
1.643756601937405026e+00,1.067707025055495196e+00,1.051394947419732162e+00
-1.311842919552373421e-01,8.511503097993776690e-01,5.841904845931482626e-01
1.165515801049350486e+00,5.693193783967002153e-01,1.645944113037930978e-01
9.587866213157422157e-01,6.515555409349728100e-01,3.910470676098670717e-01
7.796753444119393084e-01,3.436155921546452802e-02,6.493811046740673998e-01
2.162208813321233158e+00,5.382286041868420412e-01,9.509661078420669211e-01
7.841890037892920162e-01,6.990142253000483086e-01,1.139551871084950596e+00
6.175150696876955392e-01,1.308833619136991366e+00,1.476561057248942932e+00
1.637803178355113354e-01,1.669427920785397035e+00,1.316360985009089601e+00
1.429505257077205771e+00,1.270690933964186975e+00,1.933886438919255824e+00
1.803283883044402680e+00,5.355235123766369787e-01,1.579531514405077219e+00
5.534784191654428254e-01,1.440601667400803088e+00,-4.234327089206324501e-01
8.368500368710217741e-01,9.651293187969812726e-01,1.766445164432447479e+00
1.020437034866754411e+00,1.432847109041581746e+00,1.027863903849213223e+00
4.014433697690276137e-01,6.716905526891205902e-01,1.709531042197063089e+00
2.320063275258787971e+00,4.011016519740110975e-01,9.048566874044242647e-01
5.083354177454066924e-01,6.862358882499967061e-01,3.088426605732608743e-01
1.281853379856052522e+00,1.718070598864082754e+00,1.977474764766603832e-01
1.017561249638664789e+00,5.944736955638207920e-01,2.157812682978318630e+00
2.401993535812437575e+00,1.062454340608015135e+00,1.422310284921511458e+00
1.760769773288803242e+00,7.298442617376675878e-01,1.421180400278072797e+00
1.045983602204071161e+00,7.182584151662140259e-01,9.850077800213195012e-01
1.355446633172301629e+00,-8.156359136733211737e-03,4.636587239874929156e-01
1.032411772317862964e+00,1.197987702372226293e+00,-7.194032121890133746e-01
1.103366525881940952e+00,1.513432322740923874e+00,3.985562340089501276e-01
3.112750336121659078e-01,2.035242945706550621e+00,4.233963607716983990e-01
9.209336848852216484e-01,3.071156070917115399e-01,1.316101574219774362e+00
1.609149060909953466e+00,-1.755697463323362406e-01,1.559675195653752011e+00
1.048913486759707858e+00,1.657436432633320633e+00,1.177073071001194071e+00
1.824614904249738823e+00,1.056822269856204199e+00,1.776772178975944527e+00
8.039169210718235536e-01,1.032618624463814694e+00,2.096706729437096683e+00
5.176120042103337093e-01,9.895299019370202842e-01,1.422076650123831054e-01
1.100580255976767008e+00,1.190165932389561476e+00,1.557627604534592924e+00
2.089304327993055210e+00,4.244664050008956080e-02,4.508264859977939576e-01
8.577991480971388638e-01,-7.371391854696296431e-01,9.418594428780069361e-01
1.565801857355490156e+00,8.268971772969692102e-01,7.805981433053097440e-01
1.762507745865375952e+00,9.439200639400179282e-01,6.664417650030854956e-01
1.834384006209724971e+00,8.695109449361454468e-01,2.002238622891216124e+00
9.139362465911746725e-01,1.199766920059712527e+00,1.629894169629453549e+00
8.265148436415704625e-01,1.238831983938242898e+00,9.261812836052425446e-01
8.621824996935253393e-01,8.144675720475952341e-01,6.689481752452646202e-01
1.841016681711732383e+00,6.113520894863190280e-01,3.543978734488078541e-01
-1.962285463964094645e-02,9.684626916310574707e-01,8.157549311709362261e-01
1.848181270379416929e+00,3.836663941580145676e-01,1.093824878868796979e+00
8.010772148002296422e-01,5.421366749622696934e-01,4.963825811642769703e-01
1.645806674513286882e+00,7.897815286823336445e-01,6.343752834990595835e-01
5.361179397993238727e-01,2.012849075619016936e+00,5.300481360459823044e-02
5.135890029833191095e-01,1.140824662755731689e+00,1.628062592210288262e+00
1.025782827063939751e+00,2.213679980614144505e+00,9.830105727367716151e-01
8.467373740785237857e-01,9.960760923368301434e-01,6.585030025441885870e-01
5.103007468078992748e-01,4.284051199969656221e-01,8.128319052389834098e-01
7.757205041486964214e-01,3.533674852851063641e-01,1.189942848163507705e+00
1.170878646910345600e+00,7.333160551911892533e-01,1.010189034556205012e+00
-6.580701731241209718e-01,4.765519581199667010e-01,1.277760341739123007e+00
8.835200432786987079e-01,1.304241107753453477e+00,1.815644128927096146e+00
8.942874933610875932e-01,1.061245661204276880e+00,4.322143745403970727e-01
1.509599047118697523e+00,1.108195737463901542e+00,9.550470030837689972e-01
1.686793527749088195e+00,1.064381536702465325e-01,1.619462171041578191e+00
1.109554232112583083e+00,7.180021636215858649e-01,1.572796865278767164e+00
1.169604742391456842e+00,6.851255110183757102e-01,1.111744124963824021e+00
1.819633530161763435e+00,5.476365392483879546e-01,2.631687574534065099e+00
1.056369591885665704e+00,1.566292767970703714e+00,-8.093709575113626487e-02
1.341419556176539185e+00,6.542143480271189748e-01,1.838957177907233342e+00
3.875791780046527468e-01,7.277996317260280179e-01,5.279742761247178118e-01
1.945446193403678192e+00,1.481769525667403498e+00,2.019301857149630397e+00
-7.151580715233539498e-02,4.578164685537287615e-01,-9.311892599412698035e-02
8.165925553788178082e-01,1.422930067945726851e+00,1.399652887429780224e+00
2.025942580272457605e-01,1.316040246203818764e+00,1.370035626139012974e+00
8.104401795784876850e-01,1.265210736916313916e+00,1.651515595598320063e+00
1.852853434561673840e+00,1.060218916797653899e+00,-1.795531792055344855e-01
1.418934786071200715e+00,9.608128202939154594e-01,1.238582872535420432e+00
4.051112447515239912e-01,1.630144379585483749e+00,1.471897754305202533e+00
7.062176622453733010e-01,1.571348495407690171e+00,3.507098377895263575e-01
8.362189031097424508e-01,1.502143103174176542e+00,7.549963705818407700e-01
1.132775036138973235e+00,1.045684977942470173e+00,2.244847101688070001e+00
1.159792735482338522e+00,6.860797279727243181e-01,1.672473219598023864e+00
4.493910197171854248e-01,1.412437418601109274e+00,7.675649209740696977e-01
2.085940008487962682e+00,3.306107176411456905e-01,1.391634964249427675e+00
1.269392360003784415e+00,8.028145109640273391e-01,5.786173777296870213e-01
4.130147752748118406e-01,1.631117150672904526e+00,2.072790530324094771e+00
1.102290088547634772e+00,1.155189162539836500e+00,1.815619409369210624e+00
1.967782843385183167e+00,8.989652003595368646e-01,1.827479889694200166e+00
1.547824441945423901e+00,1.069829103377629265e+00,2.059813896098939612e+00
3.362110840747717377e-01,1.029244019623756001e+00,1.227882910513610898e-01
1.479806354267114044e+00,7.500308339339265551e-01,1.816073091039640763e+00
-1.859820218526354041e-01,6.090534453111420277e-01,8.886875697148572950e-01
1.651966241910978850e+00,1.705911695354147772e+00,3.503768863995890270e-01
1.754632135707616669e+00,1.089979658193218182e+00,2.138146533498898716e+00
1.667970292121147668e+00,8.344905500083055205e-01,6.747774168070196366e-01
1.769143832365156266e+00,1.151009492930824996e+00,2.023774205567527296e-01
7.203985327450308507e-01,8.036003012309138605e-01,2.005258432230486942e+00
2.242591720513498643e+00,2.700374342012851203e-01,1.100614783580003531e+00
1.381167904467786256e+00,1.168720844799471470e+00,1.644336000415440369e+00
6.362402826645774390e-01,2.313593742461477198e+00,1.258895554034722197e+00
1.155202235761254359e+00,6.744962353643404462e-01,1.932487571753119360e+00
8.164289073853036038e-01,1.213123340634613134e+00,2.507926686533645366e+00
1.403916457843764398e+00,4.026866895952534442e-01,7.833852629238478027e-01
-9.881723263294485415e-03,5.893605887168674728e-01,1.697696320867426723e+00
9.464027914307266975e-01,6.178163466888711985e-01,1.142914389764724703e+00
8.956925659358315750e-01,1.609356518850962647e+00,7.692962562363498957e-01
1.648531986857295406e+00,3.606391934022387669e-02,1.408545267317504512e+00
1.000335898721830707e+00,7.753632494670994468e-01,1.795671066715377684e+00
2.496334471195400528e+00,6.404157838153228255e-01,1.873270935120550540e+00
1.676270721466915470e+00,9.759688395044304743e-01,7.705749541572999295e-01
-3.796671428950883220e-02,6.065561738472300402e-01,1.023986817541550964e+00
-2.642758351595684285e-01,-3.764025287010207277e-02,1.243463400846035904e+00
8.529027540579960098e-02,3.802171537610488650e-01,1.964051386067843907e+00
3.299259430750393074e-01,1.766899328114601930e+00,-5.942845336686120028e-01
3.900918396136703881e-01,-1.403387381898455466e-01,8.014460403613965500e-01
7.826952762941360442e-01,9.433194214620885809e-01,1.813639805292339480e+00
1.760232435695414210e+00,6.685020373880098399e-01,7.875013879479774159e-01
-2.081833657400287280e-02,7.982950466448780480e-01,6.411394259767698722e-01
1.782033518276499251e+00,7.201923723735635940e-01,7.629612733956794290e-01
1.896963857476860804e+00,9.145604197993520978e-01,1.364789981714430223e+00
1.316015645460358874e+00,1.495377130541991839e+00,1.031334566874721137e+00
2.036936138946192187e+00,7.022812545561271103e-01,5.295197100011878044e-01
3.251361473360265819e-01,3.630911417223223192e-01,1.260001505613446149e-01
1.275721338427012075e+00,1.561271980794537440e+00,7.477533531258027111e-01
1.084086991031373959e+00,8.435806091871380641e-01,8.260819536877672675e-01
6.913380960691475896e-02,5.303866029564876516e-01,9.064229203779163024e-02
4.785714009170073946e-01,6.334095478498275034e-01,2.282509375875474866e+00
8.721246986440313043e-01,1.016353096896182473e+00,1.781247655626457593e+00
2.474029174371048079e+00,1.381227882467650714e+00,-4.932758138182949392e-01
1.261542316928316421e+00,1.213744727793038436e+00,1.788948930416836225e+00
2.011996837049293774e+00,1.611437986083802842e+00,1.591857829386192025e+00
2.337663203652063704e+00,1.848551985254661467e+00,7.794353268092522047e-01
6.176085603194815254e-01,2.028549825223736613e-01,9.782650902955273287e-01
-1.887372623274098382e-01,1.983338515379368672e-01,2.523429652663257694e-01
1.113968743640513015e+00,1.034602202279730321e+00,2.652412701237936710e-01
2.282488642739912255e+00,3.291290978458969452e-01,7.531145468955470212e-01
2.632509539932962994e+00,1.892979464510860410e+00,1.062237539653598573e+00
2.705667777380984518e-01,1.424849774161614624e+00,4.721131008754964054e-01
1.978180045285658162e+00,3.340048341935676346e-01,8.273100464457701086e-01
1.425326020129745519e+00,1.108027797778885715e+00,1.664761076844760934e+00
1.193395216784966184e+00,1.619474476210374769e+00,5.713741018128153382e-01
1.369972647196282090e+00,1.014981448751668847e+00,4.929077133415439849e-01
8.191228366426924756e-01,1.265850433599604141e+00,-3.152972026492781854e-01
4.817064711259974596e-01,6.024696201995940470e-01,1.098203027487500760e+00
2.416216609998387277e+00,1.565876557298812033e+00,1.970509744801524299e+00
1.499200421160624019e+00,1.151769614791299468e+00,2.132230970357785527e+00
-5.178180927530084271e-02,7.453598756401247361e-01,1.583484718334544183e+00
1.966628469180470296e-01,9.962203550771953076e-01,8.699382612397321690e-01
1.063233446853640407e+00,2.511434871612141517e-01,-2.513073451230537492e-01
1.139292260312914085e+00,4.941400354340484413e-01,1.782999226042320196e+00
1.141187541002861794e+00,4.289076428660406615e-01,1.341963787504989014e+00
1.901595374917006920e+00,1.127604088839416541e+00,1.770601759879878889e+00
1.650483316748719620e+00,4.229071794790859040e-01,1.443490082830151788e+00
1.169715801965917512e+00,7.617295733136988378e-01,2.379989662607175926e-01
7.969671027574998234e-01,1.148429779612167190e+00,9.877211188070916803e-01
8.427021260392457691e-01,1.197615859389826731e+00,1.154604654710598366e+00
1.867617248235670102e+00,1.043787047576048455e+00,2.343484372363139112e+00
2.009114588754327801e+00,9.252520954512581941e-01,1.005917760652078163e+00
3.834883807811022005e-01,1.153761521529806933e+00,2.013880481231367092e-01
6.036688116230209955e-01,1.219134542254468601e+00,1.697205116237576084e+00
-1.024543438202686785e+00,1.046922396403245470e+00,1.090175531214361504e+00
5.355175025581914161e-01,1.929990956864969354e+00,9.857840206483271528e-01
4.105461901064371144e-01,6.059631017449346180e-01,5.316369716719486771e-01
1.320602189250559055e+00,1.170936733745712388e+00,5.936445248253348073e-01
2.236954386481347368e-01,1.332157523228459706e+00,1.930374074297801279e+00
1.710169722152884209e+00,1.041399465433232141e+00,9.678480803346577455e-01
1.327603511804539727e+00,1.838438394254566122e+00,-2.736544331846786360e-01
7.980939225040829532e-01,1.525208927212977184e+00,1.528811178086688205e+00
8.772641846533069110e-01,1.222816700186158068e+00,9.373398859196323540e-01
9.146956183953980357e-01,1.032124600731109787e+00,1.351454422080567097e+00
1.627972751089055814e+00,3.363582564141291420e-01,9.182420212673891857e-01
1.101509500413421883e+00,1.445411749192494266e+00,7.336672172033995576e-01
2.501806665934557805e-01,3.991112883123622557e-01,1.663074070302532848e+00
1.409857709383991242e+00,7.624491830173039109e-01,2.094000133289755095e+00
1.443607021277752533e+00,9.224527660328345480e-01,7.128393469119428394e-01
1.493086782782693245e-01,8.992686155954932037e-01,1.082120283282264728e+00
7.987164671718138820e-01,1.369936765727292949e+00,4.732454549044100567e-01
3.371450164103422242e-01,-3.539883508376948651e-01,1.434699061929551878e+00
8.045751054713250472e-01,8.869910486306404884e-01,7.117069672830004246e-01
2.374007919507919784e+00,1.487490207870204362e+00,6.505094323473836759e-01
1.027410000955103930e+00,1.199427989035519726e-01,2.630664657001037465e+00
2.356491438801989524e+00,1.194119648038434400e+00,1.033466373427842644e+00
5.239300487307760879e-01,6.117855243926428876e-01,2.141437341824053320e+00
2.143067265812780064e+00,1.176100367231538657e+00,1.402046491946595808e+00
8.071170768865455480e-01,5.351023263960131837e-01,8.591883645665787661e-01
1.988424492524433429e+00,2.351241668489479686e+00,-5.950226459425747016e-01
1.606310244064401926e+00,1.515608794653193314e+00,2.325579531666411182e+00
8.757347700661696210e-01,1.326144875631688702e+00,8.068276494341120042e-01
1.669280660448950737e-01,6.521863568040734416e-01,1.513979022876617453e+00
7.041443130751436907e-01,9.640899326008068870e-01,1.553619291419669146e+00
9.834342091753029980e-01,3.743245008679282337e-01,1.674043427327519984e+00
9.891710183161448455e-01,6.967370729098493198e-01,3.410551612290484425e-01
-1.594812009094089336e-03,1.156197104704492773e+00,1.946144627473467947e+00
5.238527005015349847e-01,2.388730121946886220e-01,7.177017697079183245e-01
8.944766817411288207e-01,1.042399530384257034e+00,1.058336134262258810e+00
2.382969636617224385e+00,7.218157528661244271e-01,1.000843145147890967e+00
5.322911999101840319e-01,6.601301715229450640e-01,1.007153339585188823e+00
2.176804719791871179e+00,4.482916072869737589e-01,4.612492373171607207e-01
1.009252557391055571e+00,1.015893071000374848e+00,6.831383326537459055e-01
1.206489271148490472e+00,1.923897404287675528e+00,1.219475618774644943e+00
2.028645057905069660e+00,1.165403783841232332e+00,7.372630590038158349e-01
1.826398281816923763e+00,7.669350453061715145e-01,1.007092442653862552e+00
1.583015426587543129e+00,3.799942051756688977e-01,2.114090732969968744e+00
-2.111101410384755572e-01,1.289593879516063524e+00,5.997405997403971734e-01
1.327785063696644619e+00,1.484811430263990539e+00,1.580308666654546723e+00
1.211039289105352301e+00,-4.681403880544088986e-02,1.300291786833581043e+00
5.686248446985460170e-01,1.817185667975329100e+00,3.127793763930298843e-01
8.015357405188233697e-01,1.255958088573982279e+00,1.794655936166394739e+00
1.496776553478349703e+00,1.419271632608287925e+00,4.603161550371624722e-02
2.145037938322185422e-01,4.008451560730370011e-01,1.262805043648672854e+00
1.726257752863327166e+00,1.763508989462025722e+00,6.756612411753475378e-01
3.404490991212033579e-01,1.041536392895306973e+00,1.649670428605063632e+00
5.434159392021910007e-01,8.560668084743804362e-01,1.050320436894020215e+00
8.719753618585920352e-01,8.557219402221104554e-01,1.767983895138114159e+00
1.954825028961857392e+00,1.797170181386578358e+00,1.193994447722379171e+00
9.229894415493642423e-01,9.408742667055334241e-01,2.608819449446683425e+00
9.761645108779526403e-01,9.221935996685932668e-01,-8.444382089738389219e-02
1.603700094516595120e+00,1.787291423870990936e+00,1.242999283940839028e+00
1.564739284380293194e+00,4.502344747161588501e-01,1.109837275108928489e+00
-4.936483667571873735e-01,4.878035949295715379e-01,1.924355985820590531e+00
2.075247446785574379e+00,2.276115755714541500e+00,8.718929332006208899e-01
1.829584298897340533e+00,1.205981216899020492e+00,8.054721488232112758e-01
2.783548714770653354e-02,1.346644049667023113e+00,1.644755149830101182e+00
2.004990201299137187e+00,1.078360038064162474e+00,1.019445112980072343e+00
1.124664329801812634e+00,1.299207219607825259e+00,1.210734292553245606e+00
8.435867266101223505e-01,1.425334170871202844e+00,4.899629779514680372e-01
8.555890063904704190e-01,1.139739401841158406e+00,1.309597064287837620e+00
6.784183587198999721e-01,9.890712874838715196e-01,1.197869331068252219e+00
-2.970620624676306720e-01,2.270094644714499843e+00,1.055459677356859416e+00
9.653221360644455018e-01,1.074339184014880377e+00,6.797556329276360776e-01
1.160561595461284456e+00,1.581228939576839299e+00,4.316398630798283231e-01
1.101253698251242197e+00,1.432868054723686280e+00,2.003680849009000120e+00
3.850875911665264661e-01,6.490216039908986989e-01,5.138358420879639565e-01
2.521966076408136193e+00,8.438339123962516064e-01,2.366557124343380725e+00
1.183905400641483308e+00,9.155133249650031502e-01,2.016717273602941063e+00
1.044883205943420323e+00,9.923015242376903577e-01,1.353968042312748254e+00
1.331171093716786158e-01,1.558232153643029250e+00,1.654987187552371175e+00
7.245602556992846166e-01,2.451818809826007972e-01,1.956885928110356776e+00
1.430939190491547608e+00,1.376456645206953988e+00,8.633531151816896676e-01
1.209515780682666880e-01,8.499074345953288034e-01,1.336071928320308189e+00
1.084572690725412292e+00,2.964904739905611097e-01,5.703236881733720898e-01
1.028824186046294331e+00,6.366926878662928502e-01,5.080098751371152632e-01
5.859792312761400446e-01,1.296859668488529183e+00,-5.934482777262404252e-01
1.331952237797905836e+00,1.007887149035716634e+00,6.592283156544453959e-01
8.907234654029402288e-01,1.951035439981201103e+00,1.179731188106543094e+00
1.094216521454839608e+00,9.658090035377191462e-01,7.063836238476027818e-01
9.448966054089511513e-01,1.098204149539224961e+00,8.701352595651017374e-01
1.686095569789335391e+00,1.257237566451400612e+00,9.653752370980059894e-01
9.946869756369117743e-01,6.334006819710923386e-01,1.688054597004278179e+00
-1.293703389094020273e-01,1.969585563261325167e-01,8.614058895188093645e-01
-3.307886191192994652e-01,1.666718324522510064e-01,8.081683488360995593e-01
1.002402171352651417e+00,3.999967552199511500e-01,1.492784089635518896e+00
2.904902244346311280e-01,1.435321718535532476e+00,1.225627519359689943e+00
8.426211562819605483e-01,9.469519216532754635e-01,8.264446718344542475e-01
1.571823242690701949e+00,2.187784164512089347e-01,4.653750701445956151e-01
2.905273859864857311e+00,8.709596832592388926e-01,1.819966599913173111e+00
2.070211937111721412e-01,7.873519414488485690e-01,1.779396162304859974e+00
9.627142027131779800e-01,1.052969513793909240e+00,1.886924729549519730e+00
-2.792153282814303084e-01,9.997090919920915697e-01,5.322361762681729891e-01
1.229370530015379215e+00,1.503142607147305077e+00,1.713201869721719062e+00
3.275561958991670242e+00,6.569179010020773646e-01,1.786030541199617350e+00
1.519689189934156026e+00,1.199094959269755511e+00,6.671443906632107401e-01
5.602909662842426863e-01,9.315550461621933120e-01,3.292780731554909579e-01
1.767688697486963889e+00,5.745609486733577187e-01,9.756486762445348848e-01
1.062867631166842353e+00,1.434676101454492203e+00,1.480020325529229464e+00
1.017762838530543057e+00,6.046788260903347423e-01,3.413216799189626727e-01
1.200342422604521619e+00,5.926845224723230610e-01,1.045175382415944432e+00
1.076975397240430704e-01,9.511809786314446846e-01,6.070495486216337389e-01
1.431841602721981799e+00,1.283768343289736658e+00,7.829029809583724075e-01
9.850325935889031603e-01,5.832514060516811316e-01,2.410575286828059216e+00
1.726816240117292622e+00,8.390906528437966916e-01,1.100377814817913302e+00
1.301778182759348645e+00,6.607702351161938159e-01,3.270576555311501682e-02
-8.649666656205218240e-01,5.396882673970215816e-01,7.991320654655826861e-01
1.824648702900750097e+00,1.146239497928365214e+00,9.017892167310918028e-01
1.508926753429243428e+00,6.642965722784583971e-01,1.607158273697545381e+00
5.102096927033878959e-01,1.260692945231137507e+00,1.167645123045648603e+00
7.718930481972252622e-01,1.142178653675472111e+00,6.939432209310646416e-01
-5.217935569441271848e-02,8.375215957697553781e-01,-6.226753210674845773e-01
4.111621735934579136e-01,1.036283042011119981e+00,1.337872282649898326e+00
1.322745902346542435e+00,6.036224414526120130e-02,1.556192529282854453e+00
2.712306055977284913e+00,1.102389148789808093e+00,1.123278084688082101e+00
4.011027949198673337e-01,6.500471024532115116e-01,1.416688572408405511e+00
4.167211328415632576e-01,1.247414910905308094e+00,1.965554598242433615e+00
2.145167039323625957e+00,1.055977275147866212e+00,5.882842341733438563e-01
1.813681722190851886e-01,-8.262120782778838157e-02,1.396032494111833500e-01
-1.866518627999483315e-01,1.995863705359243401e+00,6.702299578480581665e-01
1.576580548506509860e+00,4.227733551057307193e-01,9.274750659318155011e-01
6.942583709153362648e-01,1.176339827130693960e+00,1.455379489625759026e+00
9.099029644157659025e-01,1.568502258513968517e+00,1.040800868251652300e+00
1.260707184919328983e+00,1.592228405580607520e+00,6.916954770406116282e-01
-5.764218426983602761e-01,6.721316826820238344e-01,1.424042410637271106e+00
7.799655973731574043e-01,1.306936336270500876e+00,8.345621453302959347e-01
6.898797814601944633e-01,1.483581390403406974e+00,1.277691531593967422e+00
2.587862785479284611e-01,1.659299241700232130e+00,1.950198246027656568e+00
2.167326018154513145e-01,-9.168300817592130170e-02,2.560218279003963371e+00
1.257724481153496887e+00,9.141254994411529555e-01,-7.322692065028561792e-02
9.038431911051106882e-01,1.062947144867143923e+00,1.532369415995818995e+00
8.054723147319605703e-01,8.619094040535036916e-01,5.938239816379859981e-01
8.217829171953251466e-01,2.845212581001716479e-01,3.452765357208900654e-01
1.944806886244641708e+00,9.972267946535753325e-01,1.231510387699046527e+00
2.621069870981334482e+00,2.201867563093732993e+00,1.670001318891294773e+00
2.010852567855824002e+00,9.693052524080625343e-01,1.470792796383389334e+00
8.531840484920332202e-01,1.621281681992444712e+00,7.357362826597262373e-01
7.161557837263723414e-01,2.653365756487822691e-01,4.226752346635789248e-01
1.106543980492522783e+00,7.456026207844598241e-01,1.036534248531788993e+00
1.254766309877735075e+00,8.631244808353646381e-01,6.179122096947423648e-01
2.318073049653916584e+00,1.283109007118693468e+00,2.377114628502533300e+00
1.252264899039303159e-01,9.626086425749506015e-01,1.621156233037670980e+00
1.692965618148519313e+00,1.984546205233521654e+00,9.810088372485655794e-01
1.046194235992023103e+00,-3.544628086903882716e-03,6.774731075627952182e-01
4.046078367116027197e-01,7.939151461877849147e-01,8.219258237505706610e-01
1.334015881790129754e+00,7.044725482380592707e-01,1.137703112045134635e+00
4.765301602140920578e-01,7.791327508767480481e-01,2.459330808804704449e-01
4.094310493562213771e-01,1.202436987502226717e+00,2.349488323901896825e-01
1.002077135589666712e+00,8.838175391333354947e-01,5.227016334287537536e-01
1.500716402880907241e+00,1.495272739602613754e+00,1.668778528565547203e+00
8.885111880540258467e-01,5.332035098049666688e-01,7.484751235619648835e-01
8.337331159195586761e-01,6.875728205801930892e-01,1.217962698764743390e+00
1.244299848868956948e+00,5.246944084350341209e-01,2.639705781695981468e+00
1.290054411672906909e+00,1.611075342321836690e+00,9.901333169472474882e-01
1.029306457584073797e-01,7.372010233315248184e-01,-8.739455532184747799e-02
3.253424565079754416e-01,1.441640603619521066e+00,1.201534875574902683e+00
1.148696015321444719e+00,1.313514822783046654e+00,1.033644128155555730e+00
2.165867373529822615e+00,1.062307839143725285e+00,4.250067156482816855e-01
5.397370843572935756e-02,-1.171672758822150939e-01,1.042704941082579495e+00
6.458048701818256410e-01,5.084964153160109745e-01,1.718154079181931193e+00
-1.412789625426659479e-01,1.460380955420523597e+00,1.329281882143279470e+00
2.108204480367230627e+00,-9.136417320953531956e-03,9.172760994253464917e-01
-9.610314761555485696e-02,5.162975856714473455e-01,1.639129597974132269e+00
2.335555800381875713e+00,7.262419375486348638e-01,3.450432467336265741e-01
1.220409874838004782e+00,3.745795740245336791e-01,1.431516882579752181e+00
7.825652528429584143e-01,8.707030183857599193e-01,6.267539523544285451e-02
1.119428748253278760e+00,1.394495882847918422e-01,6.221602342350739390e-01
2.102667244415266090e+00,1.309679400753583023e+00,1.232433880636569112e+00
3.729161989370815000e-01,1.260784016302044286e+00,2.682125009403145133e-01
2.645714771219520145e+00,-7.243851976085499134e-01,1.932231441148386519e+00
1.896697390036735875e+00,5.776589307107019566e-01,7.116029772630619865e-01
1.171881734010693732e+00,4.195275054807956483e-01,3.600030397316696940e-01
1.466481561034550074e+00,1.309043154423279232e+00,1.787985163044457426e+00
3.903927808486620799e-01,1.350189834408362932e+00,6.598425956065024911e-01
1.053858744299133843e+00,8.858899533267537985e-01,6.940302765420901521e-01
1.343515532995414485e+00,1.585742574765963697e+00,1.274668404332178540e+00
9.445185223717714740e-01,1.118074948506715627e+00,1.666823247515653028e+00
-1.018822498059741011e-01,4.753016907722620865e-01,3.601291730014058334e+00
2.181697976747344558e+00,6.978923524547554491e-01,5.588446963350024443e-01
1.827810774008793715e-01,1.375562527932915335e+00,5.159825005287486110e-01
8.619032111355340309e-01,1.035472511392392603e+00,4.050499907420582746e-01
1.005463712730352510e+00,1.093678834745659412e+00,1.000684603540850981e+00
1.401069390035825091e+00,4.974920752656552536e-01,2.472863560347735024e-01
1.708547429123737471e+00,7.165283564805536853e-01,1.756395419072935171e+00
1.372878079701698173e+00,9.109733934323336335e-01,2.376384347092324489e+00
-1.847637076993804139e-01,1.722590085906061108e-01,-5.994056807030019307e-01
5.070746959469235593e-01,1.100506966681739973e+00,1.209876112267562337e-01
9.604032083314993917e-01,8.448773101867286250e-01,-3.379287805550479917e-01
1.107573165406921634e+00,4.664133960096866205e-01,7.727115594123545872e-01
1.679792446318268295e+00,9.044549297849989733e-01,4.364712692251485060e-01
2.052754857992103332e+00,5.402238483675155800e-01,-1.094737585164224231e-01
1.476737215690166583e+00,2.509598415529858406e-01,1.089923226341889428e+00
1.214730793420994104e+00,5.956188431833644437e-01,2.084236277323350262e+00
5.093145137755169527e-01,5.463371535260627132e-01,3.867862195939356096e-01
1.013003987422481433e+00,1.853245749396209785e+00,1.383124794826158688e+00
8.139953410488712793e-01,1.389530611537300508e+00,1.962984972068813061e+00
1.140027905067270808e+00,-8.163816309033462837e-03,1.542447956491541428e+00
1.661784720507179791e-01,1.193236992012007835e+00,2.160160803500049465e+00
1.725344211174250519e+00,-7.476046875442098061e-02,6.032532124098060056e-01
7.661477941649518231e-01,1.106867210481739194e+00,4.793160875857397918e-01
1.173315113536604226e+00,4.798916838231044868e-01,1.783487798677156233e+00
1.296196042118316738e+00,9.013639970820032099e-01,2.040461246625709268e+00
1.213756799544610132e+00,1.841219269573547646e+00,1.066796681606293040e+00
1.049516123675048540e+00,9.256004177693946122e-01,3.439111798157554745e-01
1.598663885493398329e+00,7.650644512446918011e-01,1.692391708598389999e-01
2.579204824578837485e+00,1.240490947672900024e+00,9.891807934019078985e-01
2.619089967246541195e-01,9.375338213960716649e-01,1.225501475868733037e+00
2.381511949282286267e+00,1.742554849767750991e+00,6.951915454308251752e-01
1.551003530576176848e-01,6.965536847416168298e-01,1.233758581348299632e+00
1.441845175522867395e+00,1.130430746321176239e+00,8.191557946444745220e-01
1.110144893371993513e+00,9.177703309430343959e-01,1.343546116728149720e+00
6.407179153511614045e-01,1.039598232091337504e+00,1.210877576589021398e+00
2.052575153674097930e+00,1.096322330742588447e+00,8.818205344328335915e-01
1.129279277170920581e+00,9.937970709933670044e-01,4.608168514322598663e-01
8.694750934066803882e-01,1.320062455071735474e+00,8.263691315696474193e-01
1.625238650006859478e-02,1.057534874994637608e+00,7.739703637837799244e-01
3.785908446502154190e-01,4.789438747431880583e-01,2.984668971255325862e-02
-5.366981192797344591e-02,2.892406874961505614e-01,9.875398653827220929e-01
1.516601086669302267e+00,1.428033798892586637e+00,2.153544867758505621e+00
2.902685457141437331e-01,2.004951195707653788e+00,1.348513218227857413e+00
1.666155331749945345e+00,1.027902470984028982e+00,7.943123851008057068e-01
1.649389014256628316e+00,6.807242726911089115e-01,-7.131790391432707432e-02
7.296354510579227126e-01,6.731943139429181766e-01,1.025288752177935470e+00
9.074012405027084283e-01,9.852638948809439023e-01,7.728189097010679243e-02
3.260587017460605530e-01,5.374247655443729066e-01,1.355860135090938057e+00
7.052986212367020613e-01,1.521723083023738043e+00,3.884983958001335391e-02
1.321134650920672726e+00,7.625492398567769448e-02,5.849132141214371527e-01
1.061936904238806267e+00,1.015262468580530042e+00,1.248299489208998470e+00
1.964354677867179655e+00,1.152420331126600583e+00,1.338268751178258720e+00
1.197471890373407621e+00,2.565508584205168363e-01,1.503342230764476151e+00
1.863495220203728930e+00,5.368850167771467286e-01,2.516432609176864621e-01
2.107256218234621947e+00,3.321478715188150299e-01,2.292522744815762847e-01
1.801404947478085550e+00,1.486906567596929074e+00,5.546955032783317252e-01
5.485420637354379014e-01,1.060535046691985173e+00,-8.010639095903007156e-01
1.286539016035291194e+00,2.467165377174288798e-01,2.538157661718198205e-02
1.884591520925458452e+00,1.140503001343377232e+00,1.264028550023737152e+00
6.672105931539277224e-01,9.934532495069590130e-01,-6.667112734791851014e-02
1.923841423463321876e+00,1.168092942664441081e+00,1.590023968567936707e+00
2.359717319412050873e+00,1.793985172350974100e+00,5.386412658126457087e-01
7.920807993451007833e-01,1.451281255903423384e+00,1.232531919560413636e+00
6.931561115952347141e-01,1.544386824516384538e+00,1.351584257368356523e+00
9.976299014606395676e-01,7.687925843428786710e-01,1.611235597455817237e+00
8.902477858312769499e-01,1.085629311783359308e+00,4.687361874007784923e-01
1.217757678208159611e+00,4.591902964390756625e-01,6.836578360590672698e-01
1.662589905981513905e+00,1.079152560998430710e+00,1.165149397503036477e+00
1.030037277312478183e+00,3.504777414800858137e-01,1.180814702111887327e+00
2.428130848616830928e+00,1.349927819789026762e+00,8.853604380415922015e-02
8.391149497535502766e-01,1.407986659451054168e+00,1.168866869206718118e+00
8.288414019977046188e-01,9.680799797688915964e-01,9.080490424611676881e-01
1.909374912993132334e+00,6.874661688369639867e-01,1.407396898008683506e+00
1.811592644784893597e-02,-2.164366261278788117e-01,1.521201475535002512e+00
-3.448077332759418856e-01,1.274119890707151592e+00,4.061636584432540276e-01
4.635120023993162253e-01,1.965311101738467681e+00,1.174413478032093616e+00
3.107300059371392864e-01,1.611559596128347760e+00,2.044773305725664514e+00
4.828347739009139494e-01,1.451461633026783549e+00,9.650205351192889802e-01
1.281471584615387682e+00,3.322955661213611855e-01,-2.310851214974232737e-01
1.074320392373880217e+00,4.366619114594425533e-01,1.820783485278519187e+00
2.126829013013161962e+00,1.425688949937311323e+00,1.315044766148296462e+00
-2.635655422656740243e-01,1.009637369970712628e+00,1.295275589151069884e+00
5.242894567664695415e-01,9.308320390717552684e-01,2.201045217675455135e+00
4.894574701440291831e-01,8.236414640451423796e-01,5.257617823809520585e-01
1.060513171951052991e+00,1.400447805022475345e+00,6.670249607841536310e-01
1.558583384467169486e+00,9.972424937208225204e-01,1.475145701528573383e+00
1.685638410802641651e+00,7.842434598487114661e-01,9.761014351256189769e-01
-4.134132933418245281e-01,7.379055053957856991e-01,2.268363158044909067e+00
7.225438101524962464e-01,2.865506878832658200e-01,7.823013504164120224e-01
2.014582889307992009e+00,6.195759335829137404e-01,1.477624330385070683e+00
2.369393699741542403e-01,1.023231535146667870e+00,1.780702767573098290e-03
1.451692275420591649e+00,1.007981809666192552e+00,3.173734724663855311e-01
1.546377961999988004e+00,1.095824190656042640e+00,-5.124184104371487525e-02
2.040009749183980592e+00,1.002554907694439779e+00,4.598140709537425486e-01
6.533615880633869555e-01,1.350800779062047985e+00,7.363594454960907809e-01
1.091980066557878937e+00,9.160812124295063530e-01,3.646617661865926840e-01
1.692125734571546802e+00,1.359889193171756272e+00,1.447419293814326879e+00
1.248641348031085618e+00,5.756158557205438564e-01,7.039712483824499545e-01
1.533924268141443781e+00,3.051993552402795795e-01,1.261811864039988462e+00
1.925091428632950352e+00,7.644387627546688213e-01,1.164756395147721557e+00
1.959438646185982291e+00,9.351971246410969441e-01,4.779515426655197574e-01
1.255751482282329023e+00,2.687213222170786175e-01,1.616998648316503306e+00
1.197585494358750280e+00,6.666453084243390004e-01,9.695925955384179229e-01
1.083945593421935527e+00,1.761763798972016959e+00,1.670451303817397815e+00
7.403141101354179243e-01,1.546647522629993610e+00,1.168372016811581870e+00
6.679933859929837459e-02,5.414354396495035804e-01,1.549155856980464874e+00
2.497277013229498799e+00,8.771053336443245252e-01,1.606506583619721762e-01
1.344078382504524605e+00,6.992313201345160545e-01,2.280881740490981469e-01
1.271603915822020259e+00,1.005552574125526233e+00,1.007096516694925059e+00
1.624477027986051869e+00,1.640037459362276850e+00,1.143159306519136775e+00
1.698994378077870904e+00,1.088997404453891482e+00,1.300950020947851282e+00
1.143110555253681770e+00,1.210893814347002939e+00,2.082891517014467730e+00
1.171074829413907281e+00,1.457682775143299470e+00,2.062293375528756911e+00
9.594019891678304823e-01,1.680903651571288293e+00,1.317492660120513692e+00
1.222687444953731939e+00,4.434263974929480989e-01,1.300081951251684131e+00
1.145243694353143882e+00,7.535213521930729241e-01,1.069215306496839712e+00
5.725472685990373733e-01,1.008047679405774444e+00,1.356900702762162902e+00
1.039903068634031591e+00,1.228755551738277552e+00,1.817769641467611441e+00
5.483049739454266547e-01,9.734914328103119185e-01,9.981648282368665859e-01
2.021923407161588582e+00,1.102012450824109591e+00,-3.627257532354082326e-01
6.434652716975152176e-01,7.819684680788043796e-01,7.135506772661395214e-01
2.259097997824034143e-01,1.592871487177500267e+00,1.633899488854929416e+00
1.635973919265478971e+00,5.817749697351571880e-01,5.355220133953986217e-01
9.960467474023199097e-01,1.618973413830358643e+00,-2.235839710765468169e-01
5.481988219151505692e-01,1.226698952635815409e+00,1.250950042521184136e+00
1.561529040156232728e+00,7.803594973038111560e-01,4.504259249586463620e-01
3.620961944486285333e-02,9.940502030201629757e-02,1.844754556128556988e+00
5.122495235920110357e-01,5.869401415772314001e-01,1.041235124769416709e+00
-9.577290693694564538e-01,1.027082845628046082e+00,1.931225754140972306e+00
4.609435806600500896e-01,1.039063420962516471e+00,6.753819410429364734e-01
2.914384714123763320e-01,1.494522366570677052e+00,5.923342280295704754e-01
6.540898612510132049e-01,1.741118248375258304e+00,7.492372290383155775e-01
1.206273691942752579e+00,1.230574327872523410e+00,2.507911579932525781e-01
1.999655917750419620e+00,9.496339465216862008e-01,1.053509884454661538e+00
1.319991729243485512e+00,1.613694309533921789e+00,1.081843325767374520e+00
1.769245679488211875e+00,1.159950590006731952e+00,1.428313455362911322e+00
1.156903788109853171e+00,5.685566417313100418e-01,1.224823440215287107e+00
5.497732995710753467e-01,8.319540739120869777e-01,1.109767485695107414e+00
3.208423834814352338e-01,1.283787494002943674e+00,8.485453005308248864e-01
1.658130275272906795e+00,1.058758338273862121e+00,8.559888924844826219e-01
1.806316563084418458e+00,1.168581777878673345e+00,1.043676922180001521e+00
1.288550692620229698e+00,4.672731125991185230e-01,7.175560161428653494e-01
4.922829861926982242e-01,3.755847934155453482e-01,1.269350304629406567e+00
8.219650855687381519e-01,1.212620169577420359e+00,5.627306514792385084e-01
1.092728866357975726e+00,7.118612788969603811e-01,1.188828482344451265e+00
1.827622101169993574e+00,1.568368707074083490e+00,1.797671401972253391e-01
1.238538429453953649e+00,1.101569762106983763e+00,-1.069395562626216378e+00
8.914170211199761162e-01,1.462543336613089773e+00,1.291233865097968669e+00
1.348984726243380949e+00,9.312479559618662694e-01,1.852914802121935933e+00
2.076132599800063705e+00,1.359873474379375669e+00,9.399395102438977689e-01
2.385313333778044456e-02,1.717500742269176595e+00,1.503679050602610978e-01
1.265826094140275748e-01,8.036076728368306554e-01,4.100431216662324685e-01
9.631733646366082979e-01,7.244302942527465206e-01,9.461501078214062943e-01
1.463179348254765699e+00,6.898394126756944855e-01,1.156743079910178995e+00
7.868047381447261790e-01,1.865081598940132590e+00,-1.177232069154458688e-01
1.564636423144934785e+00,7.170871933026378153e-01,1.751332876055775811e+00
9.011382376139889239e-01,1.256995323099951101e+00,9.916975014986687542e-01
1.564120404422368660e+00,9.929697519475291223e-01,4.221361532718579945e-01
7.142297203230020264e-01,1.062862396724323588e+00,5.109576888648619253e-01
5.326110880815682069e-01,1.407289850406370668e+00,4.088998478458415464e-01
1.016843850478147182e+00,3.911211237705113780e-02,3.787781474684412397e-01
1.457831897560958545e+00,8.386089458318254364e-01,6.718404382324367763e-01
9.052162807238645081e-01,1.155131041908148193e+00,2.342452444032029124e+00
1.061110072481497690e+00,2.501034434244883697e-01,1.635189900822861864e+00
4.454373986027411192e-01,1.912426859819376102e-01,3.524356886671823896e-01
1.701454243516246301e+00,2.117158419265360525e+00,2.854435270240276296e-02
7.347466062749864468e-01,2.019578465314960103e-01,1.458614085458657339e+00
1.626685669183514538e+00,1.390852616384363527e+00,2.714271821301569076e+00
1.362125391172938516e+00,7.890106941971380961e-01,3.749792064025180283e-01
1.249940925020594840e+00,6.110662339757987338e-01,7.050870441269882494e-02
1.221674311970467830e+00,1.316629645366197643e+00,1.393931716824108991e+00
1.662762567964372051e+00,9.138198182416699122e-01,1.483653553647412027e+00
1.457963178772031299e+00,7.867671503707628355e-01,1.218198701130437822e+00
9.572676011482075253e-01,9.268806577978324635e-01,8.146992887388121440e-01
5.513172791353397884e-01,3.769374069497273827e-01,1.306455984150884264e+00
-3.534677983282476510e-01,1.778446812742407346e+00,-3.336553637224394242e-01
1.839385248500152059e+00,1.369201676084082830e+00,2.181370872006440198e+00
6.547576288225163965e-02,1.256727133261618112e+00,1.389143061021619552e+00
1.965058875488643109e+00,4.618459923885027130e-01,-7.668853083647722557e-02
4.356297329398020057e-01,7.487456547376096783e-01,1.585128836079523040e+00
1.015276934448256396e+00,5.212896292016312438e-01,1.202548883519865441e+00
3.641546875212608447e-01,1.592821506840599088e+00,8.652696868229026173e-01
3.578568455986644858e-01,3.517649141299260540e-01,1.324065909948941577e+00
5.423205114004144706e-02,1.467893483441185865e+00,1.014102087514927586e+00
1.833402193515650147e+00,7.520387577045610783e-01,6.383914543840091271e-02
4.136435999634592853e-01,-2.887658261016070593e-01,1.166510690510746961e+00
3.308185248548530244e-01,4.872406249301439174e-01,8.153929159271693372e-01
1.133440624122026730e+00,3.059896525988888283e-01,1.021504669358362483e+00
1.607410896438782100e+00,1.089264254568276469e+00,1.555090791884341961e+00
-8.671948162679880834e-02,2.471161805897498231e-01,6.486237194014951024e-01
1.076940954979003662e+00,1.501117038267753667e+00,4.597918194953011239e-01
-8.698396203622715817e-01,-5.642445347839444847e-02,2.250082167814074108e+00
1.868131283969952650e-01,1.461956715855210032e+00,3.940526025652208442e-01
1.206581180537205977e+00,1.965432112708346057e+00,8.407647013678278825e-01
8.821625773781199831e-01,3.369058977159204438e-01,4.853358636685733973e-02
1.039832193026816176e+00,1.683206559783738010e+00,4.001241354314059029e-01
1.259042295335896400e+00,1.538888112673763242e+00,1.444522686429491332e+00
8.975263837122692268e-01,5.569980613383207491e-01,2.534064650657732454e-01
6.345649233198843442e-01,7.368466967766944542e-01,1.503282350132150613e+00
5.379538756042883119e-01,7.658984149023959631e-01,7.251043673356174502e-01
8.512893842407477374e-01,2.112027217004917912e+00,1.030218326701626497e+00
1.354583188482400002e+00,3.609273246365239940e-01,4.490946517124149162e-01
1.565057141646449823e+00,9.973329511638273637e-01,-3.192073647909568490e-02
4.708260762627097251e-01,1.528547721990343389e+00,1.697790594166848077e+00
1.600369682000353011e+00,8.740162046883244162e-01,3.080337480229404790e-01
4.967564239638526113e-01,5.415490084151324268e-01,8.736969296849872446e-01
1.486631707570230443e+00,5.863755482584921408e-01,1.124065141442522481e-01
9.355106677571710661e-01,6.321708663486873547e-01,1.095664227115057843e+00
6.260619897451920046e-01,9.682018917303576444e-01,3.090774447485705734e-01
7.729275237262870357e-01,1.081548649247961569e+00,7.512243748372012808e-01
1.378751349697073358e+00,2.846499434908781878e-01,1.650779156937498993e+00
-2.165270915686265119e-01,8.947351834312027297e-01,1.156502067078639451e+00
5.304457686244754555e-01,2.092198001716580436e+00,1.388049277160940509e+00
8.031450441717009892e-02,1.417667567036313914e+00,1.472611389126067483e+00
2.293794613944802663e+00,5.209489171643704175e-01,1.108051477056591461e+00
6.976429291071987171e-01,1.976561996729405246e+00,-4.041575580387857247e-01
1.620593787478048053e+00,4.094704184042491923e-01,1.668217445438962554e-01
1.202673495565647732e+00,4.888976031781174236e-01,1.233107257780656635e-01
1.461523068156231009e+00,5.678852198193737877e-01,1.092740823328776312e+00
5.684094026568777824e-01,3.845521360484961959e-01,7.977600888757444553e-01
6.219163381009090719e-01,9.805407059452893037e-01,-6.887329290515943614e-02
1.494192466155241483e+00,1.071782840809083481e-01,-1.539108937755766238e-01
2.164843524776778771e+00,1.312762937695197696e+00,1.011816165880379259e+00
2.048351940652346492e+00,1.024885448725936010e+00,1.089404255370462149e+00
1.013376261299650638e+00,6.960089485999154668e-02,1.063666127960289032e+00
7.058162742444578086e-01,9.200282692094291503e-01,1.292215704627633688e+00
1.325419229897513151e+00,1.863391164382590393e-01,1.881003136092140871e+00
3.612727228227949339e-01,1.050288808838447219e+00,3.122166662481651311e-01
1.238342195434882331e+00,1.830279849276522874e+00,4.297158032647996340e-01
6.216822525036660441e-01,1.065671223187783179e+00,9.936981285766310901e-01
3.745793610135180612e-02,5.006593106744215982e-01,1.057478964133745203e+00
1.865981911522708980e+00,1.056730748935522213e+00,1.074551300359378070e+00
9.444610834814799460e-01,8.452421912471503873e-01,1.872875386879746973e+00
1.020071397862173379e+00,1.274629387528808167e+00,1.209953968574110528e+00
1.395709577200559215e+00,4.637836095795013769e-01,1.731021986099996024e+00
1.044824830948850147e+00,7.428618976312462152e-01,3.569792060710880177e-01
2.096831663264367984e-01,1.265646775148344672e+00,9.008872198819335431e-01
1.199549681676904817e-01,7.483310905843646443e-01,2.076293830321602307e+00
1.939747357057182153e+00,6.266418938698957719e-01,7.272558897513741183e-01
1.950233613496674678e+00,9.168362984035782759e-01,3.608090771001805086e-01
1.704987664690311489e+00,9.560143250871716569e-01,1.368779929298484799e+00
1.050482476867516946e+00,1.348913750379983290e+00,2.287618777328179476e-01
1.038870300607400488e+00,5.750399130661659752e-01,1.094270063808362892e+00
1.124864738244689688e+00,1.673781589434702732e-01,2.553447120487959410e-01
1.470035062925979297e+00,9.197188359800197999e-01,-1.484192466431811241e-01
