5.611685104668140411e-03,2.707022707909345627e-03,-9.234104305505752563e-03,-2.727016573771834373e-03,-3.508334513753652573e-03,-2.751647960394620895e-03,1.320804003626108170e-03,8.763666846789419651e-04,-1.510089932708069682e-04,-1.126293651759624481e-02,9.561846964061260223e-03,4.309010226279497147e-03,-1.075484906323254108e-04,3.898447845131158829e-03,-7.630556821823120117e-03,-3.355472115799784660e-03,6.412738468497991562e-03,-3.275674302130937576e-03,-2.890435047447681427e-03,-9.098182199522852898e-04,2.503310679458081722e-04,-8.871474303305149078e-03,-3.958284389227628708e-03,-3.043132368475198746e-03,-5.826260428875684738e-03,-1.972046913579106331e-03,-5.937584675848484039e-03,-2.820434747263789177e-03,1.541326288133859634e-03,-2.093971997965127230e-04,-8.382233791053295135e-04,-9.676981717348098755e-03
5.651941988617181778e-03,2.881310181692242622e-03,-9.433276019990444183e-03,-2.669454086571931839e-03,-3.284390550106763840e-03,-2.469130558893084526e-03,1.046371413394808769e-03,5.469857715070247650e-04,-2.764169184956699610e-04,-1.142268721014261246e-02,9.713017381727695465e-03,4.381994251161813736e-03,-1.970711746253073215e-04,3.853814210742712021e-03,-7.275215350091457367e-03,-3.098525572568178177e-03,6.537063978612422943e-03,-3.172439057379961014e-03,-2.534296596422791481e-03,-8.410411537624895573e-04,1.941061054822057486e-04,-8.931255899369716644e-03,-4.245810676366090775e-03,-3.165715141221880913e-03,-5.785998888313770294e-03,-1.965358620509505272e-03,-5.687350407242774963e-03,-2.558426000177860260e-03,1.716644736006855965e-03,-2.803466049954295158e-04,-8.629399235360324383e-04,-9.417967870831489563e-03
6.036411039531230927e-03,2.051194664090871811e-03,-1.138291973620653152e-02,-2.143373712897300720e-03,-2.025453839451074600e-03,-1.393861137330532074e-03,-8.443132974207401276e-04,-7.004283834248781204e-04,-1.259617740288376808e-03,-1.292803883552551270e-02,1.241581700742244720e-02,3.471066709607839584e-03,1.647944562137126923e-03,3.218001918867230415e-03,-6.717371288686990738e-03,-1.103131100535392761e-03,5.493492819368839264e-03,-2.273179590702056885e-03,-1.438591629266738892e-03,3.308316925540566444e-03,3.281085519120097160e-03,-8.211768232285976410e-03,-6.212832406163215637e-03,-4.513543564826250076e-03,-6.171563174575567245e-03,-5.292186513543128967e-03,-4.183904267847537994e-03,-2.698011929169297218e-03,1.262195175513625145e-03,-2.319068647921085358e-03,-4.219385329633951187e-03,-6.999500095844268799e-03
6.071670446544885635e-03,1.057460438460111618e-03,-1.174362376332283020e-02,-1.669580815359950066e-03,-1.182424370199441910e-03,-7.293921662494540215e-04,-1.613273518159985542e-03,-8.730318513698875904e-04,-1.378844259306788445e-03,-1.375098153948783875e-02,1.388410199433565140e-02,3.446896560490131378e-03,3.046879079192876816e-03,3.454407444223761559e-03,-6.548621691763401031e-03,-5.086095188744366169e-04,5.153839942067861557e-03,-1.897986279800534248e-03,-1.441604457795619965e-03,4.903663881123065948e-03,4.852624144405126572e-03,-8.242753334343433380e-03,-7.419915404170751572e-03,-4.889274481683969498e-03,-6.632242351770401001e-03,-6.685066502541303635e-03,-3.544404637068510056e-03,-3.086008829995989799e-03,6.398785626515746117e-04,-3.361370414495468140e-03,-5.881223827600479126e-03,-6.404165644198656082e-03
5.409866105765104294e-03,1.761518651619553566e-03,-1.002124138176441193e-02,-2.220779657363891602e-03,-2.149994717910885811e-03,-1.652515726163983345e-03,-2.068011090159416199e-04,-3.633921733126044273e-05,-1.159018138423562050e-03,-1.247001811861991882e-02,1.187498308718204498e-02,4.533045925199985504e-03,2.151806605979800224e-03,4.357723984867334366e-03,-7.189906202256679535e-03,-1.857297727838158607e-03,5.961405113339424133e-03,-2.510662190616130829e-03,-2.054992830380797386e-03,1.839445903897285461e-03,3.001287812367081642e-03,-8.935520425438880920e-03,-6.064002867788076401e-03,-4.095383454114198685e-03,-6.550112739205360413e-03,-4.138812888413667679e-03,-4.615676123648881912e-03,-2.947420114651322365e-03,7.086102268658578396e-04,-2.047709189355373383e-03,-3.730581607669591904e-03,-8.385406807065010071e-03
5.411518272012472153e-03,1.665604417212307453e-03,-9.657195769250392914e-03,-2.312839729711413383e-03,-2.417967887595295906e-03,-1.807988854125142097e-03,-5.403680552262812853e-05,5.811441587866283953e-05,-1.083157490938901901e-03,-1.239741872996091843e-02,1.159450598061084747e-02,4.760709591209888458e-03,2.245634794235229492e-03,4.478488117456436157e-03,-7.238938473165035248e-03,-2.144156489521265030e-03,6.311805453151464462e-03,-2.575044520199298859e-03,-2.291897544637322426e-03,1.428369199857115746e-03,3.145648865029215813e-03,-8.963708765804767609e-03,-5.727871321141719818e-03,-4.019951913505792618e-03,-6.322155240923166275e-03,-3.754415549337863922e-03,-4.781906958669424057e-03,-3.235296113416552544e-03,6.049233488738536835e-04,-1.515973359346389771e-03,-3.126623574644327164e-03,-8.770932443439960480e-03
4.824649542570114136e-03,2.333786105737090111e-03,-7.830622605979442596e-03,-2.716999035328626633e-03,-3.709899261593818665e-03,-2.469080500304698944e-03,1.350384438410401344e-03,1.312154345214366913e-03,-6.396312965080142021e-04,-1.120934076607227325e-02,9.623068384826183319e-03,5.364878103137016296e-03,8.901188848540186882e-04,5.181173793971538544e-03,-7.476284168660640717e-03,-3.735018195584416389e-03,7.357195019721984863e-03,-3.242171835154294968e-03,-3.422415815293788910e-03,-1.695378450676798820e-03,1.454052515327930450e-03,-9.471532888710498810e-03,-3.961773589253425598e-03,-2.677276032045483589e-03,-5.886440165340900421e-03,-9.070222731679677963e-04,-6.376866251230239868e-03,-3.225312568247318268e-03,8.823751704767346382e-04,4.713898524641990662e-04,-5.258999299257993698e-04,-1.066308375447988510e-02
5.064388271421194077e-03,1.812674803659319878e-03,-8.783014491200447083e-03,-2.024783985689282417e-03,-2.864031819626688957e-03,-1.657272106967866421e-03,-2.435090718790888786e-04,7.755137630738317966e-04,-8.791906875558197498e-04,-1.163162756711244583e-02,1.088471338152885437e-02,4.686428233981132507e-03,1.297911745496094227e-03,4.996342118829488754e-03,-7.069773040711879730e-03,-2.617630176246166229e-03,7.062085438519716263e-03,-2.767320489510893822e-03,-2.770853228867053986e-03,4.909746348857879639e-04,3.112863982096314430e-03,-9.155884385108947754e-03,-4.898674786090850830e-03,-3.506254637613892555e-03,-5.907103884965181351e-03,-2.881103428080677986e-03,-5.716403014957904816e-03,-3.212771844118833542e-03,9.758450323715806007e-04,-1.229913672432303429e-03,-2.467142185196280479e-03,-9.342431090772151947e-03
5.096815060824155807e-03,1.626532059162855148e-03,-8.961437270045280457e-03,-2.368021290749311447e-03,-2.875832375138998032e-03,-1.813370268791913986e-03,-2.490399056114256382e-04,7.086020777933299541e-04,-1.043361495248973370e-03,-1.193803083151578903e-02,1.099699828773736954e-02,4.773489199578762054e-03,2.018607920035719872e-03,5.104641430079936981e-03,-7.467653136700391769e-03,-2.533690538257360458e-03,6.935079116374254227e-03,-2.638343954458832741e-03,-2.785025164484977722e-03,8.947128080762922764e-04,3.751317039132118225e-03,-9.285851381719112396e-03,-5.067361518740653992e-03,-3.600033000111579895e-03,-5.958735942840576172e-03,-3.187223337590694427e-03,-5.678437184542417526e-03,-3.482910338789224625e-03,5.740956403315067291e-04,-1.174002303741872311e-03,-2.403733087703585625e-03,-9.268618188798427582e-03
4.980822559446096420e-03,1.789930742233991623e-03,-8.610427379608154297e-03,-2.322920365259051323e-03,-3.066164441406726837e-03,-2.042632084339857101e-03,5.217703292146325111e-04,9.196113678626716137e-04,-1.069242251105606556e-03,-1.165979634970426559e-02,1.028815843164920807e-02,5.014337133616209030e-03,1.844180515035986900e-03,5.246088840067386627e-03,-7.688509766012430191e-03,-2.762829884886741638e-03,7.206846959888935089e-03,-2.775292843580245972e-03,-2.954206662252545357e-03,5.204430781304836273e-04,3.087813267484307289e-03,-9.356050752103328705e-03,-4.381955601274967194e-03,-3.583593526855111122e-03,-6.051313132047653198e-03,-2.513298764824867249e-03,-5.905418191105127335e-03,-3.423356683924794197e-03,7.719943532720208168e-04,-7.535927579738199711e-04,-1.833061571232974529e-03,-9.437141008675098419e-03
4.500991199165582657e-03,2.878483384847640991e-03,-6.646784488111734390e-03,-3.277368843555450439e-03,-4.387475550174713135e-03,-3.082592040300369263e-03,2.244481118395924568e-03,2.230373444035649300e-03,-9.254541946575045586e-04,-1.031701266765594482e-02,7.616631221026182175e-03,5.996301770210266113e-03,5.798810161650180817e-05,5.916391965001821518e-03,-8.100423030555248260e-03,-4.525416065007448196e-03,7.978711277246475220e-03,-3.450290998443961143e-03,-3.935324959456920624e-03,-3.148347605019807816e-03,1.161519438028335571e-03,-9.872370399534702301e-03,-2.156294183805584908e-03,-2.359880367293953896e-03,-5.670128390192985535e-03,8.080073166638612747e-04,-7.200620137155056000e-03,-3.406767500564455986e-03,1.309770625084638596e-03,1.750503084622323513e-03,1.002472941763699055e-03,-1.176800951361656189e-02
4.478491842746734619e-03,2.967969747260212898e-03,-6.347821559756994247e-03,-3.413079772144556046e-03,-4.349887371063232422e-03,-3.616813104599714279e-03,2.525956602767109871e-03,2.173459390178322792e-03,-4.033261793665587902e-04,-9.904719889163970947e-03,7.303384598344564438e-03,6.516689434647560120e-03,-7.279977435246109962e-04,6.346450187265872955e-03,-7.864506915211677551e-03,-4.498271271586418152e-03,7.945648394525051117e-03,-3.502221778035163879e-03,-3.638746449723839760e-03,-4.117207601666450500e-03,2.106308238580822945e-04,-1.029296498745679855e-02,-2.054094802588224411e-03,-2.247433876618742943e-03,-5.991550162434577942e-03,1.155947102233767509e-03,-7.179900538176298141e-03,-2.688284497708082199e-03,1.418265514075756073e-03,2.346865367144346237e-03,1.301149488426744938e-03,-1.213260646909475327e-02
3.640003269538283348e-03,4.095737822353839874e-03,-3.626906080171465874e-03,-4.381230100989341736e-03,-6.221596151590347290e-03,-4.835895262658596039e-03,4.753206856548786163e-03,4.123036749660968781e-03,3.070052480325102806e-04,-8.519543334841728210e-03,4.233449231833219528e-03,7.669473998248577118e-03,-2.813654718920588493e-03,7.142468355596065521e-03,-8.413972333073616028e-03,-6.626814138144254684e-03,9.328611195087432861e-03,-4.516463261097669601e-03,-4.916317295283079147e-03,-8.946772664785385132e-03,-2.608447102829813957e-03,-1.089503429830074310e-02,3.226194530725479126e-04,-4.129364388063549995e-04,-5.429720971733331680e-03,5.069818347692489624e-03,-8.894655853509902954e-03,-2.543275477364659309e-03,1.854146947152912617e-03,5.583739839494228363e-03,5.300167482346296310e-03,-1.511599682271480560e-02
3.806059248745441437e-03,4.596083890646696091e-03,-3.639591624960303307e-03,-4.409449640661478043e-03,-6.441632285714149475e-03,-5.592599976807832718e-03,4.916398320347070694e-03,4.198750946670770645e-03,2.903386484831571579e-04,-8.273141458630561829e-03,3.119331318885087967e-03,7.661194074898958206e-03,-3.391088452190160751e-03,6.969628855586051941e-03,-8.294678293168544769e-03,-6.971554830670356750e-03,9.284884668886661530e-03,-4.952338524162769318e-03,-4.717906005680561066e-03,-9.940442629158496857e-03,-4.041563253849744797e-03,-1.119064632803201675e-02,1.000464893877506256e-03,2.152132219634950161e-05,-5.523654632270336151e-03,5.604139063507318497e-03,-8.928878232836723328e-03,-2.104886109009385109e-03,2.358659170567989349e-03,6.232872605323791504e-03,6.225267890840768814e-03,-1.537973619997501373e-02
3.526614047586917877e-03,5.058078095316886902e-03,-3.300854936242103577e-03,-4.210476297885179520e-03,-6.822523195296525955e-03,-6.113342009484767914e-03,5.684175994247198105e-03,4.453025292605161667e-03,8.753518341109156609e-05,-7.657599169760942459e-03,1.986572518944740295e-03,7.673936896026134491e-03,-3.588256426155567169e-03,7.092779502272605896e-03,-9.017514996230602264e-03,-7.140251807868480682e-03,9.597816504538059235e-03,-5.090801045298576355e-03,-4.795796237885951996e-03,-1.074190158396959305e-02,-4.256530664861202240e-03,-1.139465440064668655e-02,1.765568857081234455e-03,4.053799493703991175e-04,-5.674216896295547485e-03,6.203960161656141281e-03,-9.157886728644371033e-03,-2.396026160567998886e-03,2.280404558405280113e-03,7.138205692172050476e-03,6.638041231781244278e-03,-1.544832997024059296e-02
3.442110493779182434e-03,4.542557988315820694e-03,-3.327598795294761658e-03,-4.297551698982715607e-03,-6.496947724372148514e-03,-6.343264598399400711e-03,6.046306807547807693e-03,4.218853544443845749e-03,1.987697178265079856e-04,-7.128107827156782150e-03,1.755735371261835098e-03,7.995671592652797699e-03,-3.719070227816700935e-03,7.445003837347030640e-03,-9.440319612622261047e-03,-7.477262988686561584e-03,9.657236747443675995e-03,-5.133485887199640274e-03,-4.675814416259527206e-03,-1.091365143656730652e-02,-4.875515587627887726e-03,-1.160493306815624237e-02,1.706260372884571552e-03,4.447909886948764324e-04,-5.911500658839941025e-03,6.054019089788198471e-03,-9.023918770253658295e-03,-2.311338903382420540e-03,2.239933004602789879e-03,6.894921418279409409e-03,6.434609182178974152e-03,-1.603031903505325317e-02
3.507618326693773270e-03,4.252895712852478027e-03,-3.055904060602188110e-03,-4.542917013168334961e-03,-6.401611492037773132e-03,-6.598637904971837997e-03,6.304088514298200607e-03,4.150058608502149582e-03,2.319001505384221673e-04,-6.659166421741247177e-03,1.150281634181737900e-03,8.326940238475799561e-03,-3.867082530632615089e-03,7.713058497756719589e-03,-9.644971229135990143e-03,-7.583572529256343842e-03,9.763723239302635193e-03,-5.241702310740947723e-03,-4.755202680826187134e-03,-1.198631152510643005e-02,-5.738276056945323944e-03,-1.212328579276800156e-02,2.085161395370960236e-03,5.884611746296286583e-04,-6.246838252991437912e-03,6.395306438207626343e-03,-8.946898393332958221e-03,-2.103714505210518837e-03,2.174082910642027855e-03,7.106543518602848053e-03,6.965490989387035370e-03,-1.675975695252418518e-02
3.221594961360096931e-03,4.004580434411764145e-03,-3.047606209293007851e-03,-4.455076064914464951e-03,-6.475352216511964798e-03,-6.586328148841857910e-03,6.451168563216924667e-03,3.878620918840169907e-03,2.721003256738185883e-04,-6.219808943569660187e-03,9.727089200168848038e-04,8.194293826818466187e-03,-3.783775260671973228e-03,7.933310233056545258e-03,-9.946493431925773621e-03,-7.459012791514396667e-03,9.985427372157573700e-03,-5.029152613133192062e-03,-4.735723603516817093e-03,-1.204977557063102722e-02,-5.406255368143320084e-03,-1.209878176450729370e-02,2.161239041015505791e-03,4.028052499052137136e-04,-6.094032432883977890e-03,6.590148434042930603e-03,-9.108054451644420624e-03,-2.330269664525985718e-03,2.030628733336925507e-03,7.196711376309394836e-03,6.802037823945283890e-03,-1.702243275940418243e-02
3.009164240211248398e-03,4.469131119549274445e-03,-2.751174382865428925e-03,-4.441620316356420517e-03,-6.685621105134487152e-03,-6.988118868321180344e-03,6.551042199134826660e-03,3.646872472018003464e-03,-3.325010766275227070e-05,-6.136307492852210999e-03,2.061959239654242992e-04,7.939450442790985107e-03,-4.010166972875595093e-03,7.874264381825923920e-03,-1.003144215792417526e-02,-7.456742227077484131e-03,1.017923466861248016e-02,-5.268089473247528076e-03,-4.382096696645021439e-03,-1.200172770768404007e-02,-5.980229005217552185e-03,-1.193049829453229904e-02,2.279123989865183830e-03,8.648294024169445038e-04,-5.784761160612106323e-03,7.084443233907222748e-03,-9.295189753174781799e-03,-2.159387804567813873e-03,2.495000138878822327e-03,7.682929746806621552e-03,7.115414831787347794e-03,-1.690695621073246002e-02
4.205015487968921661e-03,3.359696827828884125e-03,-5.401019938290119171e-03,-3.431994700804352760e-03,-4.667416214942932129e-03,-5.927511025220155716e-03,3.991995006799697876e-03,1.591934356838464737e-03,-5.300350021570920944e-04,-7.192781195044517517e-03,2.993214875459671021e-03,7.117189466953277588e-03,-2.358380239456892014e-03,7.430285681039094925e-03,-9.327899664640426636e-03,-5.210188217461109161e-03,8.546096272766590118e-03,-4.317836370319128036e-03,-2.960938494652509689e-03,-7.511058822274208069e-03,-3.175357123836874962e-03,-1.144281215965747833e-02,-3.827996551990509033e-04,-5.545699386857450008e-04,-6.305638235062360764e-03,2.821887843310832977e-03,-7.450335659086704254e-03,-1.931006321683526039e-03,1.873066299594938755e-03,4.758460447192192078e-03,3.224083222448825836e-03,-1.418134290724992752e-02
3.168078139424324036e-03,4.494664259254932404e-03,-2.219359623268246651e-03,-4.511517938226461411e-03,-6.746749393641948700e-03,-7.301463279873132706e-03,7.045137695968151093e-03,3.824048908427357674e-03,2.489304752089083195e-04,-5.787515547126531601e-03,-1.383149065077304840e-04,8.215845562517642975e-03,-4.651573952287435532e-03,7.989498786628246307e-03,-9.871099144220352173e-03,-7.956441491842269897e-03,9.901494719088077545e-03,-5.274402443319559097e-03,-4.444015678018331528e-03,-1.264560036361217499e-02,-6.472469307482242584e-03,-1.216002088040113449e-02,2.473174128681421280e-03,1.205515349283814430e-03,-5.752308294177055359e-03,7.933247834444046021e-03,-9.507931768894195557e-03,-2.050220733508467674e-03,2.515645464882254601e-03,8.064836263656616211e-03,7.423269562423229218e-03,-1.769138500094413757e-02
3.495553508400917053e-03,4.472495988011360168e-03,-2.875650068745017052e-03,-4.582595545798540115e-03,-6.129277870059013367e-03,-7.291913032531738281e-03,6.803818978369235992e-03,3.159123240038752556e-03,1.611380866961553693e-04,-6.157668773084878922e-03,6.913327379152178764e-04,7.628539577126502991e-03,-4.542126320302486420e-03,7.554667070508003235e-03,-9.699883870780467987e-03,-7.416097912937402725e-03,9.773056022822856903e-03,-5.140569992363452911e-03,-3.810740541666746140e-03,-1.193084008991718292e-02,-6.603529676795005798e-03,-1.187986694276332855e-02,2.136520110070705414e-03,7.248938782140612602e-04,-5.987138953059911728e-03,7.112413179129362106e-03,-8.648667484521865845e-03,-1.764878048561513424e-03,2.536992309615015984e-03,7.457117550075054169e-03,6.840015761554241180e-03,-1.676669158041477203e-02
3.541806712746620178e-03,4.647778812795877457e-03,-2.105250954627990723e-03,-4.591432400047779083e-03,-6.575506646186113358e-03,-7.499660830944776535e-03,7.371172774583101273e-03,3.516420489177107811e-03,3.747774753719568253e-04,-5.460382904857397079e-03,-3.442876623012125492e-04,8.063980378210544586e-03,-5.556111223995685577e-03,7.877318188548088074e-03,-9.872031398117542267e-03,-7.935702800750732422e-03,1.019049435853958130e-02,-5.277889315038919449e-03,-4.063089378178119659e-03,-1.343833282589912415e-02,-7.693628780543804169e-03,-1.213632244616746902e-02,3.072329796850681305e-03,9.907552739605307579e-04,-5.908243823796510696e-03,8.202204480767250061e-03,-9.314501658082008362e-03,-1.840500277467072010e-03,2.813250757753849030e-03,8.100179955363273621e-03,8.073436096310615540e-03,-1.790180057287216187e-02
2.982925856485962868e-03,5.040191113948822021e-03,-8.484020363539457321e-04,-5.096361041069030762e-03,-7.553086150437593460e-03,-8.128283545374870300e-03,8.836966007947921753e-03,4.466954153031110764e-03,9.739992674440145493e-04,-4.591988399624824524e-03,-2.379812300205230713e-03,9.054326452314853668e-03,-6.713075097650289536e-03,8.627695031464099884e-03,-1.022172346711158752e-02,-9.089570492506027222e-03,1.077273208647966385e-02,-5.733294412493705750e-03,-5.182708613574504852e-03,-1.702188327908515930e-02,-9.971406310796737671e-03,-1.313030347228050232e-02,4.600248299539089203e-03,2.044546883553266525e-03,-5.921319592744112015e-03,1.060913689434528351e-02,-1.037918962538242340e-02,-1.749164774082601070e-03,2.585933078080415726e-03,9.929550811648368835e-03,1.086448132991790771e-02,-1.989811100065708160e-02
2.570677315816283226e-03,5.820130929350852966e-03,9.449830395169556141e-04,-5.764373112469911575e-03,-9.187457151710987091e-03,-9.116276167333126068e-03,1.046690065413713455e-02,4.981829784810543060e-03,1.120470114983618259e-03,-3.422877751290798187e-03,-4.346200730651617050e-03,9.396138601005077362e-03,-7.712342310696840286e-03,9.630933403968811035e-03,-1.044294610619544983e-02,-1.011161878705024719e-02,1.173723302781581879e-02,-6.306512746959924698e-03,-6.212734617292881012e-03,-2.045044675469398499e-02,-1.233229599893093109e-02,-1.373887155205011368e-02,6.354595534503459930e-03,3.319319570437073708e-03,-5.712311249226331711e-03,1.354703120887279510e-02,-1.156864315271377563e-02,-1.930517260916531086e-03,3.068433143198490143e-03,1.196452602744102478e-02,1.370788365602493286e-02,-2.196091227233409882e-02
3.383503528311848640e-03,4.522534087300300598e-03,-1.602025935426354408e-03,-4.773911088705062866e-03,-6.992305628955364227e-03,-7.580162491649389267e-03,8.244607597589492798e-03,3.229740541428327560e-03,7.506664842367172241e-04,-5.387607030570507050e-03,-3.955317661166191101e-04,8.541204966604709625e-03,-5.491580348461866379e-03,8.846883662045001984e-03,-9.722786955535411835e-03,-7.759167812764644623e-03,1.018028520047664642e-02,-5.262231454253196716e-03,-4.468181170523166656e-03,-1.538718771189451218e-02,-9.292211383581161499e-03,-1.311198063194751740e-02,3.505520988255739212e-03,1.537348609417676926e-03,-6.362838204950094223e-03,8.983843028545379639e-03,-9.290534071624279022e-03,-1.972243189811706543e-03,2.086133928969502449e-03,9.215462021529674530e-03,8.985145948827266693e-03,-1.914503425359725952e-02
2.869371091946959496e-03,5.182363092899322510e-03,8.762759389355778694e-04,-5.465012043714523315e-03,-8.826722390949726105e-03,-8.898058906197547913e-03,1.071947813034057617e-02,4.543847404420375824e-03,1.475714030675590038e-03,-3.640838433057069778e-03,-3.379932604730129242e-03,9.800636209547519684e-03,-7.188728079199790955e-03,1.004223059862852097e-02,-1.023769285529851913e-02,-9.757798165082931519e-03,1.146584097295999527e-02,-5.980407819151878357e-03,-6.009633652865886688e-03,-2.040898054838180542e-02,-1.245195884257555008e-02,-1.428456883877515793e-02,5.794902332127094269e-03,2.977525815367698669e-03,-6.158231757581233978e-03,1.328699477016925812e-02,-1.075904536992311478e-02,-1.815341645851731300e-03,2.387923886999487877e-03,1.179444324225187302e-02,1.283623743802309036e-02,-2.187140285968780518e-02
3.385955700650811195e-03,4.796438850462436676e-03,-3.836353425867855549e-04,-4.989665932953357697e-03,-8.217136375606060028e-03,-8.547726087272167206e-03,9.884418919682502747e-03,3.869456937536597252e-03,1.224556704983115196e-03,-4.287219606339931488e-03,-2.019093371927738190e-03,9.348087012767791748e-03,-6.514142267405986786e-03,9.616941213607788086e-03,-9.959737770259380341e-03,-8.825561031699180603e-03,1.088229287415742874e-02,-5.475443322211503983e-03,-5.413763690739870071e-03,-1.800883747637271881e-02,-1.128613017499446869e-02,-1.394980400800704956e-02,4.836393985897302628e-03,2.220413414761424065e-03,-6.428996566683053970e-03,1.161788590252399445e-02,-9.816971607506275177e-03,-1.498684287071228027e-03,2.210982609540224075e-03,1.044975221157073975e-02,1.119289547204971313e-02,-2.067659981548786163e-02
3.767271991819143295e-03,4.211835563182830811e-03,-1.832309411838650703e-03,-4.854012746363878250e-03,-6.877838168293237686e-03,-8.081460371613502502e-03,8.415600284934043884e-03,3.085418604314327240e-03,8.357819169759750366e-04,-5.615524947643280029e-03,-4.504807293415069580e-06,8.403092622756958008e-03,-6.189262028783559799e-03,8.445625193417072296e-03,-9.311385452747344971e-03,-7.835858501493930817e-03,1.003168337047100067e-02,-4.890618845820426941e-03,-4.564362112432718277e-03,-1.568244397640228271e-02,-1.034056954085826874e-02,-1.318055111914873123e-02,3.467478090897202492e-03,1.296370639465749264e-03,-6.228417623788118362e-03,9.406957775354385376e-03,-8.878623135387897491e-03,-1.346156350336968899e-03,2.197423018515110016e-03,9.357053786516189575e-03,8.972913026809692383e-03,-1.919668912887573242e-02
3.546822117641568184e-03,4.643357824534177780e-03,-8.852995815686881542e-04,-4.947059787809848785e-03,-7.606945931911468506e-03,-8.405610918998718262e-03,8.944150991737842560e-03,3.460074542090296745e-03,1.040953909978270531e-03,-5.141360685229301453e-03,-4.038674524053931236e-04,8.969742804765701294e-03,-6.198408547788858414e-03,8.943124674260616302e-03,-9.457490406930446625e-03,-8.312346413731575012e-03,1.032245438545942307e-02,-4.976334981620311737e-03,-5.118030123412609100e-03,-1.739172637462615967e-02,-1.109211985021829605e-02,-1.380573958158493042e-02,3.819707781076431274e-03,1.903765136376023293e-03,-6.155837792903184891e-03,1.077661756426095963e-02,-9.374400600790977478e-03,-1.565344282425940037e-03,2.029395662248134613e-03,1.022081729024648666e-02,1.005208585411310196e-02,-1.992661133408546448e-02
3.379771020263433456e-03,4.795752000063657761e-03,-2.857400104403495789e-04,-5.372102838009595871e-03,-8.178580552339553833e-03,-8.915569633245468140e-03,9.487464092671871185e-03,3.976846579462289810e-03,1.499929116107523441e-03,-4.402664490044116974e-03,-1.636862987652420998e-03,9.278527460992336273e-03,-6.941547617316246033e-03,9.346760809421539307e-03,-9.592509828507900238e-03,-8.650014176964759827e-03,1.073244120925664902e-02,-5.503275431692600250e-03,-5.605687852948904037e-03,-1.862302422523498535e-02,-1.238102093338966370e-02,-1.430808380246162415e-02,4.217543173581361771e-03,3.192775882780551910e-03,-6.234366446733474731e-03,1.195473968982696533e-02,-9.790780022740364075e-03,-1.431637443602085114e-03,2.504571340978145599e-03,1.125625707209110260e-02,1.123802736401557922e-02,-2.102229744195938110e-02
3.574604401364922523e-03,4.078431520611047745e-03,-1.929581863805651665e-03,-4.802064970135688782e-03,-6.659181322902441025e-03,-7.653461769223213196e-03,7.767675444483757019e-03,3.165977075695991516e-03,1.116310246288776398e-03,-5.672878585755825043e-03,8.595676627010107040e-04,8.238531649112701416e-03,-5.431089550256729126e-03,8.668799884617328644e-03,-9.039671160280704498e-03,-7.093564141541719437e-03,1.002823840826749802e-02,-4.721100907772779465e-03,-4.812429659068584442e-03,-1.494469121098518372e-02,-9.211167693138122559e-03,-1.383404992520809174e-02,2.373009454458951950e-03,2.195234177634119987e-03,-6.488576531410217285e-03,8.960497565567493439e-03,-8.607254363596439362e-03,-1.602344098500907421e-03,2.102174563333392143e-03,9.312905371189117432e-03,8.414971642196178436e-03,-1.849989593029022217e-02
3.759888932108879089e-03,4.004545975476503372e-03,-2.838429529219865799e-03,-4.266893025487661362e-03,-5.606507416814565659e-03,-7.341891527175903320e-03,6.889704614877700806e-03,2.357104327529668808e-03,7.767809438519179821e-04,-6.238412111997604370e-03,1.837438438087701797e-03,7.697805762290954590e-03,-4.662780556827783585e-03,8.239912800490856171e-03,-9.064323268830776215e-03,-6.337092258036136627e-03,9.524512104690074921e-03,-4.353333264589309692e-03,-4.443895071744918823e-03,-1.313928235322237015e-02,-8.097247220575809479e-03,-1.326274592429399490e-02,1.440416206605732441e-03,1.271500135771930218e-03,-6.599588319659233093e-03,7.393708452582359314e-03,-8.031973615288734436e-03,-2.024938119575381279e-03,2.011453034356236458e-03,8.033878169953823090e-03,6.837316788733005524e-03,-1.721665635704994202e-02
3.463051747530698776e-03,4.387896973639726639e-03,-2.507692668586969376e-03,-4.093326162546873093e-03,-5.864045582711696625e-03,-7.652963045984506607e-03,7.547723595052957535e-03,2.091062255203723907e-03,6.780420080758631229e-04,-6.203079596161842346e-03,1.276513095945119858e-03,7.824989967048168182e-03,-4.791202954947948456e-03,8.045891299843788147e-03,-9.322123602032661438e-03,-6.705174688249826431e-03,9.806017391383647919e-03,-4.131266381591558456e-03,-4.459912888705730438e-03,-1.367689482867717743e-02,-7.947055622935295105e-03,-1.290717069059610367e-02,2.136681694537401199e-03,1.087441458366811275e-03,-6.289543583989143372e-03,7.900345139205455780e-03,-8.346890099346637726e-03,-1.721993321552872658e-03,2.027698094025254250e-03,8.810277096927165985e-03,7.433788385242223740e-03,-1.749195717275142670e-02
3.350343555212020874e-03,4.501312971115112305e-03,-2.142387907952070236e-03,-4.160406533628702164e-03,-6.218705791980028152e-03,-8.137002587318420410e-03,8.476664312183856964e-03,2.702283207327127457e-03,5.773708689957857132e-04,-6.150766741484403610e-03,3.897925489582121372e-04,7.519072387367486954e-03,-5.490010604262351990e-03,7.761328481137752533e-03,-9.290878660976886749e-03,-7.654462475329637527e-03,1.022966019809246063e-02,-4.203860182315111160e-03,-4.654396325349807739e-03,-1.472861319780349731e-02,-8.591882884502410889e-03,-1.293734088540077209e-02,3.452338278293609619e-03,1.106135314330458641e-03,-6.020732223987579346e-03,9.449806064367294312e-03,-8.785448037087917328e-03,-1.611024839803576469e-03,2.319644205272197723e-03,9.296935051679611206e-03,8.653492666780948639e-03,-1.825230754911899567e-02
2.914450597018003464e-03,4.989242181181907654e-03,-1.326825586147606373e-03,-4.480300471186637878e-03,-6.870731245726346970e-03,-8.199176751077175140e-03,9.274991229176521301e-03,3.523805877193808556e-03,8.216081187129020691e-04,-5.423928610980510712e-03,-8.787871920503675938e-04,7.505149580538272858e-03,-6.083745509386062622e-03,8.183330297470092773e-03,-9.427436627447605133e-03,-8.479775860905647278e-03,1.063962094485759735e-02,-4.367570858448743820e-03,-5.183627363294363022e-03,-1.625864207744598389e-02,-9.256436489522457123e-03,-1.308939326554536819e-02,4.286338575184345245e-03,1.572524663060903549e-03,-5.724662914872169495e-03,1.097196899354457855e-02,-9.347235783934593201e-03,-1.803929335437715054e-03,2.958927303552627563e-03,1.024249847978353500e-02,1.021158974617719650e-02,-1.892081834375858307e-02
3.288828535005450249e-03,5.153023172169923782e-03,-2.283849287778139114e-03,-3.784738015383481979e-03,-6.115661934018135071e-03,-7.860979065299034119e-03,7.753759156912565231e-03,3.095802851021289825e-03,6.617477629333734512e-04,-6.697107106447219849e-03,6.300926324911415577e-04,6.824138574302196503e-03,-5.358918569982051849e-03,7.854417897760868073e-03,-9.320733137428760529e-03,-7.869368419051170349e-03,9.960144758224487305e-03,-3.980167210102081299e-03,-4.614619072526693344e-03,-1.379483751952648163e-02,-7.555872201919555664e-03,-1.269874162971973419e-02,3.430990036576986313e-03,6.998188327997922897e-04,-5.791810806840658188e-03,9.500224143266677856e-03,-8.722946047782897949e-03,-2.169096842408180237e-03,2.629607915878295898e-03,8.835834451019763947e-03,8.966781198978424072e-03,-1.714928261935710907e-02
2.866024151444435120e-03,5.395144224166870117e-03,-1.119192223995923996e-03,-4.429202992469072342e-03,-7.166416849941015244e-03,-8.422475308179855347e-03,9.029835462570190430e-03,3.844294697046279907e-03,7.180668762885034084e-04,-6.122749298810958862e-03,-5.530302878469228745e-04,7.625032681971788406e-03,-5.529148969799280167e-03,8.535312488675117493e-03,-1.011323742568492889e-02,-9.136646054685115814e-03,1.035218127071857452e-02,-4.187087062746286392e-03,-5.277142394334077835e-03,-1.538784988224506378e-02,-8.828316815197467804e-03,-1.302357669919729233e-02,4.518595524132251740e-03,1.233989838510751724e-03,-5.773455835878849030e-03,1.120216771960258484e-02,-9.416472166776657104e-03,-2.314387122169137001e-03,2.764009172096848488e-03,1.006730645895004272e-02,1.030175015330314636e-02,-1.818399317562580109e-02
2.721653552725911140e-03,5.922725424170494080e-03,-1.612521009519696236e-04,-4.337111487984657288e-03,-7.763806264847517014e-03,-8.981510065495967865e-03,9.583543054759502411e-03,4.560241010040044785e-03,9.951422689482569695e-04,-6.321555003523826599e-03,-1.387247932143509388e-03,7.615397218614816666e-03,-5.835823249071836472e-03,8.646667003631591797e-03,-1.049127895385026932e-02,-1.001833472400903702e-02,1.066432241350412369e-02,-4.362857900559902191e-03,-5.834188312292098999e-03,-1.681070216000080109e-02,-9.565297514200210571e-03,-1.337578706443309784e-02,5.448861978948116302e-03,1.578986411914229393e-03,-5.728867836296558380e-03,1.259206421673297882e-02,-9.940934367477893829e-03,-2.262153429910540581e-03,2.947449451312422752e-03,1.034874096512794495e-02,1.163272093981504440e-02,-1.861157082021236420e-02
2.114512491971254349e-03,6.592725869268178940e-03,1.905683660879731178e-03,-5.173546262085437775e-03,-9.582972154021263123e-03,-1.012339442968368530e-02,1.159359514713287354e-02,5.521697457879781723e-03,1.485942979343235493e-03,-4.899382125586271286e-03,-3.716125618666410446e-03,8.544759824872016907e-03,-7.202800828963518143e-03,9.640229865908622742e-03,-1.105753332376480103e-02,-1.142169162631034851e-02,1.137720327824354172e-02,-5.154462996870279312e-03,-6.681210827082395554e-03,-2.066092565655708313e-02,-1.227198075503110886e-02,-1.409597136080265045e-02,7.116988766938447952e-03,3.237724304199218750e-03,-5.497985053807497025e-03,1.560813467949628830e-02,-1.125638931989669800e-02,-2.131793182343244553e-03,3.219101810827851295e-03,1.320610567927360535e-02,1.461301371455192566e-02,-2.093003503978252411e-02
2.765622921288013458e-03,6.134958937764167786e-03,1.055297558195888996e-03,-5.115318112075328827e-03,-9.173799306154251099e-03,-9.647874161601066589e-03,1.075855083763599396e-02,5.354125984013080597e-03,1.368231140077114105e-03,-5.813349969685077667e-03,-2.419093856588006020e-03,8.598236367106437683e-03,-6.400485988706350327e-03,9.560147300362586975e-03,-1.079401187598705292e-02,-1.074574887752532959e-02,1.076210383325815201e-02,-4.630372859537601471e-03,-6.188523955643177032e-03,-1.934744417667388916e-02,-1.144050899893045425e-02,-1.400883309543132782e-02,6.353978533297777176e-03,2.647584537044167519e-03,-5.615452770143747330e-03,1.472884602844715118e-02,-1.058320049196481705e-02,-2.126061590388417244e-03,2.639233833178877831e-03,1.210890896618366241e-02,1.327720750123262405e-02,-1.991873420774936676e-02
2.395432442426681519e-03,6.420292425900697708e-03,2.399713266640901566e-03,-5.308913066983222961e-03,-1.046746876090764999e-02,-1.026332471519708633e-02,1.231285277754068375e-02,5.820096004754304886e-03,1.432507182471454144e-03,-4.910971038043498993e-03,-3.951027058064937592e-03,8.973805233836174011e-03,-6.747136823832988739e-03,9.935765527188777924e-03,-1.114882994443178177e-02,-1.167842652648687363e-02,1.165586058050394058e-02,-5.172480829060077667e-03,-6.826021708548069000e-03,-2.198702841997146606e-02,-1.261689886450767517e-02,-1.439860649406909943e-02,7.859283126890659332e-03,3.401481546461582184e-03,-5.282605066895484924e-03,1.685677096247673035e-02,-1.167997065931558609e-02,-2.303844550624489784e-03,2.642024075612425804e-03,1.366553083062171936e-02,1.564013212919235229e-02,-2.144810371100902557e-02
2.413776703178882599e-03,6.789280567318201065e-03,2.802912378683686256e-03,-5.558159202337265015e-03,-1.073825638741254807e-02,-1.046567037701606750e-02,1.231779530644416809e-02,6.448223721235990524e-03,1.864322461187839508e-03,-5.033714231103658676e-03,-4.152514971792697906e-03,9.219042956829071045e-03,-7.443191483616828918e-03,9.996659122407436371e-03,-1.119000092148780823e-02,-1.216801162809133530e-02,1.158746704459190369e-02,-5.091478116810321808e-03,-6.961163599044084549e-03,-2.268060296773910522e-02,-1.279732026159763336e-02,-1.427737902849912643e-02,7.881018333137035370e-03,3.478865139186382294e-03,-4.710637032985687256e-03,1.748554594814777374e-02,-1.193467527627944946e-02,-2.230311743915081024e-03,3.106200601905584335e-03,1.429188251495361328e-02,1.619212143123149872e-02,-2.167943865060806274e-02
2.700487617403268814e-03,5.970500875264406204e-03,1.346330274827778339e-03,-5.192650482058525085e-03,-9.880987927317619324e-03,-9.552596136927604675e-03,1.107655558735132217e-02,5.533849354833364487e-03,1.802411861717700958e-03,-5.755677819252014160e-03,-2.612472278997302055e-03,9.136537089943885803e-03,-6.106125190854072571e-03,1.013404317200183868e-02,-1.035505626350641251e-02,-1.113398186862468719e-02,1.101125869899988174e-02,-4.602347034960985184e-03,-6.313579622656106949e-03,-2.054691500961780548e-02,-1.044399850070476532e-02,-1.422384474426507950e-02,6.214898079633712769e-03,3.036847105249762535e-03,-5.290471017360687256e-03,1.511594373732805252e-02,-1.097987592220306396e-02,-1.848608022555708885e-03,2.609373535960912704e-03,1.285740826278924942e-02,1.411449257284402847e-02,-2.069683000445365906e-02
2.599115483462810516e-03,5.872101057320833206e-03,1.607340294867753983e-03,-5.588304717093706131e-03,-9.740464389324188232e-03,-9.489645250141620636e-03,1.120653282850980759e-02,5.546763539314270020e-03,1.954158302396535873e-03,-5.944061558693647385e-03,-1.994962105527520180e-03,8.964929729700088501e-03,-6.222193595021963120e-03,9.901887737214565277e-03,-1.065708138048648834e-02,-1.090791076421737671e-02,1.119373179972171783e-02,-4.888427909463644028e-03,-6.020401138812303543e-03,-2.012045867741107941e-02,-1.026547141373157501e-02,-1.413585152477025986e-02,5.798200145363807678e-03,3.121661022305488586e-03,-5.028353072702884674e-03,1.483953278511762619e-02,-1.092440355569124222e-02,-2.214168896898627281e-03,2.786061028018593788e-03,1.244255434721708298e-02,1.382010523229837418e-02,-2.095497213304042816e-02
2.157917013391852379e-03,6.801338866353034973e-03,3.120847046375274658e-03,-5.902287550270557404e-03,-1.088670734316110611e-02,-1.043087895959615707e-02,1.286168023943901062e-02,6.397175136953592300e-03,2.185544697567820549e-03,-4.735162947326898575e-03,-3.811792004853487015e-03,9.483167901635169983e-03,-7.395959459245204926e-03,1.022741850465536118e-02,-1.111904252320528030e-02,-1.219936367124319077e-02,1.183610502630472183e-02,-5.596268456429243088e-03,-6.500022951513528824e-03,-2.289062924683094025e-02,-1.226175576448440552e-02,-1.446022838354110718e-02,7.393309846520423889e-03,4.121704958379268646e-03,-4.917383659631013870e-03,1.731366477906703949e-02,-1.202533487230539322e-02,-1.947692595422267914e-03,2.938902704045176506e-03,1.447064056992530823e-02,1.637295261025428772e-02,-2.258924394845962524e-02
2.580356551334261894e-03,7.294811308383941650e-03,2.118365606293082237e-03,-5.284321028739213943e-03,-1.003702171146869659e-02,-9.791953489184379578e-03,1.179148815572261810e-02,6.190233398228883743e-03,2.014847705140709877e-03,-5.475089419633150101e-03,-2.822658978402614594e-03,9.486594237387180328e-03,-6.639474071562290192e-03,9.603305719792842865e-03,-1.081077754497528076e-02,-1.190302893519401550e-02,1.115917786955833435e-02,-5.410807207226753235e-03,-5.830639041960239410e-03,-2.148314565420150757e-02,-1.127313915640115738e-02,-1.411875989288091660e-02,6.697904784232378006e-03,3.456661943346261978e-03,-4.847299307584762573e-03,1.580515503883361816e-02,-1.158233266323804855e-02,-1.597826951183378696e-03,2.954685827717185020e-03,1.333840563893318176e-02,1.571618579328060150e-02,-2.128188684582710266e-02
3.071630606427788734e-03,6.585941649973392487e-03,3.604005323722958565e-04,-4.656270146369934082e-03,-8.344760164618492126e-03,-9.284299798309803009e-03,9.731665253639221191e-03,5.092463456094264984e-03,1.883103279396891594e-03,-6.581744179129600525e-03,-9.192276047542691231e-04,8.357494138181209564e-03,-5.960864480584859848e-03,8.535375818610191345e-03,-1.017519272863864899e-02,-1.059011928737163544e-02,1.033716741949319839e-02,-4.794429987668991089e-03,-4.557368345558643341e-03,-1.884913258254528046e-02,-9.839667007327079773e-03,-1.342915557324886322e-02,5.085114855319261551e-03,2.225879114121198654e-03,-4.973306786268949509e-03,1.337188761681318283e-02,-1.021167170256376266e-02,-1.505944179370999336e-03,3.045390592887997627e-03,1.080488506704568863e-02,1.331724785268306732e-02,-1.930576935410499573e-02
2.646066248416900635e-03,6.505486089736223221e-03,8.423349936492741108e-04,-5.237094126641750336e-03,-8.609413169324398041e-03,-9.493972174823284149e-03,1.006500516086816788e-02,5.375680979341268539e-03,1.724413246847689152e-03,-6.492379587143659592e-03,-1.137085026130080223e-03,8.572659455239772797e-03,-6.103912368416786194e-03,8.866914547979831696e-03,-1.012012921273708344e-02,-1.061355974525213242e-02,1.020883396267890930e-02,-4.997860640287399292e-03,-5.096347536891698837e-03,-1.911585777997970581e-02,-9.629627689719200134e-03,-1.356281898915767670e-02,4.993516486138105392e-03,2.751521067693829536e-03,-4.863423760980367661e-03,1.385025866329669952e-02,-1.071721967309713364e-02,-1.593524008058011532e-03,2.840263769030570984e-03,1.123457588255405426e-02,1.337124686688184738e-02,-1.988376677036285400e-02
2.466199919581413269e-03,6.253429688513278961e-03,1.652314094826579094e-04,-5.125113762915134430e-03,-7.726161740720272064e-03,-9.346603415906429291e-03,9.488616138696670532e-03,4.880714230239391327e-03,2.051952760666608810e-03,-6.563677918165922165e-03,-5.401087692007422447e-04,8.487922139465808868e-03,-5.635223817080259323e-03,9.004524908959865570e-03,-9.885370731353759766e-03,-9.993991814553737640e-03,9.777741506695747375e-03,-4.835972562432289124e-03,-4.447626415640115738e-03,-1.865596510469913483e-02,-8.717563003301620483e-03,-1.365606207400560379e-02,4.008830059319734573e-03,2.499212278053164482e-03,-5.310130771249532700e-03,1.293796021491289139e-02,-1.012877654284238815e-02,-1.692695310339331627e-03,2.409895416349172592e-03,1.059456449002027512e-02,1.217740215361118317e-02,-1.974331960082054138e-02
2.232715254649519920e-03,6.877653300762176514e-03,2.679924073163419962e-04,-4.930999595671892166e-03,-7.733117323368787766e-03,-9.183940477669239044e-03,9.806253015995025635e-03,4.956367891281843185e-03,1.804083352908492088e-03,-6.301301997154951096e-03,-8.638271829113364220e-04,8.700772188603878021e-03,-6.068345624953508377e-03,8.627936244010925293e-03,-9.933854453265666962e-03,-9.956277906894683838e-03,9.651755914092063904e-03,-4.911351017653942108e-03,-4.028334282338619232e-03,-1.904283836483955383e-02,-8.950829505920410156e-03,-1.346337329596281052e-02,4.349200520664453506e-03,2.382375998422503471e-03,-5.144498310983181000e-03,1.309451740235090256e-02,-1.017271634191274643e-02,-1.238152035512030125e-03,2.456497633829712868e-03,1.051260158419609070e-02,1.220131106674671173e-02,-1.979594863951206207e-02
2.494110027328133583e-03,6.648950278759002686e-03,-4.122414684388786554e-04,-4.881527740508317947e-03,-7.168455515056848526e-03,-8.928182534873485565e-03,8.873639628291130066e-03,4.528091289103031158e-03,1.824353937990963459e-03,-6.647038273513317108e-03,-5.670793470926582813e-04,8.486640639603137970e-03,-5.683607887476682663e-03,8.285995572805404663e-03,-9.851079434156417847e-03,-9.708371944725513458e-03,8.945161476731300354e-03,-4.704868886619806290e-03,-3.715796861797571182e-03,-1.839883625507354736e-02,-8.693296462297439575e-03,-1.337649952620267868e-02,3.764409106224775314e-03,2.058472484350204468e-03,-4.962748382240533829e-03,1.226775627583265305e-02,-9.999793022871017456e-03,-1.346205477602779865e-03,2.324345288798213005e-03,9.900049306452274323e-03,1.193838659673929214e-02,-1.941455528140068054e-02
2.846379298716783524e-03,5.091363098472356796e-03,-2.910360228270292282e-03,-4.196286667138338089e-03,-5.005921237170696259e-03,-7.490150630474090576e-03,6.237935274839401245e-03,2.981555880978703499e-03,1.546491403132677078e-03,-8.130234666168689728e-03,2.415527356788516045e-03,8.282650262117385864e-03,-3.502008505165576935e-03,7.583089638501405716e-03,-9.340564720332622528e-03,-7.562730461359024048e-03,7.655776571482419968e-03,-3.505841130390763283e-03,-2.458788687363266945e-03,-1.378375384956598282e-02,-5.654690787196159363e-03,-1.298968400806188583e-02,9.120421018451452255e-04,2.324093366041779518e-04,-5.494120996445417404e-03,7.776824757456779480e-03,-8.455762639641761780e-03,-1.513934344984591007e-03,1.773908268660306931e-03,6.966390646994113922e-03,7.819804362952709198e-03,-1.689511723816394806e-02
2.542856847867369652e-03,5.291027016937732697e-03,-2.198153641074895859e-03,-4.082908853888511658e-03,-5.491578951478004456e-03,-7.573126815259456635e-03,6.825398653745651245e-03,3.192096017301082611e-03,1.798786455765366554e-03,-8.101001381874084473e-03,1.818197546526789665e-03,8.651725016534328461e-03,-3.427117364481091499e-03,8.079741150140762329e-03,-9.772520512342453003e-03,-8.145889267325401306e-03,7.821687497198581696e-03,-3.525707405060529709e-03,-2.934370888397097588e-03,-1.491963118314743042e-02,-5.925047211349010468e-03,-1.308842189610004425e-02,1.596651272848248482e-03,3.769614559132605791e-04,-5.384614225476980209e-03,8.861260488629341125e-03,-9.118309244513511658e-03,-1.869379077106714249e-03,1.706067356280982494e-03,7.228673435747623444e-03,9.104679338634014130e-03,-1.758361235260963440e-02
3.320008283481001854e-03,4.219891969114542007e-03,-4.640389233827590942e-03,-3.231045790016651154e-03,-3.691830672323703766e-03,-6.478645838797092438e-03,4.535045474767684937e-03,1.079746522009372711e-03,1.176590099930763245e-03,-9.329173713922500610e-03,4.624722525477409363e-03,7.558765821158885956e-03,-1.301647862419486046e-03,7.176615763455629349e-03,-8.997598662972450256e-03,-5.646405275911092758e-03,6.493786349892616272e-03,-2.725654048845171928e-03,-1.300154719501733780e-03,-9.894080460071563721e-03,-3.054690780118107796e-03,-1.239051669836044312e-02,-9.805191075429320335e-04,-1.115988707169890404e-03,-6.177312228828668594e-03,4.352259449660778046e-03,-7.338150404393672943e-03,-2.040269784629344940e-03,1.494155847467482090e-03,4.638489801436662674e-03,5.077325738966464996e-03,-1.452367193996906281e-02
2.870989032089710236e-03,4.449097439646720886e-03,-2.928802976384758949e-03,-3.816429991275072098e-03,-4.540954250842332840e-03,-7.002886850386857986e-03,5.839458201080560684e-03,1.812163623981177807e-03,1.459643710404634476e-03,-8.636077865958213806e-03,3.398295491933822632e-03,8.270735852420330048e-03,-2.212148392572999001e-03,7.735720369964838028e-03,-9.266175329685211182e-03,-6.313520018011331558e-03,7.205607835203409195e-03,-3.031190950423479080e-03,-2.295534592121839523e-03,-1.245885714888572693e-02,-4.872503690421581268e-03,-1.299170404672622681e-02,-1.053586020134389400e-04,-3.998505999334156513e-04,-6.113654468208551407e-03,6.240958347916603088e-03,-8.321681059896945953e-03,-2.130185486748814583e-03,1.473034615628421307e-03,5.542743951082229614e-03,6.594469770789146423e-03,-1.637325622141361237e-02
2.714909845963120461e-03,4.892970900982618332e-03,-2.298939041793346405e-03,-4.117249511182308197e-03,-5.014979746192693710e-03,-7.477522362023591995e-03,6.448299624025821686e-03,2.394505310803651810e-03,1.191971008665859699e-03,-8.383522741496562958e-03,2.686982741579413414e-03,8.549914695322513580e-03,-2.142231445759534836e-03,8.192550390958786011e-03,-9.518854320049285889e-03,-7.209130562841892242e-03,7.703788112848997116e-03,-3.147860756143927574e-03,-3.118045162409543991e-03,-1.361528784036636353e-02,-5.419027991592884064e-03,-1.322542782872915268e-02,6.327460287138819695e-04,-1.881022326415404677e-04,-6.102608051151037216e-03,7.398309651762247086e-03,-8.914409205317497253e-03,-2.361635677516460419e-03,1.283320947550237179e-03,6.121161393821239471e-03,7.846292108297348022e-03,-1.680700294673442841e-02
3.168206196278333664e-03,4.948700312525033951e-03,-2.887985203415155411e-03,-3.939814399927854538e-03,-4.690571688115596771e-03,-7.383199874311685562e-03,6.029660813510417938e-03,2.044240012764930725e-03,1.086819334886968136e-03,-8.673413656651973724e-03,3.154075704514980316e-03,8.161151781678199768e-03,-2.501535695046186447e-03,7.652020081877708435e-03,-9.103466756641864777e-03,-6.891177035868167877e-03,7.383233401924371719e-03,-3.017509588971734047e-03,-2.692278474569320679e-03,-1.276709977537393570e-02,-5.371174775063991547e-03,-1.305594760924577713e-02,6.040408043190836906e-04,-5.239270394667983055e-04,-6.177037488669157028e-03,7.158210035413503647e-03,-8.829295635223388672e-03,-2.329935086891055107e-03,1.121948589570820332e-03,5.764433182775974274e-03,7.210926152765750885e-03,-1.620457880198955536e-02
3.441254841163754463e-03,4.481588490307331085e-03,-4.437744617462158203e-03,-3.539839293807744980e-03,-3.290969878435134888e-03,-6.443962454795837402e-03,4.884393885731697083e-03,6.143673090264201164e-04,8.591196383349597454e-04,-9.402938187122344971e-03,4.447642713785171509e-03,7.837866432964801788e-03,-1.743957400321960449e-03,7.011309731751680374e-03,-9.151048958301544189e-03,-5.377235356718301773e-03,6.634617689996957779e-03,-2.606633584946393967e-03,-1.627353834919631481e-03,-1.036881469190120697e-02,-4.431362263858318329e-03,-1.251764874905347824e-02,-8.896886138245463371e-04,-1.518399105407297611e-03,-6.618772633373737335e-03,4.672701004892587662e-03,-7.676056586205959320e-03,-2.397627104073762894e-03,5.885570426471531391e-04,3.984334412962198257e-03,4.827341064810752869e-03,-1.470989175140857697e-02
3.399977926164865494e-03,4.311779513955116272e-03,-4.415346775203943253e-03,-3.731298027560114861e-03,-3.828568616881966591e-03,-6.596755236387252808e-03,5.353460554033517838e-03,8.867883589118719101e-04,7.473726873286068439e-04,-9.134719148278236389e-03,4.412838723510503769e-03,7.831837050616741180e-03,-1.976201310753822327e-03,7.304534316062927246e-03,-8.684672415256500244e-03,-5.139796994626522064e-03,6.937477737665176392e-03,-2.631031675264239311e-03,-1.707182265818119049e-03,-1.051693689078092575e-02,-4.531672224402427673e-03,-1.272340491414070129e-02,-9.586985106579959393e-04,-1.068980316631495953e-03,-6.749659776687622070e-03,5.103280302137136459e-03,-7.474296260625123978e-03,-2.027615439146757126e-03,6.737163057550787926e-04,4.637153353542089462e-03,4.833343438804149628e-03,-1.503853127360343933e-02
3.237725235521793365e-03,4.425458144396543503e-03,-4.081230610609054565e-03,-3.663623007014393806e-03,-3.957644104957580566e-03,-6.585999857634305954e-03,5.240900907665491104e-03,9.006469044834375381e-04,8.928403840400278568e-04,-9.585817344486713409e-03,4.415700212121009827e-03,7.983384653925895691e-03,-2.150246175006031990e-03,7.318050600588321686e-03,-8.497516624629497528e-03,-5.413196049630641937e-03,6.792676635086536407e-03,-2.732160966843366623e-03,-1.755437813699245453e-03,-1.125652808696031570e-02,-4.909976385533809662e-03,-1.283008605241775513e-02,-5.666997167281806469e-04,-1.066425465978682041e-03,-6.581963971257209778e-03,5.470450501888990402e-03,-7.653845474123954773e-03,-1.978175714612007141e-03,7.182367262430489063e-04,4.763793665915727615e-03,5.565536208450794220e-03,-1.581557281315326691e-02
2.966905711218714714e-03,4.935129545629024506e-03,-3.310769563540816307e-03,-3.653555642813444138e-03,-4.183034412562847137e-03,-6.729085929691791534e-03,5.888345651328563690e-03,1.247241161763668060e-03,1.088544493541121483e-03,-9.113868698477745056e-03,3.654527012258768082e-03,8.283038623631000519e-03,-2.570100594311952591e-03,7.415261585265398026e-03,-8.692719973623752594e-03,-5.722765810787677765e-03,7.044925820082426071e-03,-3.342629643157124519e-03,-1.849180902354419231e-03,-1.241168472915887833e-02,-6.056746933609247208e-03,-1.308983284980058670e-02,-3.719754749909043312e-05,-3.600510535761713982e-04,-6.706843618303537369e-03,6.449643988162279129e-03,-7.934547029435634613e-03,-1.752289826981723309e-03,1.390050514601171017e-03,5.706623196601867676e-03,6.270821206271648407e-03,-1.638715341687202454e-02
2.287038136273622513e-03,5.786727182567119598e-03,-1.582378055900335312e-03,-3.940765745937824249e-03,-5.351106636226177216e-03,-7.596579380333423615e-03,7.553139235824346542e-03,2.806403674185276031e-03,1.586273312568664551e-03,-8.002573624253273010e-03,1.257925294339656830e-03,9.123455733060836792e-03,-4.144270904362201691e-03,8.112990297377109528e-03,-8.971763774752616882e-03,-7.423130329698324203e-03,7.779825478792190552e-03,-4.131555557250976562e-03,-3.010429441928863525e-03,-1.615235209465026855e-02,-8.338397368788719177e-03,-1.382822357118129730e-02,1.993422629311680794e-03,1.010149833746254444e-03,-6.464924197643995285e-03,9.702903218567371368e-03,-9.449346922338008881e-03,-1.956879161298274994e-03,1.731612021103501320e-03,7.791763171553611755e-03,9.240757673978805542e-03,-1.844657957553863525e-02
2.343272557482123375e-03,5.725229158997535706e-03,-1.124426838941872120e-03,-3.859943477436900139e-03,-5.641730502247810364e-03,-7.654495071619749069e-03,8.175985887646675110e-03,2.788201440125703812e-03,1.247908687219023705e-03,-7.723559625446796417e-03,1.258639502339065075e-03,9.750838391482830048e-03,-3.671727143228054047e-03,8.340152911841869354e-03,-9.396228939294815063e-03,-7.354100700467824936e-03,7.651543244719505310e-03,-4.177373833954334259e-03,-2.961567370221018791e-03,-1.668513193726539612e-02,-8.523102849721908569e-03,-1.408808119595050812e-02,2.162512391805648804e-03,8.264101343229413033e-04,-6.500508170574903488e-03,1.004321780055761337e-02,-9.473755955696105957e-03,-2.397579606622457504e-03,1.516488729976117611e-03,8.111655712127685547e-03,9.274543263018131256e-03,-1.890019327402114868e-02
2.440567594021558762e-03,5.133301485329866409e-03,-1.808964880183339119e-03,-3.299235366284847260e-03,-5.011919420212507248e-03,-7.138984277844429016e-03,7.266401313245296478e-03,2.088785404339432716e-03,1.353215309791266918e-03,-8.057367056608200073e-03,2.095216885209083557e-03,9.471418336033821106e-03,-3.215287113562226295e-03,8.089986629784107208e-03,-9.043072350323200226e-03,-6.551235914230346680e-03,7.396616041660308838e-03,-3.800177248194813728e-03,-2.765767974779009819e-03,-1.613221503794193268e-02,-7.863773964345455170e-03,-1.393090188503265381e-02,1.295837108045816422e-03,3.636064066085964441e-04,-6.703174673020839691e-03,8.834170177578926086e-03,-8.910083211958408356e-03,-2.397291129454970360e-03,1.220829668454825878e-03,6.802984513342380524e-03,7.979609072208404541e-03,-1.836013793945312500e-02
3.128037322312593460e-03,4.416388459503650665e-03,-3.299613250419497490e-03,-2.989179687574505806e-03,-4.036316648125648499e-03,-6.140806246548891068e-03,6.173682864755392075e-03,1.116504659876227379e-03,1.095139188691973686e-03,-8.772539906203746796e-03,3.575528739020228386e-03,9.071742184460163116e-03,-2.644037595018744469e-03,7.519605103880167007e-03,-8.637005463242530823e-03,-5.081539507955312729e-03,6.968301720917224884e-03,-3.388215322047472000e-03,-1.777185825631022453e-03,-1.388575322926044464e-02,-6.798718590289354324e-03,-1.347651053220033646e-02,1.834003487601876259e-04,-5.085194716230034828e-04,-7.010323461145162582e-03,6.519930437207221985e-03,-7.820008322596549988e-03,-2.159516559913754463e-03,1.155147096142172813e-03,5.428551230579614639e-03,6.051226519048213959e-03,-1.705022156238555908e-02
3.311544889584183693e-03,3.885515267029404640e-03,-4.150789696723222733e-03,-2.692948328331112862e-03,-3.330464009195566177e-03,-6.064343731850385666e-03,5.550437606871128082e-03,6.454147514887154102e-04,7.060533389449119568e-04,-9.527682326734066010e-03,4.745626822113990784e-03,8.768790401518344879e-03,-1.836473587900400162e-03,7.042052224278450012e-03,-8.579131215810775757e-03,-4.286628216505050659e-03,6.452360656112432480e-03,-2.907978836447000504e-03,-1.272340537980198860e-03,-1.192656904458999634e-02,-6.044992711395025253e-03,-1.312847994267940521e-02,-7.793547702021896839e-04,-1.411317847669124603e-03,-7.246484979987144470e-03,5.277000367641448975e-03,-6.983831524848937988e-03,-2.115069888532161713e-03,1.018493785522878170e-03,4.302315413951873779e-03,4.728293046355247498e-03,-1.592237688601016998e-02
3.014437854290008545e-03,3.704142523929476738e-03,-2.963468898087739944e-03,-3.587173530831933022e-03,-4.359611775726079941e-03,-6.363026332110166550e-03,7.134906481951475143e-03,1.231241738423705101e-03,9.870275389403104782e-04,-8.548656478524208069e-03,3.733423538506031036e-03,9.196620434522628784e-03,-2.391983754932880402e-03,7.901613600552082062e-03,-8.652938529849052429e-03,-5.024356301873922348e-03,6.857484579086303711e-03,-3.126492723822593689e-03,-2.138456329703330994e-03,-1.422462798655033112e-02,-7.525272201746702194e-03,-1.360325329005718231e-02,-2.204083139076828957e-04,-5.018028896301984787e-04,-7.014137227088212967e-03,6.786243058741092682e-03,-7.687438745051622391e-03,-2.164410427212715149e-03,7.941533112898468971e-04,5.937566049396991730e-03,6.165786646306514740e-03,-1.782331056892871857e-02
2.476229798048734665e-03,4.175336565822362900e-03,-2.187545876950025558e-03,-3.492418210953474045e-03,-4.793015308678150177e-03,-6.558304652571678162e-03,7.584903389215469360e-03,2.215895336121320724e-03,1.148077193647623062e-03,-8.438570424914360046e-03,3.040504874661564827e-03,9.256666526198387146e-03,-3.091053105890750885e-03,7.855789735913276672e-03,-8.783802390098571777e-03,-5.561165511608123779e-03,7.270279340445995331e-03,-3.396573942154645920e-03,-2.689305925741791725e-03,-1.575731299817562103e-02,-8.726403117179870605e-03,-1.395893003791570663e-02,8.229635423049330711e-04,-1.777079887688159943e-05,-6.697495933622121811e-03,8.276396431028842926e-03,-8.318604901432991028e-03,-2.064690459519624710e-03,1.005143509246408939e-03,6.315899547189474106e-03,7.376327179372310638e-03,-1.878273487091064453e-02
2.067669527605175972e-03,4.398390650749206543e-03,-8.249101229012012482e-04,-4.126015119254589081e-03,-5.820772144943475723e-03,-6.913308054208755493e-03,9.063148871064186096e-03,2.993736416101455688e-03,1.840584678575396538e-03,-7.673992309719324112e-03,1.788666239008307457e-03,1.014081109315156937e-02,-3.618853632360696793e-03,8.729672059416770935e-03,-9.153522551059722900e-03,-6.756268441677093506e-03,8.035401813685894012e-03,-3.805543528869748116e-03,-3.498686710372567177e-03,-1.843609847128391266e-02,-1.021924987435340881e-02,-1.466052141040563583e-02,1.769454451277852058e-03,8.982077124528586864e-04,-6.856179796159267426e-03,1.056822761893272400e-02,-9.250221773982048035e-03,-2.143021905794739723e-03,8.842552197165787220e-04,7.842536084353923798e-03,9.249100461602210999e-03,-2.052891813218593597e-02
2.019091974943876266e-03,4.639974795281887054e-03,-4.632262280210852623e-04,-3.930653911083936691e-03,-6.123160477727651596e-03,-6.977966520935297012e-03,9.005046449601650238e-03,2.957004820927977562e-03,1.855337060987949371e-03,-7.696032989770174026e-03,1.704383525066077709e-03,1.027278881520032883e-02,-3.599219489842653275e-03,9.137047454714775085e-03,-9.151867590844631195e-03,-7.037943229079246521e-03,7.881199009716510773e-03,-3.834658302366733551e-03,-3.675209358334541321e-03,-1.893958821892738342e-02,-1.040032412856817245e-02,-1.492419373244047165e-02,1.893002423457801342e-03,9.762627305462956429e-04,-6.588726770132780075e-03,1.078905072063207626e-02,-9.313106536865234375e-03,-2.248863689601421356e-03,9.926614584401249886e-04,7.533278781920671463e-03,9.576243348419666290e-03,-2.069219574332237244e-02
1.528427004814147949e-03,5.060662981122732162e-03,1.040187780745327473e-03,-4.775625187903642654e-03,-7.182975299656391144e-03,-7.384158205240964890e-03,1.041153538972139359e-02,3.660541027784347534e-03,2.087560715153813362e-03,-6.893374491482973099e-03,5.681897746399044991e-04,1.061885431408882141e-02,-4.076777491718530655e-03,9.827456437051296234e-03,-9.379311464726924896e-03,-7.843194529414176941e-03,8.530856110155582428e-03,-4.441211000084877014e-03,-4.298900254070758820e-03,-2.067480608820915222e-02,-1.176817156374454498e-02,-1.516476739197969437e-02,3.040089271962642670e-03,1.802227809093892574e-03,-6.555381231009960175e-03,1.270580478012561798e-02,-1.057671196758747101e-02,-2.447387436404824257e-03,1.119835302233695984e-03,8.907739073038101196e-03,1.103465911000967026e-02,-2.241255156695842743e-02
1.458711340092122555e-03,4.977844189852476120e-03,7.112154853530228138e-04,-5.144390277564525604e-03,-7.115401793271303177e-03,-7.038773968815803528e-03,9.923592209815979004e-03,3.266142215579748154e-03,1.839760341681540012e-03,-7.399545051157474518e-03,9.158834582194685936e-04,1.070639584213495255e-02,-3.619790542870759964e-03,9.684433229267597198e-03,-9.326219558715820312e-03,-7.807819638401269913e-03,8.447876200079917908e-03,-4.275950137525796890e-03,-4.124392755329608917e-03,-2.029475942254066467e-02,-1.143381744623184204e-02,-1.465870346873998642e-02,2.940085018053650856e-03,1.448622089810669422e-03,-6.280441302806138992e-03,1.231910195201635361e-02,-1.063190679997205734e-02,-2.567278221249580383e-03,1.068231184035539627e-03,8.562227711081504822e-03,1.100397855043411255e-02,-2.201064303517341614e-02
1.677056890912353992e-03,5.140547174960374832e-03,1.914706081151962280e-04,-4.778121132403612137e-03,-6.808544043451547623e-03,-7.210287265479564667e-03,9.569428861141204834e-03,3.149614669382572174e-03,1.566565944813191891e-03,-7.770970929414033890e-03,1.193996286019682884e-03,1.037698425352573395e-02,-3.430681303143501282e-03,9.436166845262050629e-03,-9.445532225072383881e-03,-8.058016188442707062e-03,8.118945173919200897e-03,-4.208433907479047775e-03,-3.772587981075048447e-03,-1.952444575726985931e-02,-1.158181298524141312e-02,-1.422927808016538620e-02,2.967408159747719765e-03,1.334605040028691292e-03,-5.795309785753488541e-03,1.220872532576322556e-02,-1.056454610079526901e-02,-2.589789452031254768e-03,1.519236015155911446e-03,8.574035950005054474e-03,1.094269752502441406e-02,-2.128041163086891174e-02
9.047966450452804565e-04,6.149140652269124985e-03,2.783306874334812164e-03,-5.706076510250568390e-03,-9.064761921763420105e-03,-8.773226290941238403e-03,1.159880124032497406e-02,4.751401487737894058e-03,1.750854076817631721e-03,-6.078443489968776703e-03,-1.771741430275142193e-03,1.085190474987030029e-02,-4.943955224007368088e-03,1.073990575969219208e-02,-9.978696703910827637e-03,-1.025006920099258423e-02,9.363302960991859436e-03,-5.096920300275087357e-03,-5.580723751336336136e-03,-2.371483482420444489e-02,-1.378475315868854523e-02,-1.505660917609930038e-02,5.392197519540786743e-03,3.062455216422677040e-03,-5.259749945253133774e-03,1.617401652038097382e-02,-1.249731332063674927e-02,-2.745831850916147232e-03,1.748284674249589443e-03,1.118048187345266342e-02,1.492343842983245850e-02,-2.412620373070240021e-02
3.124566865153610706e-04,7.003847509622573853e-03,5.065064877271652222e-03,-6.522313226014375687e-03,-1.080856937915086746e-02,-9.839043952524662018e-03,1.327108964323997498e-02,6.228398997336626053e-03,2.357414690777659416e-03,-4.698884673416614532e-03,-4.607559647411108017e-03,1.135610230267047882e-02,-6.895124912261962891e-03,1.144366431981325150e-02,-1.042956579476594925e-02,-1.192612294107675552e-02,1.085206214338541031e-02,-6.020030938088893890e-03,-6.756286136806011200e-03,-2.743346057832241058e-02,-1.613596454262733459e-02,-1.563652791082859039e-02,7.449150551110506058e-03,4.860890097916126251e-03,-4.756408743560314178e-03,1.983598992228507996e-02,-1.409415993839502335e-02,-2.963136415928602219e-03,2.534012310206890106e-03,1.341792568564414978e-02,1.783365756273269653e-02,-2.655531652271747589e-02
1.397864543832838535e-04,6.470561027526855469e-03,5.333404522389173508e-03,-6.649715825915336609e-03,-1.076450943946838379e-02,-9.874463081359863281e-03,1.339407637715339661e-02,5.891834851354360580e-03,2.146254526451230049e-03,-4.549379926174879074e-03,-4.606137517839670181e-03,1.170505024492740631e-02,-6.622343324124813080e-03,1.174068730324506760e-02,-1.036861445754766464e-02,-1.166784018278121948e-02,1.092230528593063354e-02,-6.025024689733982086e-03,-7.037291768938302994e-03,-2.761502005159854889e-02,-1.651400886476039886e-02,-1.588651537895202637e-02,7.283056620508432388e-03,4.829003009945154190e-03,-4.874550271779298782e-03,1.943422853946685791e-02,-1.402183808386325836e-02,-2.900934545323252678e-03,2.456260379403829575e-03,1.370283309370279312e-02,1.745507866144180298e-02,-2.676149643957614899e-02
-2.646556822583079338e-04,6.669724825769662857e-03,6.150991190224885941e-03,-6.695494987070560455e-03,-1.107171736657619476e-02,-1.024416368454694748e-02,1.392617728561162949e-02,6.535181775689125061e-03,2.217188943177461624e-03,-4.368649795651435852e-03,-5.165584385395050049e-03,1.170988008379936218e-02,-7.042145822197198868e-03,1.184809487313032150e-02,-1.040580309927463531e-02,-1.268119923770427704e-02,1.131096296012401581e-02,-6.450298707932233810e-03,-7.426701020449399948e-03,-2.825379557907581329e-02,-1.683077029883861542e-02,-1.582706160843372345e-02,7.775905076414346695e-03,5.394020583480596542e-03,-4.793481435626745224e-03,2.068335749208927155e-02,-1.456290762871503830e-02,-3.194939112290740013e-03,2.566039096564054489e-03,1.426712889224290848e-02,1.825732551515102386e-02,-2.772003412246704102e-02
-8.119859558064490557e-05,6.199122406542301178e-03,5.797929596155881882e-03,-6.571357604116201401e-03,-1.118582021445035934e-02,-1.027002371847629547e-02,1.347372960299253464e-02,6.339170504361391068e-03,2.116671530529856682e-03,-4.305624403059482574e-03,-4.770304542034864426e-03,1.143520046025514603e-02,-6.799667142331600189e-03,1.199566479772329330e-02,-1.020097080618143082e-02,-1.211074739694595337e-02,1.134581491351127625e-02,-6.209726445376873016e-03,-7.293367758393287659e-03,-2.788460254669189453e-02,-1.699608005583286285e-02,-1.610777340829372406e-02,7.313372567296028137e-03,5.449289456009864807e-03,-5.033139139413833618e-03,1.998605020344257355e-02,-1.426246669143438339e-02,-3.116321051493287086e-03,2.465043682605028152e-03,1.405795756727457047e-02,1.773165538907051086e-02,-2.744467556476593018e-02
5.528296460397541523e-04,5.564335267990827560e-03,4.747092723846435547e-03,-5.836508702486753464e-03,-1.058103889226913452e-02,-9.578816592693328857e-03,1.255437731742858887e-02,5.621299613267183304e-03,2.001332584768533707e-03,-5.061833187937736511e-03,-3.711712779477238655e-03,1.129172183573246002e-02,-5.716885440051555634e-03,1.181180682033300400e-02,-9.842448867857456207e-03,-1.107912976294755936e-02,1.101570110768079758e-02,-5.727389827370643616e-03,-6.799065042287111282e-03,-2.624704502522945404e-02,-1.560152135789394379e-02,-1.604796200990676880e-02,6.279435474425554276e-03,4.859379492700099945e-03,-5.314767360687255859e-03,1.818043738603591919e-02,-1.369819603860378265e-02,-3.109501907601952553e-03,1.998015912249684334e-03,1.282731071114540100e-02,1.624307222664356232e-02,-2.604280598461627960e-02
1.413789694197475910e-03,4.370545037090778351e-03,2.150206128135323524e-03,-5.089017562568187714e-03,-8.419483900070190430e-03,-8.212520740926265717e-03,1.002895459532737732e-02,3.846487496048212051e-03,1.273043686524033546e-03,-6.527176126837730408e-03,-6.490810774266719818e-04,1.038670539855957031e-02,-3.552431706339120865e-03,1.111552957445383072e-02,-9.467003867030143738e-03,-8.939992636442184448e-03,9.657333604991436005e-03,-4.702667705714702606e-03,-5.345165729522705078e-03,-2.168494276702404022e-02,-1.316935569047927856e-02,-1.525675877928733826e-02,3.996125888079404831e-03,3.111178288236260414e-03,-5.800427403301000595e-03,1.374714821577072144e-02,-1.165637001395225525e-02,-3.063702490180730820e-03,1.730310963466763496e-03,9.852016344666481018e-03,1.223750784993171692e-02,-2.305679768323898315e-02
1.295959460549056530e-03,4.637022502720355988e-03,3.226143075153231621e-03,-5.241969134658575058e-03,-9.466735646128654480e-03,-8.341568522155284882e-03,1.091707311570644379e-02,4.587640985846519470e-03,1.629624981433153152e-03,-5.671082064509391785e-03,-1.872350461781024933e-03,1.111705321818590164e-02,-4.157613962888717651e-03,1.180853135883808136e-02,-9.494619444012641907e-03,-9.871468879282474518e-03,1.030226983129978180e-02,-5.318630486726760864e-03,-6.000081077218055725e-03,-2.418809570372104645e-02,-1.410368736833333969e-02,-1.592056080698966980e-02,5.359547678381204605e-03,4.053040873259305954e-03,-5.513104144483804703e-03,1.597419753670692444e-02,-1.247149147093296051e-02,-2.826867159456014633e-03,1.673556747846305370e-03,1.112394686788320541e-02,1.427410542964935303e-02,-2.441368065774440765e-02
1.144052250310778618e-03,4.871860146522521973e-03,2.998826792463660240e-03,-5.288082640618085861e-03,-9.307296015322208405e-03,-7.969145663082599640e-03,1.103490777313709259e-02,4.752543754875659943e-03,1.253702677786350250e-03,-5.695004947483539581e-03,-1.488165347836911678e-03,1.111680176109075546e-02,-4.035602789372205734e-03,1.149692386388778687e-02,-9.229007177054882050e-03,-9.815939702093601227e-03,1.011537574231624603e-02,-5.191500764340162277e-03,-6.151949986815452576e-03,-2.360785193741321564e-02,-1.360670663416385651e-02,-1.564565487205982208e-02,5.444677080959081650e-03,3.717231564223766327e-03,-5.359930451959371567e-03,1.597928628325462341e-02,-1.246792636811733246e-02,-2.661627484485507011e-03,1.521007157862186432e-03,1.086890324950218201e-02,1.371330022811889648e-02,-2.406688034534454346e-02
1.707557123154401779e-03,4.872798454016447067e-03,2.189320512115955353e-03,-5.299807991832494736e-03,-8.326183073222637177e-03,-7.529577240347862244e-03,1.032308395951986313e-02,3.945452161133289337e-03,1.164564862847328186e-03,-6.625896319746971130e-03,-1.356743741780519485e-04,1.015513669699430466e-02,-4.236804321408271790e-03,1.089514233171939850e-02,-8.974778465926647186e-03,-9.456790983676910400e-03,9.825205430388450623e-03,-5.010137800127267838e-03,-5.238895304501056671e-03,-2.180525660514831543e-02,-1.316906511783599854e-02,-1.454397849738597870e-02,4.724786151200532913e-03,2.732462715357542038e-03,-4.857157357037067413e-03,1.460470631718635559e-02,-1.196526736021041870e-02,-2.839603461325168610e-03,1.844319980591535568e-03,1.018378138542175293e-02,1.258678734302520752e-02,-2.287194877862930298e-02
8.268820820376276970e-04,6.428116466850042343e-03,4.959248472005128860e-03,-6.053238175809383392e-03,-1.010685320943593979e-02,-8.422272279858589172e-03,1.247853133827447891e-02,5.684808362275362015e-03,2.020190702751278877e-03,-4.664023406803607941e-03,-3.265410894528031349e-03,1.116368360817432404e-02,-6.141417659819126129e-03,1.174869202077388763e-02,-9.535781107842922211e-03,-1.125605683773756027e-02,1.121903490275144577e-02,-6.319747772067785263e-03,-6.312009412795305252e-03,-2.713573351502418518e-02,-1.612167991697788239e-02,-1.571247726678848267e-02,7.275178097188472748e-03,4.590792115777730942e-03,-4.560774657875299454e-03,1.878539659082889557e-02,-1.375341881066560745e-02,-2.953234827145934105e-03,2.158437855541706085e-03,1.296586357057094574e-02,1.695558242499828339e-02,-2.573280595242977142e-02
3.472543612588196993e-04,7.658409420400857925e-03,6.098302081227302551e-03,-6.344034336507320404e-03,-1.144430972635746002e-02,-8.948487229645252228e-03,1.379128079861402512e-02,6.428105756640434265e-03,2.127551008015871048e-03,-3.972557373344898224e-03,-5.114399828016757965e-03,1.123259961605072021e-02,-6.896770559251308441e-03,1.189489383250474930e-02,-9.812557138502597809e-03,-1.228880230337381363e-02,1.217598747462034225e-02,-7.067768368870019913e-03,-6.771069485694169998e-03,-2.940479665994644165e-02,-1.735513471066951752e-02,-1.559447403997182846e-02,8.968370035290718079e-03,5.473914556205272675e-03,-3.920196089893579483e-03,2.077735960483551025e-02,-1.486792694777250290e-02,-2.888802438974380493e-03,2.272197976708412170e-03,1.445736829191446304e-02,1.941157877445220947e-02,-2.637489698827266693e-02
8.578215492889285088e-04,7.237946148961782455e-03,5.853865295648574829e-03,-6.073065567761659622e-03,-1.123868022114038467e-02,-8.199713192880153656e-03,1.352957077324390411e-02,6.420563906431198120e-03,2.163789467886090279e-03,-4.415839444845914841e-03,-4.594741854816675186e-03,1.142134517431259155e-02,-6.663194391876459122e-03,1.216351613402366638e-02,-9.674502536654472351e-03,-1.201925706118345261e-02,1.216117478907108307e-02,-6.874843500554561615e-03,-6.972960196435451508e-03,-2.890420891344547272e-02,-1.714026555418968201e-02,-1.563966274261474609e-02,8.450997062027454376e-03,5.257243756204843521e-03,-3.879680298268795013e-03,2.026162296533584595e-02,-1.461124606430530548e-02,-2.800601767376065254e-03,1.897435868158936501e-03,1.400437578558921814e-02,1.860065571963787079e-02,-2.626265771687030792e-02
7.070495048537850380e-04,7.673406973481178284e-03,6.573234684765338898e-03,-6.049343384802341461e-03,-1.200613006949424744e-02,-8.348693139851093292e-03,1.354024279862642288e-02,7.341126445680856705e-03,2.165061887353658676e-03,-4.511680454015731812e-03,-5.070057697594165802e-03,1.162470690906047821e-02,-6.788006518036127090e-03,1.229654997587203979e-02,-1.001994498074054718e-02,-1.228161435574293137e-02,1.243035495281219482e-02,-7.018177304416894913e-03,-7.416817359626293182e-03,-2.980760112404823303e-02,-1.706665381789207458e-02,-1.564805023372173309e-02,8.999799378216266632e-03,5.424847826361656189e-03,-3.635689150542020798e-03,2.101831138134002686e-02,-1.502442639321088791e-02,-2.914874115958809853e-03,2.066832035779953003e-03,1.458130870014429092e-02,1.979791931807994843e-02,-2.626945264637470245e-02
1.410747412592172623e-03,7.142965681850910187e-03,4.534275736659765244e-03,-5.483850371092557907e-03,-1.027534902095794678e-02,-7.395325694233179092e-03,1.134871970862150192e-02,5.902498960494995117e-03,1.919923583045601845e-03,-5.749134346842765808e-03,-2.825833857059478760e-03,1.047565508633852005e-02,-5.478328093886375427e-03,1.131209358572959900e-02,-9.656775742769241333e-03,-1.060822047293186188e-02,1.131195854395627975e-02,-6.360224913805723190e-03,-6.271857302635908127e-03,-2.626361697912216187e-02,-1.507860049605369568e-02,-1.508171297609806061e-02,7.281905505806207657e-03,3.968676552176475525e-03,-4.133173264563083649e-03,1.768626458942890167e-02,-1.344100013375282288e-02,-2.627123612910509109e-03,2.236809814348816872e-03,1.246293447911739349e-02,1.694863475859165192e-02,-2.355083636939525604e-02
7.863370119594037533e-04,8.229248225688934326e-03,6.195778027176856995e-03,-5.889798048883676529e-03,-1.150910649448633194e-02,-8.511653169989585876e-03,1.312504243105649948e-02,6.977553479373455048e-03,2.254026243463158607e-03,-5.060400348156690598e-03,-4.708190448582172394e-03,1.048360951244831085e-02,-6.501226685941219330e-03,1.115285791456699371e-02,-1.048086583614349365e-02,-1.207607705146074295e-02,1.200498733669519424e-02,-7.056367117911577225e-03,-7.007524836808443069e-03,-2.866674587130546570e-02,-1.709506101906299591e-02,-1.530086155980825424e-02,9.165575727820396423e-03,4.968321882188320160e-03,-3.788898931816220284e-03,2.052501589059829712e-02,-1.481000613421201706e-02,-2.529747318476438522e-03,2.808235585689544678e-03,1.430613920092582703e-02,1.971394009888172150e-02,-2.523169293999671936e-02
6.683356477878987789e-04,7.953505963087081909e-03,5.396900698542594910e-03,-5.912001244723796844e-03,-1.066484954208135605e-02,-8.559058420360088348e-03,1.235445030033588409e-02,6.237578578293323517e-03,2.049266826361417770e-03,-5.092631094157695770e-03,-4.270978737622499466e-03,9.745985269546508789e-03,-6.639730185270309448e-03,1.116782799363136292e-02,-1.033536251634359360e-02,-1.151800900697708130e-02,1.151287276297807693e-02,-6.886376999318599701e-03,-6.402032915502786636e-03,-2.716007642447948456e-02,-1.629257388412952423e-02,-1.501509640365839005e-02,8.715544827282428741e-03,4.484490025788545609e-03,-3.938548266887664795e-03,1.936092786490917206e-02,-1.416856981813907623e-02,-2.471496351063251495e-03,2.507275436073541641e-03,1.378337107598781586e-02,1.837121322751045227e-02,-2.443698607385158539e-02
8.390537695959210396e-04,8.202503435313701630e-03,5.049999803304672241e-03,-5.848411936312913895e-03,-1.005818229168653488e-02,-8.556912653148174286e-03,1.177100278437137604e-02,5.864433012902736664e-03,2.410874003544449806e-03,-5.180886946618556976e-03,-4.119272809475660324e-03,9.471164084970951080e-03,-6.664330605417490005e-03,1.114696264266967773e-02,-1.005465537309646606e-02,-1.121346652507781982e-02,1.145597361028194427e-02,-6.856691092252731323e-03,-6.157227791845798492e-03,-2.726837061345577240e-02,-1.658283174037933350e-02,-1.503699086606502533e-02,8.259355090558528900e-03,4.459345713257789612e-03,-4.101263359189033508e-03,1.898134127259254456e-02,-1.412487775087356567e-02,-2.243170980364084244e-03,2.682855119928717613e-03,1.350328139960765839e-02,1.847895607352256775e-02,-2.403006330132484436e-02
1.634587300941348076e-03,6.896964274346828461e-03,1.977439038455486298e-03,-5.267899483442306519e-03,-7.812233641743659973e-03,-7.158239372074604034e-03,9.053080342710018158e-03,3.608400234952569008e-03,1.844940474256873131e-03,-6.706453394144773483e-03,-6.879644934087991714e-04,8.097286336123943329e-03,-4.738106857985258102e-03,1.013600919395685196e-02,-8.974699303507804871e-03,-8.425013162195682526e-03,1.017803885042667389e-02,-5.769829265773296356e-03,-4.377142526209354401e-03,-2.162905782461166382e-02,-1.311981957405805588e-02,-1.408333238214254379e-02,5.223302636295557022e-03,2.760359086096286774e-03,-4.741486627608537674e-03,1.380546577274799347e-02,-1.184132974594831467e-02,-2.091798931360244751e-03,2.036441583186388016e-03,1.054001506417989731e-02,1.342475041747093201e-02,-2.068744599819183350e-02
1.475988188758492470e-03,6.877839565277099609e-03,2.387216780334711075e-03,-5.256099160760641098e-03,-8.063690736889839172e-03,-7.375420536845922470e-03,9.424963966012001038e-03,3.692114027217030525e-03,1.864728168584406376e-03,-6.623975932598114014e-03,-9.996227454394102097e-04,8.352506905794143677e-03,-4.990386776626110077e-03,1.013455167412757874e-02,-8.749050088226795197e-03,-8.765316568315029144e-03,1.055571995675563812e-02,-6.016226951032876968e-03,-4.468886647373437881e-03,-2.247166261076927185e-02,-1.378170959651470184e-02,-1.421574596315622330e-02,5.735673941671848297e-03,3.102048998698592186e-03,-4.772370681166648865e-03,1.466087251901626587e-02,-1.207993924617767334e-02,-1.894330023787915707e-03,1.778119360096752644e-03,1.090761367231607437e-02,1.411424577236175537e-02,-2.152516320347785950e-02
2.139679156243801117e-03,6.246480625122785568e-03,9.016199037432670593e-04,-4.768958315253257751e-03,-6.976636126637458801e-03,-6.435024552047252655e-03,7.382487878203392029e-03,2.760403789579868317e-03,1.262295525521039963e-03,-7.568834815174341202e-03,8.533044019713997841e-04,7.561810780316591263e-03,-4.203840158879756927e-03,9.738668799400329590e-03,-8.231014013290405273e-03,-7.647309917956590652e-03,1.001447811722755432e-02,-5.351251922547817230e-03,-3.880764357745647430e-03,-1.944390684366226196e-02,-1.197162549942731857e-02,-1.353324763476848602e-02,4.226056858897209167e-03,2.206844044849276543e-03,-4.879804328083992004e-03,1.215570792555809021e-02,-1.097218040376901627e-02,-2.373325405642390251e-03,1.391137018799781799e-03,9.239586070179939270e-03,1.172832958400249481e-02,-1.977478526532649994e-02
2.100935438647866249e-03,6.450357846915721893e-03,2.655436401255428791e-04,-4.501868505030870438e-03,-6.534396670758724213e-03,-6.148659624159336090e-03,6.450045853853225708e-03,2.387208398431539536e-03,9.576767915859818459e-04,-7.978729903697967529e-03,1.824661972932517529e-03,7.202506531029939651e-03,-3.472544252872467041e-03,9.258513338863849640e-03,-8.008808828890323639e-03,-6.872442550957202911e-03,9.349741972982883453e-03,-5.230059381574392319e-03,-3.572451882064342499e-03,-1.785553991794586182e-02,-1.076750271022319794e-02,-1.332932058721780777e-02,3.404978197067975998e-03,1.576424692757427692e-03,-4.761768504977226257e-03,1.101257465779781342e-02,-1.035799272358417511e-02,-2.091322327032685280e-03,1.013211207464337349e-03,8.852859959006309509e-03,1.051886565983295441e-02,-1.863867044448852539e-02
2.334478078410029411e-03,5.947269499301910400e-03,-9.063248289749026299e-04,-4.012636840343475342e-03,-5.547329783439636230e-03,-5.719512235373258591e-03,5.089610815048217773e-03,1.738202990964055061e-03,7.613882771693170071e-04,-9.207818657159805298e-03,3.659088630229234695e-03,6.742849480360746384e-03,-2.789754420518875122e-03,8.420334197580814362e-03,-7.413673214614391327e-03,-6.146399304270744324e-03,8.730091154575347900e-03,-4.734954331070184708e-03,-2.954462543129920959e-03,-1.646587811410427094e-02,-9.783780202269554138e-03,-1.306136697530746460e-02,2.392105758190155029e-03,8.667987422086298466e-04,-4.723947029560804367e-03,9.679138660430908203e-03,-9.477107785642147064e-03,-1.741617685183882713e-03,8.791114669293165207e-04,7.826671935617923737e-03,9.046582505106925964e-03,-1.752621866762638092e-02
1.824581064283847809e-03,7.001576013863086700e-03,1.379355788230895996e-03,-4.486260470002889633e-03,-7.329791318625211716e-03,-6.745554506778717041e-03,7.476417347788810730e-03,3.053248859941959381e-03,1.191850868053734303e-03,-7.936620153486728668e-03,1.128018600866198540e-03,7.395758759230375290e-03,-4.255527164787054062e-03,9.248791262507438660e-03,-7.986403070390224457e-03,-7.561615202575922012e-03,1.027887593954801559e-02,-5.537891760468482971e-03,-4.163748119026422501e-03,-2.013484574854373932e-02,-1.229695230722427368e-02,-1.355341076850891113e-02,4.632672294974327087e-03,2.053648466244339943e-03,-4.239190369844436646e-03,1.340769417583942413e-02,-1.119281444698572159e-02,-1.619262970052659512e-03,1.483276253566145897e-03,1.023065578192472458e-02,1.248310692608356476e-02,-1.963265985250473022e-02
1.344449119642376900e-03,7.499435450881719589e-03,2.033059019595384598e-03,-4.791107494384050369e-03,-8.002915419638156891e-03,-7.153567858040332794e-03,8.629869669675827026e-03,3.754855599254369736e-03,1.418593339622020721e-03,-7.373025640845298767e-03,-4.194725770503282547e-04,7.755568716675043106e-03,-4.732386209070682526e-03,9.384017437696456909e-03,-8.595042861998081207e-03,-8.233603090047836304e-03,1.069086510688066483e-02,-5.992847494781017303e-03,-4.485375247895717621e-03,-2.119651995599269867e-02,-1.311897952109575272e-02,-1.382310315966606140e-02,5.461064632982015610e-03,2.787583507597446442e-03,-4.069351125508546829e-03,1.466881670057773590e-02,-1.198966801166534424e-02,-1.420930726453661919e-03,1.351144863292574883e-03,1.151180639863014221e-02,1.397734507918357849e-02,-2.057574689388275146e-02
9.839537087827920914e-04,8.373114280402660370e-03,3.365532495081424713e-03,-5.029787775129079819e-03,-8.752461522817611694e-03,-7.819022983312606812e-03,9.812476113438606262e-03,4.473450593650341034e-03,1.703177811577916145e-03,-6.885854993015527725e-03,-1.918647903949022293e-03,7.976450026035308838e-03,-5.885507911443710327e-03,9.686305187642574310e-03,-8.694910444319248199e-03,-8.919779211282730103e-03,1.123423408716917038e-02,-6.495094858109951019e-03,-4.898193292319774628e-03,-2.379062585532665253e-02,-1.475577894598245621e-02,-1.398152392357587814e-02,6.594063714146614075e-03,3.678911598399281502e-03,-4.006686620414257050e-03,1.661757007241249084e-02,-1.283941045403480530e-02,-1.197785371914505959e-03,1.933270483277738094e-03,1.261165365576744080e-02,1.583860814571380615e-02,-2.145607210695743561e-02
