3.129824758283376251e+00,-1.658214232831239920e-01,3.236331010481038994e+00
3.087102921344849982e+00,-1.627681286361735424e-01,3.242989707649009290e+00
3.194882144412711344e+00,-1.730391662650677675e-01,2.966401164640301680e+00
3.127187391677165085e+00,1.597148120778226765e-01,3.257099455850091196e+00
3.079315248665985383e+00,1.576214603680071158e-01,2.925759752350311160e+00
3.040087485627106290e+00,2.755449678780672595e-01,3.281716892319797019e+00
3.104407616423323635e+00,-1.134298634092761049e-01,3.090450499135025009e+00
3.146210060869886416e+00,-6.537206178557525282e-02,3.207368414173713767e+00
3.225648809992649024e+00,-2.167247669630587292e-01,3.008081590094317637e+00
3.339741591639656448e+00,-1.430163965158987305e-01,3.278426876510922572e+00
3.143581618871517325e+00,-2.082516806613900484e-01,3.378132366301090261e+00
3.388825570567335799e+00,-1.088909418509403509e-01,3.235727600143745608e+00
3.279432151589651401e+00,5.869732894114449567e-02,3.295360162149205241e+00
3.166495235242585693e+00,-2.922694429074159661e-01,3.230704375539642736e+00
3.217074763533415371e+00,3.621214834551213929e-03,3.270991196854862615e+00
3.203508772953660433e+00,1.946166570542405827e-01,3.346959552121696824e+00
3.129832573094707637e+00,-1.849091590827310339e-01,3.207241417542278761e+00
3.314492282283442393e+00,-7.074750181110148195e-02,3.116388582669796126e+00
3.071980084074071637e+00,1.195302662676377969e-01,3.307205130490821876e+00
3.290392326114943700e+00,-1.496054395277399418e-01,3.181192678833098419e+00
3.281390489007797395e+00,2.367315581340536101e-01,3.292985181853611110e+00
3.186299960008898591e+00,-2.458512298715723882e-02,3.144121867490213607e+00
3.013035870126890892e+00,-4.043738760811033811e-02,3.228132970298018378e+00
3.288026322375249944e+00,-3.193561435536831916e-01,2.923031812712397315e+00
3.239224174568616554e+00,-1.967065897064126656e-01,3.085555492956869372e+00
3.189393319480025468e+00,-6.326625295065817049e-03,3.084763785961943228e+00
3.165355272393469921e+00,2.692058636941602745e-01,3.239030486973726308e+00
3.180585628496749528e+00,3.159639111016753210e-01,3.336453386276713839e+00
3.259403671921676349e+00,2.375901370557641779e-01,3.425993661252024314e+00
3.054654421290699862e+00,1.516788628757149426e-01,3.231632580742729299e+00
2.977089508932957429e+00,9.483621349618301388e-02,2.999904923958803149e+00
3.015213127458890252e+00,-7.831641458108060463e-03,3.130886873177804119e+00
3.377229393982795980e+00,1.707523555428041850e-01,3.289010041517204552e+00
3.239737651269728680e+00,-1.520253951128592851e-01,3.216599662936024284e+00
3.076021428828016990e+00,2.011192098422811408e-02,3.246595493074299732e+00
3.244091752137589602e+00,-1.032548289386431839e-01,2.996196805585689571e+00
3.088885650887621015e+00,4.388834256222416963e-01,3.226819286280891319e+00
3.105308214942817724e+00,-2.552636902207445768e-01,3.211099812515830099e+00
3.306231977359868957e+00,5.203296036600103119e-02,3.026418215709742121e+00
3.145233374357032652e+00,-5.832711196791749708e-02,3.087090941326492199e+00
3.055357872192486557e+00,-2.496205677892830987e-01,2.988537264025055595e+00
3.136726736000749582e+00,-1.669942331314524242e-01,3.206445266072996958e+00
3.307481348707835167e+00,-1.712003621415101040e-01,3.117625973788344940e+00
3.231021130953295017e+00,-9.093311730445444163e-02,3.396609747971089721e+00
3.128918813597294513e+00,2.859634973957583259e-01,3.062050457608198162e+00
3.264393477198719751e+00,4.713178522495736072e-02,3.204745044626535755e+00
3.226491112033603947e+00,-1.145640712517677906e-01,3.071323318109431266e+00
3.207063034933608670e+00,-1.999937701423764366e-03,3.242924158750545516e+00
3.321218879744497698e+00,-5.430614121760019009e-03,3.211522433292526291e+00
3.201479973555693803e+00,5.830979047715413588e-02,3.262381714966744006e+00
3.194032284148392797e+00,8.496334809785208164e-02,3.265457306853297936e+00
3.116110248537417693e+00,1.075542060494318330e-01,3.143279718696528224e+00
3.179051818376478433e+00,3.644595823546058905e-02,2.812009660294996216e+00
3.142558845919141586e+00,-1.920136973107954351e-02,2.962396374600172244e+00
3.157788486997687105e+00,-1.640802636318031138e-01,3.050349304062522471e+00
3.123100754397110546e+00,1.315722037859021545e-02,3.129874069200324183e+00
3.111736208093859979e+00,-3.378076494856340761e-01,2.994557234209696439e+00
3.209459191469399730e+00,-1.219534099029246227e-01,3.114264625856442148e+00
3.285701317170376168e+00,-2.398002922871457776e-01,3.158816924878166343e+00
3.184113096754820571e+00,7.501511192769413916e-02,3.253055588378846341e+00
3.247056888675682540e+00,1.236066170628653642e-02,3.417242043393001083e+00
3.198636233815826735e+00,3.952204420123564543e-02,3.193637426580497429e+00
3.355805492701091186e+00,-1.257550246872792821e-01,3.246394849993813558e+00
3.167150192084909222e+00,-7.204724571329880478e-02,3.232260668176907270e+00
3.234855204439049281e+00,-6.334646912041091982e-02,2.931621670519556133e+00
3.247434260068315925e+00,1.046135519499192534e-01,3.191935246092604039e+00
3.201693395913096207e+00,-2.974309097442531108e-02,3.221061932574042164e+00
3.176065921323990793e+00,-1.643376945117111521e-01,3.169780172772411309e+00
3.263484008926552438e+00,4.308182221365512710e-02,3.186713006900619316e+00
3.226373189588222168e+00,1.391367260758193392e-01,3.084549819755793010e+00
3.174812871160453298e+00,2.947175074080056745e-01,3.195109473883935625e+00
3.315071895081392217e+00,1.329629227732167795e-01,3.295467071228745048e+00
3.148584563611151133e+00,-1.632843106195663030e-01,3.287192426368780840e+00
3.127761336615097143e+00,-2.972718537866242405e-02,2.960486620337826835e+00
3.112918980884519460e+00,-7.176608026895235637e-02,3.136710079423151942e+00
3.187606838387977426e+00,-9.850468996452751980e-02,3.217903698176990179e+00
3.104842624152865049e+00,1.433212994729927137e-01,3.100799033162080498e+00
3.115604824263854322e+00,-1.602791330693308369e-01,3.089224611886308924e+00
3.391591638726104474e+00,9.697638507828704180e-02,2.899046790644600691e+00
3.389471544291314586e+00,4.333538345242183426e-02,3.405259688265598772e+00
3.243197865919536849e+00,1.492957588986398576e-01,3.270451884091295280e+00
3.019634363879770245e+00,1.325753311991014760e-01,3.191036288146094080e+00
3.405312612230846803e+00,-1.548266573467651230e-01,3.099663432525464390e+00
3.415436006123127477e+00,-2.268626596718993915e-01,3.263441825740978963e+00
3.144299228029584725e+00,-4.020990333747184731e-02,3.346265054790243720e+00
3.017250108030014921e+00,5.129524434924052911e-02,3.115840668238699873e+00
3.129702394572151825e+00,-4.072258086975238944e-02,3.131810685101545477e+00
3.228805062814315896e+00,-2.037049255558138205e-01,3.193080928245078720e+00
3.181818889229065750e+00,2.131815207102717019e-02,3.073825151473051243e+00
3.322250661865940646e+00,-2.145292066363469474e-01,3.100576139454564562e+00
3.155366564932897244e+00,-1.683533993549375385e-01,3.207371646896860273e+00
3.232539940074709239e+00,-6.588091988286545742e-02,3.054106310803019753e+00
3.206463971582680816e+00,-1.196838686241863542e-01,3.236667263220096125e+00
3.171782468246115982e+00,7.692873213932024945e-02,3.237259014538437896e+00
3.228102265485569777e+00,2.136317283564979908e-01,3.346319360708048585e+00
3.125125132715154574e+00,1.528406596510712735e-02,3.091149008462164005e+00
3.115058857798168823e+00,1.912123607177244333e-01,3.163120349743054671e+00
3.143127442510292635e+00,-1.756061020222726421e-01,3.041431740111122828e+00
3.089483926264082747e+00,-2.003046446736791442e-01,3.185134269886971126e+00
2.987347964762153030e+00,2.233024439176371778e-01,3.190979066777352990e+00
3.142093670598644639e+00,5.337699714888061858e-02,3.127957401626827227e+00
3.275698640841884224e+00,-2.238140938573326272e-02,3.075936509443332856e+00
3.198471042446367818e+00,6.446352783131371889e-02,3.193769858793592764e+00
3.114550944554625556e+00,-9.405856096413348078e-02,3.031764724486562201e+00
3.203307442962451734e+00,2.739585509477734937e-02,2.914617409240026547e+00
3.308448889006327942e+00,2.415159629015574058e-04,3.158694699016563412e+00
3.197054161366630787e+00,1.380363000285844167e-02,3.140347231928509952e+00
3.294922797895706079e+00,1.878157368141730454e-01,3.176896321863935224e+00
3.075939080250188695e+00,-9.339892006643046862e-02,3.091135824454993575e+00
3.298782992766919442e+00,-1.165000616284937729e-01,3.125712907808881003e+00
3.114555267400759053e+00,-9.083915192803503069e-02,3.310377534304284275e+00
3.043315633565368383e+00,4.100158923976453262e-02,3.058283131678683375e+00
3.370351238998202437e+00,4.400792997910994014e-02,3.128367050698876106e+00
3.214302470834605074e+00,2.269453236501056681e-01,3.283932895799355656e+00
3.242143908854737688e+00,-4.760153652026800908e-02,3.347097977967536497e+00
2.952530549662941706e+00,-1.303371653667039776e-01,3.170594352001532279e+00
3.058512530924197836e+00,-2.974412947662249257e-02,3.270886131596279167e+00
3.265375318891726497e+00,-2.261561381572169682e-01,3.139752192007284837e+00
3.518868709103048165e+00,-6.085444335963025725e-02,3.150830623286576593e+00
3.261105484033618218e+00,1.771519489606760700e-01,3.091421034386890643e+00
3.195046010308058904e+00,-1.962170774594495237e-01,3.139806012732074159e+00
3.167106779456017929e+00,-1.124426381740690900e-01,3.220931424298678625e+00
3.109476483695402305e+00,-9.461737510129350492e-02,3.113450971418974422e+00
3.418706851924369516e+00,6.033972096274797803e-02,2.944381406736896967e+00
3.148119747126704393e+00,4.878803693381403989e-02,3.154584187950911112e+00
3.313910240783822125e+00,-9.904807788300644400e-02,3.183991292634348103e+00
3.125327660522209339e+00,-1.377234337694340505e-01,3.128375443212566775e+00
3.171076229711390138e+00,-3.569288770890498008e-01,3.101365041259307453e+00
3.317037661900869239e+00,7.146298325145203356e-02,3.283024662258791082e+00
3.140927558403851183e+00,-9.507016815839947066e-02,3.145611737563531740e+00
3.047349112292459417e+00,3.124313624153739199e-02,3.188115449165349613e+00
3.216052770284931750e+00,-9.998754394453428229e-02,3.087810741628658651e+00
3.201335586403492695e+00,-6.486520914028594265e-02,3.105312495790295113e+00
3.163497604374967853e+00,5.418168682138087278e-02,3.412803641877605099e+00
3.269826249619389280e+00,1.769052119734365602e-01,3.071420025661830699e+00
3.357175562800831070e+00,1.114878060548920441e-01,3.149903808462822585e+00
3.123862571733269533e+00,-2.118790145695307117e-02,3.023628897407345306e+00
3.310163925172123545e+00,5.310388527398691300e-02,3.068342032137996167e+00
3.247143490026592083e+00,2.358301613376418554e-02,3.082663274447040802e+00
3.233548180933552452e+00,1.579998026383096499e-01,3.177716740115217320e+00
3.325666669400404452e+00,1.532519252588631919e-01,2.983276907654687449e+00
3.152311243453120415e+00,-8.382951210558818589e-02,3.187210425950094184e+00
3.176005904190850604e+00,7.429812275496000193e-03,3.278328524017135148e+00
3.357495045357582253e+00,-1.421942411949506796e-02,3.193939110663717162e+00
3.382302864772270823e+00,4.408917527509568779e-01,3.106444786167695593e+00
3.158217544110814679e+00,-2.582477969127573436e-01,3.123303711327894749e+00
3.252210883488352966e+00,-1.818875093140717436e-01,2.939095801862824153e+00
3.143021905053768439e+00,2.389545862042330437e-02,3.159989911617425484e+00
3.200108082110098007e+00,-7.571889192427214144e-02,3.109934126790443454e+00
3.030792312561132462e+00,-3.311403230065808334e-02,3.200134723204401510e+00
2.783696169622778438e+00,-6.454125257809256722e-02,3.099617689358546979e+00
3.237912430060114310e+00,-9.525642176720131027e-02,3.200306758687294195e+00
3.162965395827066040e+00,-2.070159704393560035e-02,2.970848616418363175e+00
3.081063067303637659e+00,-5.570646756934356791e-02,3.196537112230419808e+00
3.258864373128282477e+00,-1.172975582599306010e-01,2.974794997355432624e+00
3.004705656809172787e+00,-2.404184714251820718e-02,3.201127359113892901e+00
3.170499752421751083e+00,-1.040631367344807823e-01,3.397396315150914337e+00
3.287449233555156614e+00,2.108915509694425372e-01,3.117569632216580455e+00
3.098878688554208338e+00,7.898378723418043867e-02,3.063449033458372828e+00
3.155489582821506378e+00,-1.486251311251442046e-02,3.075066445312886643e+00
3.120745300528416255e+00,-2.698402215252950972e-02,3.051183634508792597e+00
3.396065962585861797e+00,1.959792919747862516e-01,3.156727665649706527e+00
3.056045626515144331e+00,-2.511841701022345941e-01,3.076189390714201721e+00
2.987669246854529614e+00,-2.601536721531421126e-01,3.078344978836957679e+00
3.010687393574666526e+00,1.074413341032974395e-01,3.106367804549909017e+00
3.099604838494965708e+00,6.054725311717233140e-03,3.186247955291083844e+00
3.538326544030804932e+00,3.100716219633424253e-01,3.199428240065138596e+00
3.341982699401232715e+00,-8.867930574030390145e-02,3.176533622550030245e+00
3.321355345132368075e+00,-1.050474045218909303e-01,3.280665024877452485e+00
3.179450207499025183e+00,4.895276416873261399e-02,3.048743545274154698e+00
3.148606573121813135e+00,-3.180329547068771467e-01,3.218497864887406745e+00
3.179932862057971654e+00,6.597232216371569716e-03,3.277610648080809597e+00
3.136558042909751265e+00,2.672658093460906180e-03,3.392474870990805247e+00
3.032074188914983814e+00,8.736098321246511811e-02,3.144477658178860491e+00
3.217781807135365657e+00,6.431116071618611651e-02,3.223052724340665698e+00
3.143051543161141659e+00,1.821673785987672489e-01,3.254439122411321161e+00
3.163763964126857786e+00,1.684730807047351286e-01,3.150088399642684500e+00
3.199992796732320510e+00,-1.624715564637577714e-01,3.191358768412563940e+00
3.138982268965581746e+00,3.732749553626814321e-02,2.895146678224968628e+00
2.975063311117261300e+00,3.240952636429695471e-02,3.225339307761537100e+00
3.210992845741507562e+00,1.753803764926770703e-01,3.081675614454840062e+00
3.230277572409174791e+00,-1.219112832305376953e-01,3.309085767341175988e+00
3.244499112789138273e+00,-3.574567980154286923e-02,3.046196981153510563e+00
3.125746680566996005e+00,-1.617553949965434557e-01,3.211807930184407134e+00
3.219858598000238104e+00,4.436120005097530378e-02,3.115147139710005675e+00
3.305679193504720281e+00,1.064755482605980602e-01,3.106190436272466382e+00
3.058045403858173916e+00,-6.730469196610994187e-02,3.253143266450344129e+00
3.002076980886387414e+00,8.829115329833493730e-02,3.159969239853948952e+00
3.212038944766840931e+00,8.737066096457348982e-03,2.981603399569044299e+00
3.373206115917805281e+00,-5.359625781649844656e-02,3.120254242609932227e+00
3.232866146804430851e+00,5.414242994230544781e-02,3.121847694465026635e+00
2.934048605194052417e+00,2.928261001734981939e-01,3.101034531556920104e+00
3.294765543689354370e+00,3.448839010599339533e-02,3.232229444388249551e+00
3.185254369759281001e+00,2.666045081330405825e-02,3.288515901452428114e+00
3.165255746685341265e+00,1.814004683787969474e-01,3.023613156984559680e+00
3.441428550676131959e+00,-1.536710727202901250e-01,2.898131947983240142e+00
3.058001725988077180e+00,2.947111737419380942e-02,3.101266308684230921e+00
3.133908442493263280e+00,-2.308857469522710149e-01,2.986794781216930428e+00
2.955165718639536809e+00,-7.570282259486567356e-02,3.117289242100668822e+00
3.173394296314686613e+00,-1.834000754496009911e-01,3.238298102542617851e+00
3.094778885071827190e+00,-9.038570176323146299e-02,2.960675170008755686e+00
3.259377607431662938e+00,4.191334061434690006e-02,3.206414902460006378e+00
3.122111002648311207e+00,-2.177011553090177076e-01,2.987999689091616951e+00
3.008007386455824328e+00,-4.723899645708010825e-02,3.310531671041100577e+00
3.172581196150491945e+00,2.902176661310817973e-01,3.349091997287215072e+00
3.333817641033864909e+00,-2.279834962774942575e-01,3.117065951073981545e+00
3.147824412242838044e+00,-1.526873356123629455e-01,3.196104117124887178e+00
3.363858293821307743e+00,-1.415259532511115304e-01,2.898506088683882709e+00
3.208161778838407585e+00,9.537866177519453703e-02,3.306144886629336366e+00
3.086485630755223752e+00,-5.934578360043216844e-02,3.211126395027426916e+00
3.233234380055166390e+00,4.040336675210148831e-02,3.089409094231793773e+00
3.181612059673268877e+00,-3.466632671822476169e-02,2.963337786658678308e+00
2.901462814516031941e+00,-1.234088221581827322e-01,3.038368151551489316e+00
3.170127670677170606e+00,9.682032077359496725e-02,3.244135710654751481e+00
3.199205396556231484e+00,-1.262427150615444138e-01,3.237117590552949231e+00
3.260825561396924588e+00,-8.490365150381989912e-02,3.236104809133275584e+00
3.275441012934311225e+00,1.150586435202793217e-02,3.347618009786642368e+00
3.163569976713842102e+00,-7.132614489925942491e-02,3.064333915082051885e+00
3.186869624807195045e+00,2.535427679247709842e-01,3.122536529529203797e+00
2.965184027772468145e+00,-4.982810280180202667e-02,3.197372004045798022e+00
3.116046725353357250e+00,2.204503965766977103e-01,3.084806282197762872e+00
3.060822167847001563e+00,1.993018211665125439e-01,3.125723759256935352e+00
3.188695443418716025e+00,1.329619669998134968e-01,3.190526262410881220e+00
3.357193071530701012e+00,2.062122045303374229e-01,3.128860560637819255e+00
3.217495467199587011e+00,-1.972401262085713702e-01,3.272209378943470526e+00
3.402050705683493881e+00,-2.309752469143347142e-01,3.113380138648042195e+00
3.176883050724069069e+00,-3.265596947167818519e-03,3.214990523475844686e+00
3.025819782497652710e+00,1.806376182803342556e-01,3.102366008416358234e+00
3.088406090582572094e+00,-1.609099562478919776e-01,2.962046381816192397e+00
3.146028672854332520e+00,-2.590156635942978194e-02,3.177255573764507623e+00
3.224433095069743516e+00,1.110439647007090830e-01,3.170666566350562654e+00
3.171966506323771195e+00,-2.462435876553580733e-02,3.126268784304529813e+00
3.166339888230239819e+00,-2.409344273421193117e-01,3.214282874927053779e+00
3.164485522294294917e+00,2.534826622294547027e-01,3.274787368036710333e+00
3.224394749257011750e+00,-4.043727586151889958e-02,3.269768804905480497e+00
2.999622755120441742e+00,-2.042833728090001633e-01,3.282440435752831842e+00
3.372327676155949749e+00,-1.117755344457030120e-01,3.100732699699722428e+00
3.006364394269269269e+00,2.290975848707768603e-02,3.102130228677983048e+00
3.151286691579620047e+00,6.725126803514915041e-02,3.016258054718355286e+00
2.990547868546289845e+00,-1.580443133212917628e-01,3.078421196771816692e+00
3.043883885592729932e+00,4.455699495926605802e-03,3.144534032182314309e+00
3.134723523290460889e+00,7.669054723311068134e-02,3.170989872467929516e+00
3.179210582266787544e+00,2.058760227049597769e-01,3.104970669907605618e+00
3.048836219012757365e+00,-1.575541126747042053e-01,3.084764705743256119e+00
3.140237298550742295e+00,4.185247377235458144e-01,3.147403897306411569e+00
3.222024630108064613e+00,7.892675889322131599e-02,3.266428087202115638e+00
3.060879593799453513e+00,2.202922188239527512e-01,3.337585336557505222e+00
3.295076511782022877e+00,-9.720917807592252546e-02,3.259777213480081759e+00
3.274481100347565565e+00,6.737813214835863818e-02,3.113303770686357552e+00
2.955552189235223448e+00,1.852152408069044909e-01,3.263188669268925590e+00
3.265185343089202608e+00,7.830485179287862210e-03,2.955430103801102160e+00
3.166159526135565727e+00,-2.794783979277699060e-01,3.061889490441097816e+00
3.154857080359937616e+00,3.002904248871343315e-02,2.962794959979452969e+00
3.124458218004396493e+00,2.533391436949830045e-01,3.054549973364343529e+00
3.043507810264990177e+00,2.357032700618531124e-02,3.150824901400253619e+00
3.286275311909825803e+00,-8.990620917708666560e-02,3.042580667027533714e+00
3.161400052529392379e+00,-1.293414473891667527e-01,3.142892088867833333e+00
3.009058363645891632e+00,1.745167364047514602e-01,3.151800719297488840e+00
3.222394145548253430e+00,-8.835108314059338802e-03,3.098396615166230550e+00
3.121342097494516743e+00,-9.886533838520045192e-02,3.376078825097426517e+00
2.996906133462745814e+00,1.434455309530189293e-01,3.249236300185111226e+00
3.290401229944701633e+00,1.932746269201472689e-01,3.335521465334673863e+00
3.182755097483568552e+00,-1.218080188684749210e-01,3.096702690196414753e+00
2.980359920452977374e+00,-9.982915107426973411e-02,3.295530213197132685e+00
3.047333022590635654e+00,6.597004871486802924e-02,3.128758542873671278e+00
3.243181370356096327e+00,-3.615172492545804667e-02,3.227178767993785780e+00
3.180644824465202802e+00,1.853470399153168136e-01,3.224790557948738812e+00
3.172932199803088604e+00,-1.899369584955088175e-01,3.247773202583271068e+00
3.063561612486851438e+00,1.850620857422047849e-01,3.200439675788364635e+00
3.231937770255079556e+00,2.506065846416055676e-02,3.196927609627302935e+00
3.164530483580993092e+00,-1.233450673363451454e-03,3.195039061171756511e+00
3.124575759807139086e+00,6.072081730964884461e-02,3.444718802627881882e+00
3.180003496012147490e+00,4.375170680787648925e-02,3.159651317509539314e+00
3.082285482137746335e+00,-1.748343453533078296e-01,3.075508127168123718e+00
3.028960614284609054e+00,-8.929667683079602070e-02,3.177716707952646047e+00
3.116274081196956924e+00,4.710410239596049542e-02,3.469796776120666948e+00
3.083631411128521016e+00,3.535966972596426006e-01,2.911603279023305735e+00
3.268484951810985528e+00,-4.250727263041873538e-01,2.994415824875229060e+00
2.993522565824051185e+00,-1.680617886794924798e-01,3.022350743372952842e+00
3.216087100834707169e+00,-3.058679415539810806e-03,3.268803977228743385e+00
2.799114198559992772e+00,-8.643473123018823034e-02,3.294994778044447070e+00
3.153513137111833675e+00,6.598841049310891216e-02,3.303656422722877295e+00
3.118072800690170787e+00,-5.387868202308390697e-02,3.275752212937667274e+00
3.228660037679093708e+00,-1.436236140915026632e-02,3.069631704403756434e+00
3.116068782867571052e+00,-1.240123999373855812e-01,3.157720619904278880e+00
3.062228093951590679e+00,2.051461291339601659e-02,3.179152314412286628e+00
3.189196987938011318e+00,-1.480379705040282823e-02,3.210499732772821968e+00
3.283876422346008628e+00,-3.598872658227039723e-02,3.106786026575548920e+00
3.209746599182733640e+00,6.926603511765692944e-02,3.168906450029295829e+00
3.152384469651026144e+00,-1.525286121000246631e-01,3.372378754746782725e+00
3.086348618723870896e+00,2.934027728220504061e-01,3.005894777724951616e+00
3.063683583916148923e+00,-6.625298793722628199e-02,3.104784108643307672e+00
2.962126180241943629e+00,1.287968004321700562e-02,3.071231143597082713e+00
3.091847695908198634e+00,1.847684397808432855e-01,3.049097208324451636e+00
3.073348981043700245e+00,1.649261181878854676e-01,3.205191704453397517e+00
3.020045650536727244e+00,-1.383636358063390914e-01,3.184288366016907013e+00
3.257305118992297910e+00,9.179722917172729313e-02,3.072133888210605956e+00
3.214447682091198910e+00,1.648891772216225515e-01,3.275161542212986276e+00
3.369530866549341308e+00,3.284099249291823064e-01,3.170479922422593244e+00
2.998251232087491669e+00,1.949504390991799729e-01,3.323280332760498279e+00
3.165655372286315217e+00,1.467313356870176000e-01,3.247779740974661156e+00
3.128643981104340277e+00,2.174345091008546282e-01,3.220780976859619393e+00
2.953843158600437224e+00,9.220012826145165818e-02,2.903853554745573273e+00
3.003370157308566935e+00,-1.903598884643834532e-01,3.080978463252571409e+00
3.130150256489327099e+00,-3.473149021472963227e-01,3.090260201284191321e+00
3.037738871733286494e+00,-4.930772827180632950e-02,3.397654760084189984e+00
3.217770527378941203e+00,3.422041140611411375e-02,3.077877033365648884e+00
3.355809840983920544e+00,1.323095820043297954e-01,3.134671836899680208e+00
3.134993114984685914e+00,-1.862408897672420544e-02,3.193602555082248440e+00
3.083274892683633528e+00,2.615816998268553628e-01,3.193634719332310468e+00
3.121566411857214174e+00,-3.831997548483864757e-01,3.141563305894510272e+00
3.217614585019508144e+00,-1.006251522089729733e-01,3.250065019109199316e+00
3.052158885978314640e+00,1.925010919393684850e-01,3.164988740512542975e+00
3.132453208456918770e+00,-7.369366747279552932e-02,3.327193985512302721e+00
3.199959628525345323e+00,1.771117199176144852e-01,2.920036640493063551e+00
2.799755570215570089e+00,-5.796905231856819968e-02,3.122274468497351130e+00
3.089520158515402848e+00,7.967898752412432006e-02,3.067341502666002917e+00
3.254468746424179049e+00,-2.555560486735770562e-02,3.160556415381905460e+00
3.287001375954206495e+00,-3.042623015105707651e-01,3.129385342904008382e+00
3.071693991317847594e+00,1.578744497387466472e-01,3.182598822449251408e+00
3.204615184062551414e+00,-8.223515211369146483e-02,3.051283229035464117e+00
3.098558626149912509e+00,-3.140367386067086097e-02,3.119305169313136616e+00
3.117087660224868717e+00,-1.421419443714768416e-01,3.106292916596214315e+00
3.109742227756191024e+00,1.335024731062229436e-02,3.278183576946552158e+00
3.273049255352046494e+00,7.680127442407128080e-02,3.321480076581898810e+00
3.039452975506621080e+00,-1.015343579890895798e-01,3.124947025329004369e+00
3.246767045237220817e+00,-6.575139410282723751e-02,3.123580528650723220e+00
3.236325978812063742e+00,-1.031549921668334091e-01,3.075017661668859148e+00
2.939759732190220465e+00,2.902940198080393164e-01,3.190547933141565373e+00
3.127677051355185256e+00,3.588731474065950250e-02,2.953719293460101092e+00
3.025655356781327132e+00,1.979772409228285415e-02,3.002433945939210425e+00
2.942516559580623969e+00,2.082891488625618175e-03,3.139673568757092692e+00
3.166309645801690387e+00,4.585498847602769573e-02,3.084433500618740887e+00
3.162469360879478053e+00,2.320259124527685735e-01,3.113170319684722909e+00
3.151144605011678035e+00,-1.450752828758805624e-01,3.135111500413462426e+00
3.079570763755903329e+00,3.321188230647191819e-01,3.211802720634668873e+00
3.223449300674849027e+00,-7.453475795305306018e-02,3.255607894933882474e+00
3.295880265723889924e+00,-9.386061877299670120e-02,3.044948743394145119e+00
3.093164840994542697e+00,4.541191248685345211e-02,3.006944110282632643e+00
3.075445694252655127e+00,1.642204247013911156e-01,3.318170189322856789e+00
3.106473061933693547e+00,-1.990027288462832208e-02,3.095076595419836263e+00
3.036171926722023517e+00,8.343622477167017548e-02,3.264342097365830142e+00
3.348352906160425579e+00,-1.289231143946718006e-01,3.251720982164898022e+00
3.285374421055193839e+00,1.834319216844229605e-01,3.352010787557248239e+00
3.064674474906168733e+00,7.705234370002979338e-02,3.117343400446930701e+00
3.046057624184351109e+00,3.196941077918155072e-01,3.057301166457325525e+00
3.182807412472460129e+00,-2.489412032202812097e-01,3.146901366382083065e+00
3.211293457610742141e+00,4.187243086996333269e-02,3.110318649947410474e+00
3.351050005379318630e+00,-1.063777311325505431e-01,3.134725613961367952e+00
3.236997204719628041e+00,1.053296773676374032e-01,3.118886175246302184e+00
3.072281845004656731e+00,-7.404990515257513228e-02,3.022147090052150098e+00
3.015076298952138245e+00,-1.104918542887284583e-01,3.179265644812043323e+00
3.269627288298858403e+00,8.207535683377553681e-02,3.215969304419986852e+00
3.240883041370738571e+00,-1.678895458139819108e-01,3.359925850354916754e+00
2.905566148820647676e+00,6.670983904114445584e-02,3.265129992030973760e+00
3.218776266520629648e+00,1.165107623689411176e-01,3.229607278458488828e+00
3.046311076493353642e+00,-1.502208336771746477e-01,3.138615795875937309e+00
3.156491507242125127e+00,3.051074487453772632e-02,3.146404875184768635e+00
3.071687214357663898e+00,-3.247671686234148564e-02,3.083203902957076359e+00
3.137851528849673333e+00,1.000470843056002201e-01,2.981435952962661506e+00
3.203381729520653032e+00,-5.784646286129008219e-02,3.042620840580864350e+00
3.278344805728556466e+00,-1.627460238082535371e-01,3.099843814436213485e+00
3.357654579922875193e+00,-1.936868910862581464e-02,3.166324615744563697e+00
3.083993218451267282e+00,6.840468221400426707e-02,3.283333140947305218e+00
3.091429635423961653e+00,1.327889367103730900e-01,3.185137420253013385e+00
3.237627437547579312e+00,5.310328192013366588e-02,3.106732143531270918e+00
3.491667017575244003e+00,6.396553390983591991e-02,3.092079461596099144e+00
3.079664229154904564e+00,-5.766792694945983844e-02,3.246586528596461019e+00
3.142313288909095448e+00,3.919536126204574075e-03,3.141968564850786017e+00
3.418639195350109183e+00,7.217436849955533029e-02,3.259097213201360255e+00
3.116572563991166778e+00,5.354933641145515240e-03,3.069377252283073787e+00
3.207549343269330944e+00,1.002900654662015334e-01,3.125081355835921393e+00
3.137680497488729348e+00,-1.769781804357909161e-01,3.267478249724347972e+00
3.300360939255855719e+00,-9.564136096983960611e-02,3.208899948191495710e+00
2.996531552442812441e+00,-6.266728178670133431e-02,3.258153382535022402e+00
3.154467485470890509e+00,1.022965460790549730e-01,3.023314299132407790e+00
3.268621079858353706e+00,-2.987623800178753064e-01,2.891517904927543459e+00
3.105885396103965856e+00,4.238716410461079026e-02,3.120385558860808928e+00
3.246979146097983104e+00,-9.827974202606844234e-02,3.021584999815191352e+00
3.013204825380499940e+00,1.302107169390561980e-01,3.133009126581467019e+00
3.076405780492049047e+00,1.587182137645003766e-01,3.009420399493184295e+00
3.134544049854422809e+00,-8.919718079437931324e-02,3.174330372022194258e+00
3.226320744008158492e+00,8.587810378055873994e-02,3.215822797001056887e+00
3.105277138472357645e+00,2.197287685353728759e-01,3.014353005047459622e+00
3.035565794952164609e+00,-1.900338308036371715e-01,3.295689691491463513e+00
3.161511074650827702e+00,2.132488398283669540e-01,3.007208721090527170e+00
3.324578643584915838e+00,1.781278291407780157e-01,3.267044531700479926e+00
3.008015517813111384e+00,1.606294156885787749e-01,3.074717136094013981e+00
3.151186217066089146e+00,-1.572156855508852202e-02,3.279793242155442101e+00
2.976880235658876384e+00,1.880855077859059331e-03,3.301776756760966602e+00
3.194812385976202318e+00,9.400993633326016480e-03,2.892901960414369533e+00
3.215125787259541568e+00,1.816351564672935848e-01,3.167390168461289957e+00
3.143823219140715164e+00,5.948524694233957300e-02,3.057158299255430922e+00
3.260604255949671071e+00,7.652261431575207995e-02,3.256626666765216616e+00
3.212271476684450011e+00,4.288424325523726433e-02,3.043036389351379878e+00
3.154194937572058599e+00,-1.353061577749505029e-01,2.936334512242706474e+00
3.251732797807910469e+00,-2.379070818890738903e-01,2.971355742382552734e+00
3.173638946918597714e+00,-9.655730301188628073e-02,3.057168661407075216e+00
3.031047392402720586e+00,3.603271148344596581e-02,3.133577277845501996e+00
3.189815650125298330e+00,-7.803198573318541331e-02,3.268838100447478467e+00
3.193114557589369351e+00,4.672525149480932782e-02,3.085634233006582683e+00
2.963048424206404796e+00,7.283396303548134165e-02,3.237828729223146240e+00
3.098990083087485026e+00,2.798122664037268614e-01,3.276532196581234402e+00
3.174444571685019589e+00,8.631074681230505030e-02,3.175036661973244634e+00
2.983245057606257689e+00,2.258292952041159596e-01,2.984333609225222173e+00
2.889377383973250168e+00,3.617820942682750326e-03,3.203430446915846552e+00
3.112032661206607820e+00,2.062025994339007628e-01,3.226303088557947785e+00
2.928099351748028933e+00,1.273981977844617364e-01,3.185703771178480803e+00
3.222500468589480693e+00,-3.139890110951448765e-01,2.959352684547688739e+00
3.227025963784255325e+00,-1.674328358457289612e-01,3.157297754898205966e+00
3.317908055255248900e+00,-7.495404884844500404e-02,3.182190819286384365e+00
3.234213116753178241e+00,-2.876935003843357139e-02,3.410880124965599336e+00
3.225676447489409071e+00,-2.366771185650456966e-02,3.273727064727038893e+00
3.070533968219812948e+00,-6.743240657734249355e-02,3.224355883007073764e+00
2.946224544035683568e+00,1.205251656261101395e-01,3.173484926488477686e+00
3.361438790862494308e+00,-1.623099921456278016e-01,3.298394662380885745e+00
3.243315867899543736e+00,-9.602629577490745527e-02,3.329429754337009051e+00
3.025590492329311321e+00,-1.701872035395275984e-01,3.152177580194151840e+00
3.262411189505687314e+00,2.087824171537680171e-02,3.170000143316042518e+00
2.978045824987279211e+00,-5.000646422426243548e-02,3.095466283419646025e+00
3.188347194645864580e+00,-1.352422610727552210e-01,3.024338546636907932e+00
3.155806576366062099e+00,-1.103812811025977197e-01,3.062452642317309071e+00
3.127120816636987488e+00,-3.089825383907616740e-01,3.091080065068445126e+00
3.341098565270439913e+00,-1.383552364451357264e-01,3.151378567865984248e+00
3.127897224541902776e+00,-9.610405868371876825e-02,3.182850425407879769e+00
3.101239747670493596e+00,9.980338891615365970e-02,3.235118562095768091e+00
3.027253072303377479e+00,2.206289891600842767e-01,3.204432897731515961e+00
3.229403544542195359e+00,8.365077024061426392e-02,3.305908524718284003e+00
3.286929966782757617e+00,-1.410857926978043575e-01,3.249296995268015298e+00
3.090904486069721013e+00,1.425528157616750002e-01,2.925006832127133638e+00
3.136270785702500508e+00,-1.133322131736106200e-02,3.281054931411193643e+00
3.165491113118691580e+00,1.368863037339004829e-01,3.163764389275017574e+00
3.066244838916632798e+00,-1.069104940545174409e-01,3.270755255651991433e+00
3.364516797298356732e+00,-1.782779554808328615e-01,3.142481664219070936e+00
3.083603661556445719e+00,-1.017775945131348253e-01,3.049317652294318837e+00
3.206472904406142188e+00,2.236800343204030372e-01,3.024380030302973310e+00
3.165024602230149142e+00,-1.281140840343635290e-01,3.337939678625573059e+00
3.376666598653888407e+00,1.849079959554651362e-02,3.228354191421096697e+00
3.280398102943476335e+00,-8.243953418948191114e-02,3.227185886409401849e+00
3.169522336145490726e+00,-8.873893604735105800e-02,3.158610910927917903e+00
3.218002482183004442e+00,-3.135614488116956200e-01,3.060044920354094256e+00
3.167395275755816808e+00,6.283559449022656229e-02,2.877033949786165223e+00
3.178568247051112738e+00,1.613265938044405601e-01,3.061787492438042158e+00
3.051480603348429188e+00,3.392292637433523272e-01,3.050852545678708783e+00
3.149805171416196981e+00,-2.197072981145693771e-01,3.204087259442815139e+00
3.257190488792676586e+00,-3.606955412481508971e-01,3.229446510621060806e+00
3.169966592555868878e+00,2.072406823400025633e-01,3.183361570858005862e+00
3.289994668033099146e+00,1.738464494336970298e-02,3.283138248578021390e+00
3.131154020753040612e+00,1.018431132180444565e-02,3.331385367936706920e+00
3.085100418493412988e+00,-3.305641453728521990e-03,3.023743291725734750e+00
3.178209926754032022e+00,5.970841429298057862e-02,3.248362267854262520e+00
3.330146431988810107e+00,-2.875746484759178490e-01,3.060815314430919365e+00
3.139675075436227036e+00,-5.535497815764170992e-01,3.104163379051824823e+00
3.250472469608407966e+00,-5.294819839773966252e-02,3.127127678701992597e+00
3.280622425213715943e+00,-1.690934242890123479e-02,3.109023173428017373e+00
3.291376257033570507e+00,-3.950799286968192936e-02,3.316531529465434058e+00
3.148566520729043194e+00,6.365090381789911822e-02,3.259857458267991337e+00
3.134765009156637472e+00,7.641852061873570523e-02,3.149654990800935472e+00
3.140455199439036171e+00,-5.906187173285276648e-02,3.109033838246322290e+00
3.292644963031222893e+00,-1.179115145006730397e-01,3.056013093920759260e+00
2.996733159318840212e+00,-1.079859032426683241e-02,3.133052606821909336e+00
3.293599166856242988e+00,-1.870782091777002110e-01,3.171233666604567514e+00
3.130647588087433153e+00,-1.457498370232685747e-01,3.077841060484020730e+00
3.262743297775700047e+00,-6.444346031273136266e-02,3.103234846772764399e+00
3.087826291929542055e+00,3.280924022167085452e-01,2.991285778471736823e+00
3.084405685599807878e+00,4.538586306734775089e-02,3.259418308495640737e+00
3.166345748321150566e+00,3.833639317390673540e-01,3.135892491598486487e+00
3.137977168494464841e+00,-9.648971816293176393e-04,3.107675433324320835e+00
3.083942341384772412e+00,-1.855281490576423109e-01,3.126661869755614998e+00
3.126668145097069029e+00,-2.069320532936506363e-01,3.185579566754224157e+00
3.189258016665650786e+00,-8.361064905893267341e-02,3.163135387214257577e+00
2.888126529639261086e+00,-1.811741360347336183e-01,3.200070257177965338e+00
3.143672731807882759e+00,9.684596366783630728e-02,3.287183698334837256e+00
3.145627260179816975e+00,1.939348044311813707e-02,3.071475783600940535e+00
3.241843111480692929e+00,3.354108155431172189e-02,3.155134508746936461e+00
3.269121249662730655e+00,-2.733781436699135314e-01,3.247447005675941245e+00
3.179479002436734980e+00,-8.872106206677063400e-02,3.250524657076571788e+00
3.189079501522025684e+00,-9.908138643575378768e-02,3.178268462042231679e+00
3.289221353793037483e+00,-1.374201654922719285e-01,3.407404726191119781e+00
3.171037648193598457e+00,1.787331754923219829e-01,2.981179117504579867e+00
3.215720437714427060e+00,-1.075607275444066119e-01,3.290454642998995816e+00
3.063868205037160841e+00,-8.885788200121143288e-02,3.085410638753942614e+00
3.308370869420034222e+00,1.458724666093198785e-01,3.315980445735459359e+00
2.988172437525192571e+00,-1.813435224519332756e-01,2.978932456145146457e+00
3.132964405772923566e+00,1.349079061879938646e-01,3.222004961022636671e+00
3.033400908779787297e+00,1.041738301471972633e-01,3.218602044532822504e+00
3.132282224959518580e+00,8.427465853310657506e-02,3.262663842185373309e+00
3.294328833029911419e+00,1.852916083537005029e-02,2.970073865501886345e+00
3.227807401214455307e+00,-1.242655440339860903e-02,3.199594999073922530e+00
3.066649894138693710e+00,2.056637467964031463e-01,3.229424496457773852e+00
3.115367415046797817e+00,1.833347141078948139e-01,3.052473288329119239e+00
3.136231917276567138e+00,1.601390595591804800e-01,3.119458080811724709e+00
3.183282740055577431e+00,1.429822655092255132e-02,3.353272343998362270e+00
3.187538431154815832e+00,-9.868837196927239541e-02,3.265169999081368513e+00
3.074083897828126410e+00,1.342669880502157242e-01,3.122673619413861346e+00
3.329478758647877790e+00,-2.010879248139703923e-01,3.217429922168386636e+00
3.204691334577923989e+00,-6.173229022510588054e-02,3.094500798812721776e+00
3.068033899957934185e+00,2.056198584135306984e-01,3.321537779174508653e+00
3.178210524090054889e+00,4.894300048191632668e-02,3.288178712366901291e+00
3.311814858698881814e+00,-3.047296482620877670e-02,3.290477984474982076e+00
3.247699957462833353e+00,2.159561666602439339e-02,3.325362978219681853e+00
3.055579820949101855e+00,9.453718493207507664e-03,3.020331205910887551e+00
3.237251763534636950e+00,-7.722905443267699677e-02,3.287460180945756427e+00
2.968929842411376363e+00,-1.313978012129634609e-01,3.141962169085549039e+00
3.263664831471788208e+00,2.167035289871248882e-01,3.050329463636981320e+00
3.279492602089312037e+00,2.721912810118337286e-02,3.337303726584613717e+00
3.266181245982684445e+00,-5.075726328755768985e-02,3.110346061651923844e+00
3.281517087515490871e+00,4.642896384084191364e-02,3.033368626823567116e+00
3.117936107686042124e+00,-6.297612867975295459e-02,3.316556817748344432e+00
3.352986954971794553e+00,-2.176831383225141525e-01,3.170786277757866589e+00
3.222017579572382662e+00,5.257684397315859348e-02,3.262155481518643541e+00
3.104220261231997124e+00,4.231381985139534563e-01,3.174548716409705928e+00
3.186661019945085993e+00,-1.021669225950475046e-01,3.305115406663023947e+00
3.133115848928871294e+00,6.817250148183597036e-02,3.391765941395863404e+00
3.225497484744816123e+00,-1.853023390224431688e-01,3.122544703816466871e+00
2.998444353811969609e+00,-1.365727636971261205e-01,3.268100153182947221e+00
3.153703297790719784e+00,-1.210682878894127346e-01,3.182704845465739396e+00
3.145740572048788319e+00,1.937666034197652043e-01,3.119791653448527491e+00
3.263395569004279295e+00,-2.950662364127162318e-01,3.212682968216263202e+00
3.162247715102550760e+00,-7.103781462908123623e-02,3.284530755789874856e+00
3.390553844734509159e+00,-1.058828672930276216e-01,3.295395747633116379e+00
3.267426940468134866e+00,-7.191374110142955897e-03,3.125411040533698337e+00
2.993574628404643612e+00,-1.316048296836252185e-01,3.163436789867259513e+00
2.955655920709018947e+00,-3.508810960061529705e-01,3.181223792423253371e+00
3.014355003585228232e+00,-2.054394024970466748e-01,3.304578870502312693e+00
3.054677378799837140e+00,2.508077641577932670e-01,2.888507195492040935e+00
3.064295996979216952e+00,-3.720985204106442290e-01,3.108354492534973978e+00
3.127845652828011858e+00,-1.834929133008902577e-02,3.288314999710671316e+00
3.280148739928381296e+00,-1.010222567730078846e-01,3.126844674696383386e+00
2.996339889314383331e+00,-6.720232835781692060e-02,3.104288471199579291e+00
3.283668410716030994e+00,-8.495451755804429850e-02,3.123213925184586515e+00
3.300969019576072139e+00,-2.586951546177492650e-02,3.219200797360697752e+00
3.211896889341635752e+00,1.542214109086468277e-01,3.163256386880203497e+00
3.322110751802464179e+00,-8.948978158827050611e-02,3.085862898866437831e+00
3.053681360799332278e+00,-2.085029721787305390e-01,3.014025361500622946e+00
3.205566048625119624e+00,1.754413991028793973e-01,3.117253950199059265e+00
3.175543246195871028e+00,-4.928837838381871367e-02,3.134162865105887263e+00
3.011512019258054895e+00,-1.560059031267184981e-01,3.010987571712769206e+00
3.078665380599382662e+00,-1.188766455944020584e-01,3.357005522096600636e+00
3.141826124354512029e+00,5.036057311973653541e-03,3.283715884667821605e+00
3.387334566254274648e+00,1.125146810366686734e-01,2.914460435587534093e+00
3.203327865346167425e+00,6.674169534612713062e-02,3.283828402995498941e+00
3.318411141308068579e+00,1.841044250096116608e-01,3.249150397070215135e+00
3.367068787611358971e+00,2.522361802371040351e-01,3.117038291294745189e+00
3.101148761162564771e+00,-2.567630154198963233e-01,3.148730763530624976e+00
2.968313103063794145e+00,-2.701034551728397903e-01,3.029637445385878980e+00
3.180258856109005272e+00,1.078284379576094527e-02,3.043941554819030504e+00
3.358965456411118211e+00,-1.994967909884912405e-01,3.116361314188821119e+00
3.410516125778759289e+00,2.619729930236704973e-01,3.161054835410475938e+00
3.044853574336598090e+00,1.392599722397072082e-01,3.074550131054462732e+00
3.313311076074266559e+00,-2.011013303999344415e-01,3.128446531782499651e+00
3.228829169439397351e+00,3.344087508022181021e-02,3.265415374786602598e+00
3.192815906591656816e+00,1.939174897987506752e-01,3.087440145175970763e+00
3.220196782301826044e+00,4.564005774026123896e-03,3.080926921516474071e+00
3.133458062979625591e+00,8.495628311793505805e-02,2.945684751618584674e+00
3.079181803352485147e+00,-1.289516850787521818e-01,3.174946158461125822e+00
3.378798266363460812e+00,1.675312832977215172e-01,3.307635861942439526e+00
3.240103747925410449e+00,4.674073344077464554e-02,3.336109406184987414e+00
2.991340241588452020e+00,-8.492314085352457853e-02,3.252019683979479492e+00
3.032488571747611328e+00,-1.002495799955656353e-03,3.141849848238507104e+00
3.172128753547326152e+00,-2.364576402565776170e-01,2.947721301040093334e+00
3.184092710819849792e+00,-1.589791783355495869e-01,3.279685839211551546e+00
3.184468127359608047e+00,-1.795466086030416131e-01,3.211350975807777175e+00
3.301675003263286001e+00,3.844555135067870971e-02,3.281595318775807790e+00
3.263280094550713439e+00,-1.767043624547919578e-01,3.226835299645139266e+00
3.188904663629155589e+00,-7.448643220824636979e-02,3.038781733024146448e+00
3.130119976495231437e+00,4.766876670293026391e-02,3.160465600492003091e+00
3.137265565944479917e+00,6.276179583195312661e-02,3.185928155769762071e+00
3.296637294924964934e+00,1.325664414168915839e-02,3.368006001414581174e+00
3.318004109113052547e+00,-2.274106044336563631e-02,3.163264169044138541e+00
3.063331763770384075e+00,5.002815348494805969e-02,3.032703586567190079e+00
3.099029732411489046e+00,7.055975954228181635e-02,3.269882392732300858e+00
2.824175074877236291e+00,1.659572958388901009e-02,3.176269837866540602e+00
3.087915453163994517e+00,3.012978323327292762e-01,3.145552181987085305e+00
3.067729560389582666e+00,-1.280173408754878006e-01,3.084601730936803232e+00
3.212667937063839130e+00,5.334190006053180638e-02,3.096625846175692587e+00
3.036981470801797478e+00,1.096396236582486416e-01,3.304246436629936223e+00
3.272631572012635992e+00,1.282024410288177228e-02,3.157200969105006472e+00
3.213662101142684691e+00,2.608846729197932812e-01,2.942835749508579291e+00
3.130145665631754781e+00,1.681951532427889417e-01,3.240533423317420780e+00
3.142909400230530892e+00,7.119460930937261678e-02,3.151557058390167754e+00
3.148820902479804396e+00,1.017143199204106549e-02,3.217510144127368132e+00
3.260001128722868291e+00,-2.035352338245393078e-01,3.142486137160433124e+00
3.178264879116122099e+00,1.401095811823386272e-01,3.116815015450695281e+00
3.041425736912386935e+00,-1.977286770943080807e-01,3.259701336172620589e+00
3.226626764790163193e+00,-7.346849558524469470e-02,3.330310992911780676e+00
3.231749054858481518e+00,-2.409277313767649656e-02,3.116094674703826506e+00
3.024690377192495561e+00,-3.348814506954805176e-02,3.175345892233238487e+00
3.130282040266751054e+00,1.181448831735616434e-01,3.075899202298788548e+00
3.055664425455974609e+00,-4.429291714361383026e-01,3.200057443034974192e+00
3.131418785572881003e+00,-3.618643097809671333e-02,3.115946777077465590e+00
3.372624529511960123e+00,1.445360566223371224e-01,3.103052778746017371e+00
3.166599568931864006e+00,-2.778926492629077427e-01,3.399087806190453254e+00
3.369876344061510043e+00,5.764393936169930760e-02,3.167105885649519337e+00
3.086138380748412846e+00,-1.262137912027158637e-01,3.335633695869276494e+00
3.338147833828737809e+00,5.270733227559254441e-02,3.224358079997183602e+00
3.131559897522574687e+00,-1.485653993436117926e-01,3.136204977143044026e+00
3.314896921276596409e+00,4.076014189223219342e-01,2.870473408275211469e+00
3.256602684384708457e+00,1.580946847964118107e-01,3.361693553710951576e+00
3.142542190705067018e+00,1.037010808257687877e-01,3.129998075393221502e+00
3.027905730479956148e+00,-1.149933359476809913e-01,3.240771667075101004e+00
3.115001212317037194e+00,-1.146070994346758479e-02,3.249145301949987186e+00
3.159589491311423526e+00,-1.978752702559354593e-01,3.261043023953311693e+00
3.160444793432600985e+00,-9.595406789089080957e-02,3.054942394461094501e+00
2.999683262676029027e+00,5.230074527981470878e-02,3.308024125997905074e+00
3.085949825745470942e+00,-2.465033118396242895e-01,3.107503235353884730e+00
3.145514288393164826e+00,1.345829516231008757e-02,3.171456981608206327e+00
3.373943216673572554e+00,-8.223539313843013232e-02,3.161655427724362699e+00
3.087576394753554165e+00,-1.102385757449073772e-01,3.161418170869869204e+00
3.343203947267707754e+00,-1.651525480116442790e-01,3.071779767824360796e+00
3.163504044320478048e+00,4.764107455072304556e-03,3.111620550752261405e+00
3.194725361636421290e+00,2.894258542094195197e-01,3.183965306667698059e+00
3.320933368086193216e+00,4.982915437837451278e-02,3.120051452991151830e+00
3.290343822804720819e+00,-7.083679539168606654e-02,3.162462881123992098e+00
3.253161601643824508e+00,-1.907391085542382847e-01,3.328346341290528088e+00
2.964520490889825499e+00,9.756762583689751467e-02,3.096379231779758268e+00
3.213713161413594310e+00,1.510843603494687326e-01,3.249186104307106415e+00
3.195429977708317271e+00,-3.275617569079845026e-01,3.192644409672943606e+00
3.093353954757274149e+00,2.642514184029645663e-01,3.040312769884669475e+00
3.130697369164532784e+00,8.189492994238256607e-02,3.284711144081769341e+00
3.239853435144264715e+00,1.293224480515909602e-01,3.005091906578447158e+00
3.035457705348143076e+00,-1.973346142380600077e-01,3.197310481871639798e+00
3.275049565654630346e+00,2.331672863963040465e-01,3.101925201015248490e+00
3.056259124504891567e+00,1.348678524731329077e-02,3.263404350865108050e+00
3.089186634281925858e+00,-4.672293713988160541e-02,3.169721591344448086e+00
3.142078039291011926e+00,-4.609284668644973021e-02,3.281145820467234575e+00
3.309739438168783465e+00,2.407720466240035606e-01,3.183433603974267889e+00
3.150015342880759572e+00,-1.881672091574920075e-02,3.406998646388868401e+00
3.158543956040428036e+00,-2.485201213863827419e-02,2.986105512486802116e+00
3.256422250334234381e+00,2.418488937781499704e-01,3.191552301440809813e+00
3.250468981615649344e+00,-1.692090500677536635e-01,3.175205039334217716e+00
2.916592493547268905e+00,-1.756031770342541265e-01,3.300265759350336836e+00
3.327918312984383231e+00,3.836265460431329544e-01,3.118461720162414519e+00
3.290777907636711408e+00,6.277109886251884541e-02,3.130802901614228695e+00
3.004638567110333724e+00,1.152455090789022557e-01,3.260620236074426526e+00
3.317164210836165417e+00,2.360126658583740905e-02,3.165624569430841806e+00
3.181915727617083967e+00,9.400434264718655897e-02,3.194533233681890128e+00
3.137505469333237151e+00,1.357206477395631883e-01,3.077669632369141706e+00
3.139247205497197601e+00,4.438056846634487462e-02,3.210555567218627449e+00
3.111025101841419893e+00,-3.508183796608738830e-03,3.193332608910950388e+00
2.949969891237160802e+00,4.307023233408049379e-01,3.141481932310198122e+00
3.156868278772872571e+00,2.371711095482201617e-02,3.111313420776350203e+00
3.187525193556452585e+00,1.821118142444891064e-01,3.065623881805376705e+00
3.178232750709840904e+00,1.361676921448580491e-01,3.314446930257058721e+00
3.063588153390940150e+00,-1.144219285174598311e-01,3.082398220018999435e+00
3.394533917336658213e+00,-4.585900866218955291e-02,3.371379158464399506e+00
3.191084951458507124e+00,-2.640104875660382808e-02,3.318816958777609294e+00
3.169356531682725464e+00,-1.888299985159729369e-03,3.217749900711656785e+00
3.021971512302727536e+00,1.847615695903336019e-01,3.258787139877645345e+00
3.118440667016192602e+00,-2.420764207512496047e-01,3.301166033542352718e+00
3.229531868993338328e+00,1.165599693675285486e-01,3.138241809376498548e+00
3.019992961040289803e+00,-4.957898384292939303e-02,3.214623724712582398e+00
3.175672945809735470e+00,-2.219067666619583268e-01,3.085498921406319095e+00
3.166925907553780561e+00,-1.149761615531215697e-01,3.081291164339729605e+00
3.096092760726356197e+00,9.582473750903233722e-02,2.897630613737020688e+00
3.214292689089425004e+00,2.641282375961002786e-03,3.108000902888301109e+00
3.145039309683753448e+00,3.026419209925532150e-01,3.176427837915216656e+00
3.177211534606343424e+00,-1.081170687747705014e-02,3.115348403149988066e+00
3.153636443118778665e+00,3.102258535190595759e-02,3.141749297101730676e+00
3.269088726087841845e+00,7.870684806206255935e-02,3.155777668567484096e+00
3.161407942990117181e+00,-1.159417695068891418e-01,3.267418915758980802e+00
2.978452594202929404e+00,-2.694667177523200063e-01,3.128826411841281629e+00
2.944411642775868199e+00,-2.830649789789514426e-01,3.119146234511072535e+00
3.162676464690018729e+00,-1.895117833003387153e-01,3.234158025798575586e+00
3.047874161440385699e+00,1.429742885456675439e-01,3.194862664379614525e+00
3.137176927766846646e+00,-1.702125750572518192e-02,3.134329687701647327e+00
3.251501937833333855e+00,-2.402025186065406548e-01,3.066962407912113608e+00
3.450362176617616683e+00,-3.751628287721513189e-02,3.289091947650252923e+00
3.034289628667971250e+00,-7.009608516117973864e-02,3.282333893079786513e+00
3.156379944833837659e+00,1.677945616683635191e-02,3.299142558093313138e+00
2.952948517425516783e+00,-1.758720778278592689e-04,3.087227698825259825e+00
3.198357031129499539e+00,1.573873097526327369e-01,3.269500397690595861e+00
3.503672235285733905e+00,-9.784175773311709623e-02,3.282906345767014233e+00
3.243402340838649867e+00,6.129413361108027036e-02,3.108697462237278053e+00
3.091915236562496005e+00,-2.192274122170578127e-02,3.054503610540951097e+00
3.281350670242553225e+00,-1.296145145148344391e-01,3.155856003621721584e+00
3.172104072156787691e+00,1.371426776936211511e-01,3.234400745568899449e+00
3.165184513418894507e+00,-1.248966620783763526e-01,3.053640863805743066e+00
3.193831139759446103e+00,-1.276049678004727295e-01,3.167038160156308013e+00
3.017931755498385105e+00,-1.588127664045169141e-02,3.099608464909069827e+00
3.230042879398280498e+00,8.807026481391076744e-02,3.126577239670781161e+00
3.159978995982485994e+00,-1.321241619633291009e-01,3.375027480543840053e+00
3.275206973620191864e+00,-4.905930102598054371e-02,3.177833791600547908e+00
3.209628001392501151e+00,-1.053629095740271360e-01,3.003404524480330462e+00
2.852221481344914711e+00,-1.613318871288115519e-01,3.126250428196311493e+00
3.289866799175617640e+00,4.415639498325050344e-02,3.146158263595588256e+00
3.241812003227205530e+00,-1.036045701645451483e-01,3.255311241509993181e+00
3.083911425940700557e+00,8.460961192219235150e-02,3.187577893903896786e+00
3.125913587507874958e+00,4.543276666730397539e-02,3.113178845153066643e+00
2.991286192016623602e+00,-5.442136715590679963e-02,2.894096220794114327e+00
3.067732397037710612e+00,1.224059525881785251e-02,3.215330185622642833e+00
3.213017369008341895e+00,-2.925576404992312196e-01,3.235463333899742278e+00
3.422303248144529242e+00,2.983506702335644162e-02,3.181496594801464184e+00
3.066095716901872770e+00,-1.140941550449243169e-01,3.225232520699314875e+00
3.068712701141110610e+00,8.080766444428627571e-02,3.310092735279022147e+00
3.338434884637384581e+00,1.674240908448187959e-02,3.096165336044126803e+00
3.030017776362427195e+00,-3.575677813292296170e-01,3.002100680089076157e+00
2.968847293706953216e+00,3.351593961726527238e-01,3.091579815398693309e+00
3.252233923777462010e+00,-1.777377000690369135e-01,3.145813359587695590e+00
3.113522915037116423e+00,5.687115403794767987e-02,3.233197168554058809e+00
3.148034872853835875e+00,1.805617518193476656e-01,3.163778630492417587e+00
3.203131654008272822e+00,1.852315712748642262e-01,3.107660453027629277e+00
2.902354606154316397e+00,-1.129680692548761800e-01,3.226588584371992141e+00
3.127287146725314049e+00,9.828211860322527693e-02,3.134239716231455919e+00
3.112889841363759125e+00,1.554204196027302864e-01,3.202054081254151363e+00
3.042757303150160020e+00,2.166715649632212359e-01,3.301733798416875754e+00
3.035845943633599386e+00,-3.595170133619750574e-01,3.381112132249652458e+00
3.202760729225720748e+00,-2.723709978903230550e-02,2.987752066262400863e+00
3.147065618253441777e+00,2.012789209073902186e-02,3.245186744391256539e+00
3.131486479882876761e+00,-4.429993627017754509e-02,3.097333431513435542e+00
3.134054141649169622e+00,-2.279905555773815151e-01,3.048342702241386704e+00
3.308196736595853338e+00,-9.181145246987404418e-04,3.198801223249453152e+00
3.409033182076119939e+00,3.524788959237231678e-01,3.247600582295542715e+00
3.318232162980003785e+00,-9.373195432911611905e-03,3.235998028577434571e+00
3.139078189346512282e+00,1.978836566230026406e-01,3.114376434197428267e+00
3.116928900800926439e+00,-2.359185883274328432e-01,3.060569321176761726e+00
3.179156825593512092e+00,-7.979821742203402346e-02,3.167379810588080602e+00
3.202273083582616753e+00,-4.285040201012654815e-02,3.100675167734464388e+00
3.364332617549592452e+00,8.402906365102524866e-02,3.371957399468434868e+00
3.020494399776601391e+00,-1.222805056056738143e-02,3.259207689649272321e+00
3.270021798030888327e+00,3.011722277713960727e-01,3.144904281274144786e+00
3.169389156137862873e+00,-3.166788049172797881e-01,3.094685289126322125e+00
3.066570170724527866e+00,-6.711645283071521195e-02,3.133154717800918476e+00
3.214536589014572954e+00,-9.196047302029210224e-02,3.182590005012873480e+00
3.078532677223607905e+00,-7.212183594401909426e-02,3.040085857368966415e+00
3.067563958976191163e+00,6.595568630490378226e-02,3.038252096514619360e+00
3.162752834305722072e+00,-3.655503006817525241e-02,3.085608726804788482e+00
3.240473470202355433e+00,1.525604216154371751e-01,3.263391052865123321e+00
3.144705015987845353e+00,-1.485226103499420192e-01,3.118760035876523506e+00
3.135816228479681111e+00,-9.920965297659690985e-02,3.195239323251379382e+00
3.200620018388451893e+00,-1.484591289153175675e-01,3.408522368436837535e+00
3.207906020008818082e+00,1.905118690090123190e-01,3.154815442598703612e+00
3.017110911247024685e+00,-8.703170388365516486e-02,2.984216127260843621e+00
3.053869145597537749e+00,1.444621970792435706e-01,3.190615378591770579e+00
3.185673279359411136e+00,9.848682973954145381e-02,3.165823377987926790e+00
3.341520220345136405e+00,1.887933903419713663e-02,3.069881441936811228e+00
3.008728389569974127e+00,-3.714383617534591231e-01,3.147545737638814956e+00
3.105871967945781797e+00,-1.583020390182212633e-01,3.270103082048875009e+00
2.976112585383225984e+00,1.547042631728244577e-01,3.210203112407077786e+00
3.332857183392489819e+00,-3.026688215056438924e-01,3.134648327509910182e+00
2.984061514679901883e+00,-1.621460434056131439e-01,3.257697500609069152e+00
3.366992457861226029e+00,-8.131446364241655400e-02,3.055636263197864189e+00
3.196908801481136653e+00,-1.953595936960477175e-01,3.223939922901907007e+00
3.127715876933268913e+00,-4.158717606552317370e-02,3.009886201109646997e+00
3.181117549195539684e+00,-2.705837176022144464e-01,3.090232912057125247e+00
3.331808797724520321e+00,9.321370320104062357e-02,3.197502486875913430e+00
3.061400088522963525e+00,8.517097704329307239e-02,3.043307479427872497e+00
3.412486656851069000e+00,-5.054275476413634394e-01,3.267734629240150568e+00
3.300922042477901996e+00,-1.279726207430028351e-01,3.113710328482920175e+00
3.189408288489948173e+00,-1.817633037134356866e-01,3.053801899751781956e+00
3.235279955769856830e+00,9.553797340752563649e-02,3.283123352672689954e+00
3.064341155079272294e+00,1.141024392202657084e-01,3.106129336918221018e+00
3.170748071107909016e+00,-3.601877122054458757e-02,3.112981364073963420e+00
3.216118875944477651e+00,1.820808772357145888e-01,3.200330766048272935e+00
3.153390757228910157e+00,3.744257623289854592e-02,3.265947051293528247e+00
2.982973470115001469e+00,-1.759570352554613859e-01,3.545408928657501235e+00
3.343887918410548110e+00,-9.037347055373977367e-02,3.090569602867826671e+00
3.030387921053195210e+00,1.241112950356817041e-01,3.082438344859664614e+00
3.140344968195380115e+00,1.132576406645012523e-02,3.066370467121211973e+00
3.163259865199555154e+00,2.949374455729599637e-02,3.162192471161053398e+00
3.225045892995456409e+00,-1.556039452714270965e-01,3.036946952189357951e+00
3.272285753274112974e+00,-8.661153663036792738e-02,3.278377228528164711e+00
3.220698886340866096e+00,-2.759803869506868151e-02,3.372726157990740159e+00
2.968982253188671816e+00,-2.786219907098699822e-01,2.885025358039800203e+00
3.083246260214780321e+00,3.258069717503463136e-02,3.019851449071717653e+00
3.156135179205326935e+00,-4.937368398702901562e-02,2.943017996603705555e+00
3.179153724544268034e+00,-1.676601962945772351e-01,3.121705250538551635e+00
3.268102379164627536e+00,-2.924159430105011809e-02,3.071440273983713443e+00
3.324582416240413618e+00,-1.383681303529467055e-01,2.978634130591805818e+00
3.236706316666266847e+00,-2.313812953029976693e-01,3.167670694305673162e+00
3.196058138678725680e+00,-1.265213984270451841e-01,3.326651559087722809e+00
3.083650210923734480e+00,-1.469918645527442391e-01,3.060224451582266081e+00
3.164506107398249668e+00,2.695066679956739097e-01,3.211009131889623003e+00
3.132689270924026825e+00,1.244208856219838344e-01,3.308882045147102602e+00
3.184184640919002884e+00,-3.167029282294801518e-01,3.231415833012460492e+00
3.027530414944799464e+00,6.388138283229148617e-02,3.340316341656973886e+00
3.274812747571108407e+00,-3.285009620373847139e-01,3.081518797792865971e+00
3.125117085737993072e+00,3.423285268330236719e-02,3.078346420062268773e+00
3.189455960118963596e+00,-1.630141781922795075e-01,3.279721344433107699e+00
3.208708723575742550e+00,-3.065088910575157477e-02,3.322387871776969259e+00
3.195888230824028842e+00,2.632314825150891546e-01,3.161648675188492685e+00
3.170094319004090000e+00,-2.377786508416868810e-02,3.056421335894495162e+00
3.255704615002220415e+00,-7.196838378973628714e-02,3.027162067139044677e+00
3.402823883687088102e+00,7.063290420863904684e-02,3.159708759410313039e+00
3.043423034485269962e+00,-2.044922224956621792e-02,3.197652117358175783e+00
3.373586003063987260e+00,2.201734451344718735e-01,3.105724732742767724e+00
3.025762290658721820e+00,-1.002617824782149059e-01,3.197655426966068415e+00
3.231334016406437026e+00,4.013379201792255380e-02,3.133457712027384989e+00
3.179525835880980811e+00,-2.577957725903392422e-02,3.216021679681676293e+00
3.104925701482297296e+00,1.261575382468247547e-02,3.195652203794056234e+00
3.324453889046138144e+00,2.879828022421317829e-02,3.143503127162624367e+00
3.182683726810868752e+00,-1.725716043435405848e-03,3.075702487691571729e+00
3.141622704522213372e+00,1.020714695794953664e-01,3.132581388292147828e+00
3.002643820815298348e+00,1.923907094790196920e-02,3.126371894908008375e+00
3.062447656951126529e+00,-1.701290844628259580e-01,3.000506485603156914e+00
2.991191722894775307e+00,-2.376180249077210482e-01,3.151235629341694544e+00
3.242936231359214272e+00,1.319456614328889388e-01,3.336955791876218935e+00
3.047980185771656636e+00,3.297806800357059864e-01,3.199864492506739211e+00
3.265815512984023616e+00,8.491035612857432413e-03,3.129898302937821786e+00
3.263316919549717809e+00,-9.799555899542827797e-02,2.986433194587434947e+00
3.119058409854888581e+00,-1.051232091756160725e-01,3.164594403434909609e+00
3.147619226271031412e+00,-4.819623989334027338e-03,3.012799626524469421e+00
3.053800435807885183e+00,-1.517551644180878401e-01,3.214385865809795906e+00
3.115294126668382457e+00,1.674372332097779636e-01,3.001794979254361895e+00
3.212646048483872363e+00,-2.875803675217507571e-01,3.082343175288827286e+00
3.172187314485068299e+00,5.091153042255051192e-03,3.201276528051325343e+00
3.311177575176632804e+00,4.607420972342979315e-02,3.214758791818199679e+00
3.193286125232161154e+00,-2.327156785277069984e-01,3.232709031366721053e+00
3.295881305546174644e+00,-1.407152247008794099e-01,3.038519668064575630e+00
3.332678759189409146e+00,-2.002272649257162973e-01,3.031374278030821934e+00
3.286500069592895645e+00,1.482873977974923929e-01,3.087651833661124279e+00
3.089954592347064821e+00,1.933543772797003540e-02,2.862783311594407909e+00
3.207376126524564164e+00,-2.352181543463724711e-01,2.994832029981072452e+00
3.299166746845823006e+00,4.241553541730432031e-02,3.203698269585892433e+00
3.109291026941596758e+00,-1.825399282529633922e-03,2.988873546114358071e+00
3.305253461543598448e+00,5.075896231756218263e-02,3.253724740061217702e+00
3.370470999428607062e+00,2.355722271166583170e-01,3.079409579824576415e+00
3.129067224150487547e+00,1.442533493513202536e-01,3.195717803560135462e+00
3.113285428320227588e+00,1.752382808772637024e-01,3.212336702438373770e+00
3.161977846347824972e+00,-7.340843750108150267e-02,3.256087228225748476e+00
3.144902763441855598e+00,2.695420981524912149e-02,3.077055757754771470e+00
3.196617925972883079e+00,-1.692355634927624197e-01,3.107178331487378653e+00
3.265388323941072812e+00,2.413028833662140410e-02,3.187930310772697062e+00
3.167113486829567837e+00,-2.050164154536509853e-01,3.184084470838809633e+00
3.380624973974620140e+00,1.034367342323014860e-01,3.012839090373267581e+00
3.136680901690879875e+00,1.300237612480494021e-01,3.186276513556468792e+00
3.134977858410148421e+00,-1.007035907525411292e-02,3.147783380623722760e+00
3.302836011843725661e+00,-9.457718077391215339e-02,3.224648059383118159e+00
3.003013088672173314e+00,-4.049687457585597894e-01,3.218191486380420852e+00
2.941982522425017343e+00,9.345588237285702704e-02,3.065598670630428124e+00
3.076373071418997629e+00,3.137749934626100079e-01,3.174042316215712312e+00
3.051313727470021053e+00,2.007529625512909366e-01,3.317387714666362175e+00
3.079423239813201985e+00,1.465703423536698080e-01,3.153360378443282208e+00
3.206458392879702579e+00,-2.083820887376595654e-01,2.953634096986665902e+00
3.173995652974988424e+00,-1.777702471474414958e-01,3.284728691321681548e+00
3.335746922797070191e+00,1.271790797696609465e-01,3.209368075180552893e+00
2.955796617406918791e+00,3.296242441311616166e-03,3.208878897285039944e+00
3.086207425874724297e+00,-2.257342770404906218e-02,3.346964034768834750e+00
3.080536031862787461e+00,-5.707292051492193763e-02,3.085982500510401572e+00
3.171778488681405328e+00,1.262161011444036807e-01,3.106572725287625403e+00
3.249497443435571231e+00,-9.757708427028195710e-04,3.236499557787068770e+00
3.268944064018040496e+00,-6.604493173583904364e-02,3.157728009336728814e+00
2.930537130265917334e+00,-8.935978243538503230e-02,3.355775709046271871e+00
3.117967017170079291e+00,-2.289130081236797620e-01,3.119303259401331019e+00
3.318829251518378154e+00,-1.144983100215360289e-01,3.234771203179913623e+00
3.039010103033128907e+00,7.572868273091642143e-03,3.000100953527553571e+00
3.232785475159257071e+00,2.280836465329336323e-03,3.051874497924349505e+00
3.247428769928137005e+00,2.956745601713576047e-02,2.991190014524858665e+00
3.322660090416584833e+00,8.146387869417551567e-04,3.075795585260893361e+00
3.106963600831678551e+00,1.128696120271594772e-01,3.118079706590431321e+00
3.176878763997261323e+00,-2.647388761729969897e-02,3.060215106597533374e+00
3.269827500823480282e+00,1.102941664104825498e-01,3.230277106462033476e+00
3.201381458638701272e+00,-1.326278768701373845e-01,3.112093416716924743e+00
3.245488035436406182e+00,-2.141411986501129405e-01,3.196386096232679552e+00
3.305277099179579015e+00,-7.136519275417621544e-02,3.187355923510778677e+00
3.310518866208656874e+00,-1.958998968189840789e-02,3.078504354805078780e+00
3.202537898272883599e+00,-2.285113646218697447e-01,3.250090281533176473e+00
3.193392196198382216e+00,-1.041445269786043931e-01,3.155924000067911184e+00
3.175586918056010344e+00,2.398600231557318774e-01,3.258016782344754780e+00
3.121115544669862185e+00,1.749442782689015763e-01,3.184055866990398886e+00
3.010942365590878023e+00,-1.522545611053681691e-01,3.244386680335006989e+00
3.390641834733956639e+00,-3.615454007397213981e-02,3.026519393781665457e+00
3.216192255857882820e+00,-9.337977075943407201e-02,3.036190840685041081e+00
3.204989318948107346e+00,1.811584234050314700e-03,3.163420436065491614e+00
3.259544663243766127e+00,1.963260632080142953e-01,3.178758970549856677e+00
3.270913018445268605e+00,2.734548898145038390e-02,3.209230452874381356e+00
3.184817625075209602e+00,6.591900961863798869e-02,3.328656065739163061e+00
3.189242263705397207e+00,1.433697427873508734e-01,3.323103189525086876e+00
3.155911480250659817e+00,2.157419060768341890e-01,3.204738438250177346e+00
3.197231103718596756e+00,-1.740763132489876741e-01,3.204495907323024362e+00
3.185082319908437487e+00,-7.725230626929210920e-02,3.172232937078790282e+00
3.094073489950653677e+00,2.424730850644969335e-03,3.218216714093457664e+00
3.168441139233801884e+00,7.216711440558772062e-02,3.288379526159284527e+00
3.090054377821515263e+00,-8.735965103599835357e-03,3.161937963707451615e+00
3.320004702733496682e+00,3.050426521249928816e-02,2.939118530984437427e+00
3.105298903167073021e+00,-7.012885069982797981e-02,3.115647037905448169e+00
3.037390429767144795e+00,1.951651319519033534e-01,3.255022217314695432e+00
3.261301591052934601e+00,-1.282855431648135536e-01,3.085416388611832872e+00
3.161616575959090625e+00,1.959128660708361058e-01,2.956386658254468891e+00
3.090119416587662204e+00,7.346033941219252961e-02,3.200644391024259239e+00
3.249935882683137489e+00,-6.773628489607814995e-02,3.073496322471115150e+00
3.006123298097558738e+00,-2.993642644192860414e-01,3.279680246332712379e+00
3.084125454449292203e+00,-1.339973282791262765e-01,3.165916526036157030e+00
2.836015883946729321e+00,9.721342730120303630e-03,3.306453866683928489e+00
3.075869767403741850e+00,1.284059497725554763e-02,3.110753523178104274e+00
3.048204466112444777e+00,1.623478679222872256e-01,3.092735597101786915e+00
3.107186207557047108e+00,2.387159027791378174e-01,3.113231167810131428e+00
3.194649334469707114e+00,7.249000476485367717e-02,3.040638221238798788e+00
3.316575966720474167e+00,-1.512075446995787484e-02,3.170615826597792175e+00
3.212413423671912849e+00,1.910873733660047036e-01,3.169575723317407778e+00
3.281774498732451750e+00,4.874082241300364132e-02,3.228796528635644592e+00
3.187127947685057361e+00,-1.354287205692619733e-01,3.194804185460402124e+00
3.090197856832836099e+00,-5.448541928563104680e-02,3.179262983870482451e+00
3.052924221986540676e+00,9.298065139692568426e-02,3.136809059031311353e+00
3.264668663317257913e+00,1.826035602857380494e-02,3.139338434104375963e+00
3.287307521651960940e+00,5.129274734633904043e-02,3.168578204972425816e+00
3.207626126826285784e+00,-1.658668444907499540e-01,3.112770757560707313e+00
3.080950300236181327e+00,-2.029756869325975432e-01,3.198170971111568672e+00
3.134019222798092308e+00,6.820382644807826411e-02,3.091923191017200256e+00
3.176863315360935136e+00,-9.058102934799350248e-02,3.190536976238915301e+00
3.290735852142108619e+00,1.728851046183650098e-01,3.024748680818645230e+00
3.199823686625496322e+00,3.197730772925030940e-02,2.816304270792098219e+00
3.144876707101095015e+00,1.469184588678139336e-01,3.204703843843170308e+00
3.217000905572214631e+00,-2.165498158016519042e-02,3.293968878224274643e+00
3.328279594556136978e+00,1.083215653306760645e-01,3.150957261961619071e+00
3.004024559352673318e+00,2.390197810632087860e-01,3.015453615835158363e+00
3.021003746399941736e+00,-6.474477315985334436e-02,3.066968998303551963e+00
3.156437456502767969e+00,-8.764723229724814824e-02,3.152451973156817466e+00
3.234472762436308990e+00,-9.607147870999574457e-02,3.185433783882670067e+00
3.128333674724186331e+00,2.765114588279201091e-01,2.967313316031552795e+00
3.250272957489940495e+00,-8.692181841156242095e-02,3.277412753065272799e+00
3.146507118218242027e+00,8.208416390505601790e-02,3.160063884113077037e+00
3.250173640298636979e+00,-2.381836258725323306e-03,3.069398795575163597e+00
3.116720344171842516e+00,2.046047820300101600e-02,3.083977455844843618e+00
3.087467589024138093e+00,1.319078270755649762e-01,3.064932216925605690e+00
3.164938642751229825e+00,-3.036213186717381940e-01,3.047442102983734635e+00
3.233821186867329889e+00,-4.993333567714822174e-02,3.109536733465220415e+00
3.147214404877249461e+00,4.926297950594378527e-02,3.367781921819043678e+00
3.172063349332716609e+00,-2.364603035273487308e-01,3.252891096505519108e+00
3.073358902372361978e+00,-2.631495008681403180e-01,3.046818812710667235e+00
3.271397052277911222e+00,3.413268231502500361e-01,2.985383060583198578e+00
3.120013766203032723e+00,-2.558036529251568880e-01,3.223839287876225423e+00
3.259801949165644253e+00,1.198195915047422788e-01,3.420541319075649067e+00
3.219241812901370903e+00,-6.538233174109958634e-02,3.061716205726198847e+00
3.201552804155233911e+00,-1.216141209223670638e-01,3.008984800447726204e+00
3.197216628652136627e+00,9.903800699177399414e-02,3.222242847844611902e+00
3.265358784855129315e+00,-2.623918891121508959e-02,3.237372473491015867e+00
3.233862000995149977e+00,-6.596521984413190876e-02,3.195764087130936737e+00
3.155439918519609588e+00,-2.331091031480367684e-02,3.132842089960814036e+00
3.090423006940662187e+00,-2.016085921605027254e-01,3.204413758480287200e+00
2.940636936584832828e+00,2.648003926591500079e-01,2.931980616387731775e+00
3.292266341412136033e+00,1.123141618792703328e-01,3.341872592891419913e+00
3.011188193050176487e+00,8.521306409522381997e-02,3.222038857981940119e+00
3.311251942395771142e+00,-1.624915049479731533e-01,2.982884512471214666e+00
3.071798167061706941e+00,-8.185557320807028414e-02,3.252670916248446176e+00
3.164637483528751627e+00,-1.513668893092106893e-01,3.190546645467312370e+00
3.060011559484459465e+00,1.936752338427177589e-01,3.134694066142238444e+00
3.059164920814211541e+00,-2.118346496673175483e-01,3.205903847104980109e+00
3.008929379300444573e+00,1.556718177305336792e-01,3.160905381485114685e+00
3.291399016709966041e+00,-7.549331619567677121e-02,3.009564167024933568e+00
3.068066217248182515e+00,-4.199266835012912535e-01,3.160598818242392305e+00
3.054492499797789140e+00,-1.675478413309000325e-01,3.128723093633771324e+00
3.183320889682008215e+00,-2.185711145043133519e-01,3.158153208234422138e+00
3.256941021544446979e+00,2.743113318528522110e-02,3.248760981951591909e+00
2.985394673124249554e+00,-2.521338503785116036e-01,3.096140014173377697e+00
3.174537143075663259e+00,1.576514300107531019e-01,3.071620530806488780e+00
2.851487743615849890e+00,-3.701672767514367912e-01,3.333882031770787346e+00
3.030873616479746069e+00,1.522627509308041860e-01,3.061336772231093573e+00
3.194818267385767907e+00,3.022056541971808175e-01,3.122545848182271655e+00
3.143596123279364107e+00,-2.109975142665694026e-01,3.000486302220817691e+00
3.168566468122588020e+00,2.160098407637917328e-01,3.058060465748190904e+00
3.202903148937023659e+00,1.679843141764930936e-01,3.227370345677604835e+00
3.146027344881708210e+00,-1.410299651960831291e-01,3.038988926350459252e+00
3.104201601997554683e+00,-8.493457567991602453e-02,3.239369335929526361e+00
3.088284958942090430e+00,-7.577054154852644330e-02,3.117526011263036523e+00
3.138779574930085303e+00,3.543390626493891915e-01,3.147436958756681502e+00
3.217876384056087780e+00,-1.983318529120766949e-01,3.067392380074172920e+00
3.250397045306407051e+00,-8.684601063773873027e-04,2.994812339117974176e+00
3.077558596833499305e+00,1.717720976086317408e-01,3.266389020457700187e+00
3.255647354921245462e+00,-3.864721141061545212e-02,3.050795214403692057e+00
3.081767495051670469e+00,-1.485392057820343614e-01,3.139119056084350046e+00
3.238260041580755200e+00,-1.277623596425334074e-01,3.016195805699275478e+00
3.152075986302803390e+00,-1.167226309585502053e-01,3.175494301493863691e+00
3.102594418975547885e+00,-9.995932032222156274e-03,3.051425012202019893e+00
3.126116295150695557e+00,2.628608825092611234e-02,3.122894639108401371e+00
3.221645536232150331e+00,-2.221761672350170413e-01,3.256068093298058574e+00
2.963719780413634819e+00,-3.534363733191567963e-02,3.186521737407774335e+00
3.087304421477166105e+00,3.537131642587891256e-01,3.203703783211192313e+00
3.013463200712100942e+00,1.388342039097560099e-01,3.233161232889143921e+00
3.360788514560497653e+00,-1.422143745000375714e-01,3.176240805686481927e+00
3.114196766095301161e+00,3.136000041489330759e-01,2.914914599850925825e+00
3.259054407863264391e+00,-1.811556755371291350e-01,3.022529962234519640e+00
3.194201988055000108e+00,-1.600898436356236187e-01,3.016809970893958859e+00
3.234340946387163740e+00,-1.335361076165572924e-01,3.173798510493292202e+00
3.093275955499660501e+00,-1.990392343208666759e-01,3.123806302008545810e+00
3.101856863191705838e+00,-6.104665048131723004e-03,2.988119866512456202e+00
3.239375373483443621e+00,-2.754883581922251690e-01,2.961307598177780331e+00
3.341465752632998942e+00,9.343409652992035186e-02,3.162483934425270871e+00
3.323862185233105837e+00,7.420505001158876797e-03,3.176496992467736646e+00
3.164435058365924203e+00,-2.936075959287686166e-01,3.158874044699406358e+00
3.115322049321146647e+00,-2.567528039606404786e-02,3.208070003698853423e+00
3.213255467425368384e+00,-2.532786701336324220e-01,3.288881177017618729e+00
3.059476677214100437e+00,1.637730941132430063e-02,3.051756255225043013e+00
3.199704410385613151e+00,2.592837646988546130e-01,3.060073261496566221e+00
3.102074531680012903e+00,2.130527302816896673e-02,3.161285709777151176e+00
3.006169686489565507e+00,-1.659107479457398449e-01,3.166990113804218687e+00
3.296285644851044694e+00,1.722644944965618860e-02,3.173803543738307198e+00
3.153510844783844025e+00,-4.909031966306092593e-02,3.296796390247601405e+00
3.165288739473853141e+00,8.689249078869336340e-02,3.194008867372992722e+00
3.224237738865228575e+00,-1.663220739524295666e-01,3.271743915879111508e+00
3.169422778101978810e+00,-8.119296671824582923e-02,3.057799844047196736e+00
3.034945097209225118e+00,8.798613282274685143e-02,3.145037789513746240e+00
3.020068682241712654e+00,-8.349877815173178952e-02,3.327153869946375853e+00
3.307472203690889234e+00,-1.127233583981451653e-01,3.116779881705344923e+00
3.309125619033982169e+00,-2.529288613128031007e-02,3.059295814364107358e+00
3.271918478266236718e+00,-1.338218228224530640e-02,3.220047416828695663e+00
3.170292655502359391e+00,1.098749887720664314e-01,3.036057525061757190e+00
3.168416935185436323e+00,-1.342886886742340469e-01,3.174049324372671066e+00
3.181905996374790657e+00,-2.616514160635816655e-01,3.031127812753441564e+00
3.235697512486304550e+00,-2.466642035279196024e-02,2.974868244446794652e+00
